row_index,csv_line,key,salt,solvent,concentration,cation,anion,solvent_key,mw_solvent,mw_salt,n_solvent,n_salt,solv_per_ion_pair,box_build_nm,n_atoms_est,solvent_ff,clamped,stage
0,2,elf35763229972,[Li+].[N-](S(=O)(=O)F)S(=O)(=O)F,CCC1(OC(=O)OC)CCC(C)C1,0.3,Li,FSI,S21b3f288896b,186.251,187.074,1108,64,17.312,8.1683,34988,True,False,not_built
1,3,el7597ba7690c5,[Li+].[N-](S(=O)(=O)F)S(=O)(=O)F,CC1C(=O)C2CCCC2C1=O,1.32,Li,FSI,S94838a92d05e,152.193,187.074,272,64,4.25,4.9848,6896,True,False,not_built
2,4,elac561a4f091a,[Li+].[N-](S(=O)(=O)F)S(=O)(=O)F,CCON(C)C(C)C1CCCS1,0.66,Li,FSI,S25d091ed29f0,189.324,187.074,475,64,7.422,6.2804,15365,True,False,not_built
3,5,elf175f5db8ef1,[Li+].[N-](S(=O)(=O)F)S(=O)(=O)F,CCCCC1CC1C1C(=O)CCC1C,1.5,Li,FSI,S36c1e53a8081,194.318,187.074,183,64,2.859,4.7768,7228,True,False,not_built
4,6,elf7bea05a86d1,[Li+].[N-](S(=O)(=O)F)S(=O)(=O)F,CC1COCCCC1(C)C,0.74,Li,FSI,S76cb98704df3,142.242,187.074,559,64,8.734,6.0454,16292,True,False,not_built
5,7,el236676f27590,[Li+].[N-](S(=O)(=O)F)S(=O)(=O)F,CCC(=O)C(CCC(C)C)OC,1.19,Li,FSI,S66cc5bdb407d,172.268,187.074,271,64,4.234,5.1601,9312,True,False,not_built
6,8,elacfce19e9bbb,[Li+].[N-](S(=O)(=O)F)S(=O)(=O)F,CCC1CCCC(=O)C1Cl,0.66,Li,FSI,S97aa1623b0ae,160.644,187.074,560,64,8.75,6.2804,13520,True,False,not_built
7,9,eld8b3c47d745e,[Li+].[N-](S(=O)(=O)F)S(=O)(=O)F,CC(C)C(C)CCCC(=O)C#N,0.43,Li,FSI,S11dbf603976a,167.252,187.074,848,64,13.25,7.2446,25232,True,False,not_built
8,10,el838b41ea013e,[Li+].[N-](S(=O)(=O)F)S(=O)(=O)F,CCCC(=O)OSC,1.46,Li,FSI,Se3f549a5d23b,134.2,187.074,274,64,4.281,4.8201,5572,True,False,not_built
9,11,el4e7b20fdc6c9,[Li+].[N-](S(=O)(=O)F)S(=O)(=O)F,CC(=O)C1C2CCC(CSC2)C1C,0.3,Li,FSI,S4d0c8ac3ea88,198.331,187.074,1040,64,16.25,8.1683,32880,True,False,not_built
10,12,el470d3e924b56,[Li+].[N-](S(=O)(=O)F)S(=O)(=O)F,CCC1CCC2C3CCC3OC(=O)C12,1.14,Li,FSI,Scc9eb242aee3,194.274,187.074,253,64,3.953,5.2344,8736,True,False,not_built
11,13,el95d8465bee30,[Li+].[N-](S(=O)(=O)F)S(=O)(=O)F,CCC(CCC(C)C(C)C)OC,0.43,Li,FSI,S2d7695c3830d,172.312,187.074,823,64,12.859,7.2446,30268,True,False,not_built
12,14,elae6508ce0781,[Li+].[N-](S(=O)(=O)F)S(=O)(=O)F,CCS(=O)(=O)CCCC(C)(C)C,0.43,Li,FSI,S0784587f49f4,192.324,187.074,737,64,11.516,7.2446,24224,True,False,not_built
13,15,el501f72c1362c,[Li+].[N-](S(=O)(=O)F)S(=O)(=O)F,CCCC1(C)CC(=O)C12CCCC2C,0.57,Li,FSI,Sa6089f35064a,194.318,187.074,542,64,8.469,6.595,20152,True,False,not_built
14,16,ela0d88377e306,[Li+].[N-](S(=O)(=O)F)S(=O)(=O)F,CCCC1C2CCC(C)C(C)C12OC,0.7,Li,FSI,Sd7bdaf9f3368,196.334,187.074,430,64,6.719,6.1585,16980,True,False,not_built
15,17,el794cf0ef024c,[Li+].[N-](S(=O)(=O)F)S(=O)(=O)F,CCC1(C#N)CCCCC(=O)O1,1.1,Li,FSI,S42a5d3df1f5a,167.208,187.074,306,64,4.781,5.2971,8290,True,False,not_built
16,18,el298f4dddb774,[Li+].[N-](S(=O)(=O)F)S(=O)(=O)F,CCC1(C(C)(C)C)OOC1=O,1.28,Li,FSI,S11daa9807048,158.197,187.074,272,64,4.25,5.0362,7440,True,False,not_built
17,19,elcd935fbcaf9f,[Li+].[N-](S(=O)(=O)F)S(=O)(=O)F,CC(F)C(=O)C1(C)CCCO1,1.41,Li,FSI,S689754e2e743,160.188,187.074,239,64,3.734,4.8764,6376,True,False,not_built
18,20,el50816680a48b,[Li+].[N-](S(=O)(=O)F)S(=O)(=O)F,CCC(C)(C)CCC(=O)N1CCCO1,0.48,Li,FSI,Sbfb28e1331c0,199.294,187.074,634,64,9.906,6.9838,22830,True,False,not_built
19,21,el4bf030141572,[Li+].[N-](S(=O)(=O)F)S(=O)(=O)F,CCC(C)C(OOC)C(C)C(C)C,1.32,Li,FSI,S8bb7ec38e979,188.311,187.074,220,64,3.438,4.9848,8780,True,False,not_built
20,22,el6f84d3a04935,[Li+].[N-](S(=O)(=O)F)S(=O)(=O)F,CCC(CC)OC1CC(=O)CC1CC,0.34,Li,FSI,Sd8d51051b665,198.306,187.074,914,64,14.281,7.8345,33544,True,False,not_built
21,23,el2183aad06a0f,[Li+].[N-](S(=O)(=O)F)S(=O)(=O)F,CC(=O)CC1C(C)C2CCC1(C#N)C2,0.48,Li,FSI,S9c808b11287f,191.274,187.074,660,64,10.312,6.9838,21100,True,False,not_built
22,24,ela37909e71322,[Li+].[N-](S(=O)(=O)F)S(=O)(=O)F,CCCC(C)OC(=O)OC(C)=O,0.66,Li,FSI,Sd65f75c3bea9,174.196,187.074,516,64,8.062,6.2804,14056,True,False,not_built
23,25,el7028b6a30df3,[Li+].[N-](S(=O)(=O)F)S(=O)(=O)F,CCC12CC(CCCCC1=O)C2,0.88,Li,FSI,S6025d9407903,166.264,187.074,395,64,6.172,5.7062,12490,True,False,not_built
24,26,elf5acc8607211,[Li+].[N-](S(=O)(=O)F)S(=O)(=O)F,CCCOC(=O)C(C)C1CCC1CC,0.79,Li,FSI,S2c3975e95d78,198.306,187.074,373,64,5.828,5.9151,14068,True,False,not_built
25,27,el3eb110286f09,[Li+].[N-](S(=O)(=O)C(F)(F)F)S(=O)(=O)C(F)(F)F,CC12CCC3CCC(C1)C2COC3,1.1,Li,TFSI,S8f5ff86e310c,180.291,287.088,263,64,4.109,5.2971,9703,True,False,not_built
26,28,elc737a74db855,[Li+].[N-](S(=O)(=O)C(F)(F)F)S(=O)(=O)C(F)(F)F,CCCC(=O)C(=O)OC,0.88,Li,TFSI,S350f767980e6,130.143,287.088,476,64,7.438,5.7062,10068,True,False,not_built
27,29,el312023535025,[Li+].[N-](S(=O)(=O)C(F)(F)F)S(=O)(=O)C(F)(F)F,CC1C(=O)C2CCCC2C1=O,0.92,Li,TFSI,S94838a92d05e,152.193,287.088,386,64,6.031,5.6222,9902,True,False,not_built
28,30,elcc70c0acb705,[Li+].[N-](S(=O)(=O)C(F)(F)F)S(=O)(=O)C(F)(F)F,CC(=O)C(C)C1CC(C)C(C)C1,0.39,Li,TFSI,Sbb03007c1b66,168.28,287.088,911,64,14.234,7.4843,30176,True,False,not_built
29,31,el414a179bb393,[Li+].[N-](S(=O)(=O)C(F)(F)F)S(=O)(=O)C(F)(F)F,CC1CC2CC(C2)C(C)C(=O)OC1C,1.32,Li,TFSI,S06b428d05009,196.29,287.088,192,64,3.0,4.9848,7552,True,False,not_built
30,32,el88539cc97723,[Li+].[N-](S(=O)(=O)C(F)(F)F)S(=O)(=O)C(F)(F)F,CCCC(=O)OSC,0.43,Li,TFSI,Se3f549a5d23b,134.2,287.088,1029,64,16.078,7.2446,19546,True,False,not_built
31,33,el0d3cc76cbee4,[Li+].[N-](S(=O)(=O)C(F)(F)F)S(=O)(=O)C(F)(F)F,CCCCC(C)(CC)CCC(C)=O,0.52,Li,TFSI,S7a6b389b9d55,184.323,287.088,609,64,9.516,6.7999,23557,True,False,not_built
32,34,elbaea912bc037,[Li+].[N-](S(=O)(=O)C(F)(F)F)S(=O)(=O)C(F)(F)F,COC(=O)OCC(=O)C(=O)C(C)C,0.88,Li,TFSI,S8f1340067aec,188.179,287.088,329,64,5.141,5.7062,9249,True,False,not_built
33,35,el062b42f57acd,[Li+].[N-](S(=O)(=O)C(F)(F)F)S(=O)(=O)C(F)(F)F,COC(=O)CC1CCCCCC(C)C1,1.5,Li,TFSI,Se3c12237517c,198.306,287.088,161,64,2.516,4.7768,6820,True,False,not_built
34,36,el02617350b870,[Li+].[N-](S(=O)(=O)C(F)(F)F)S(=O)(=O)C(F)(F)F,CCC(C)CC(C)=O,0.7,Li,TFSI,Sdc50030926ce,114.188,287.088,706,64,11.031,6.1585,16556,True,False,not_built
35,37,el6643f0efc1bf,[Li+].[N-](S(=O)(=O)C(F)(F)F)S(=O)(=O)C(F)(F)F,CCC(=O)C(CCC(C)C)OC,0.74,Li,TFSI,S66cc5bdb407d,172.268,287.088,439,64,6.859,6.0454,15072,True,False,not_built
36,38,elb5cf8685ae08,[Li+].[N-](S(=O)(=O)C(F)(F)F)S(=O)(=O)C(F)(F)F,CCOC(=O)CC1CC1C1CCCC1,0.61,Li,TFSI,S7a56115b4c36,196.29,287.088,479,64,7.484,6.4476,17310,True,False,not_built
37,39,el7c816e5f3886,[Li+].[N-](S(=O)(=O)C(F)(F)F)S(=O)(=O)C(F)(F)F,CCCCC(=O)C(C)C(C)OC,0.83,Li,TFSI,S33048bd02f4d,172.268,287.088,385,64,6.016,5.8185,13344,True,False,not_built
38,40,eldb1df5920079,[Li+].[N-](S(=O)(=O)C(F)(F)F)S(=O)(=O)C(F)(F)F,CCC(C)OC(=O)CSC,1.32,Li,TFSI,Sbb7fa83b9196,162.254,287.088,232,64,3.625,4.9848,6592,True,False,not_built
39,41,el5884842047fd,[Li+].[N-](S(=O)(=O)C(F)(F)F)S(=O)(=O)C(F)(F)F,CC1CC(C)(C)C(=O)CC1C(C)(C)C,0.61,Li,TFSI,Sa28fab30c970,196.334,287.088,479,64,7.484,6.4476,19226,True,False,not_built
40,42,elbd1f28abb0f4,[Li+].[N-](S(=O)(=O)C(F)(F)F)S(=O)(=O)C(F)(F)F,CCCC1CC(=O)C(C(C)C)C1(C)C,1.14,Li,TFSI,Sd86af9db6f52,196.334,287.088,231,64,3.609,5.2344,9802,True,False,not_built
41,43,eld4a52ffb2f7f,[Li+].[N-](S(=O)(=O)C(F)(F)F)S(=O)(=O)C(F)(F)F,CC1CC(C)(C)C(C)(C)CC1=O,0.7,Li,TFSI,S4096ac4c09ea,168.28,287.088,479,64,7.484,6.1585,16352,True,False,not_built
42,44,el9ab9d70e10bb,[Li+].[N-](S(=O)(=O)C(F)(F)F)S(=O)(=O)C(F)(F)F,CCCC(=O)C(C)C(C)C(C)C(C)C,0.7,Li,TFSI,S652d24891b1c,198.35,287.088,406,64,6.344,6.1585,17264,True,False,not_built
43,45,el32457280ad3e,[Li+].[N-](S(=O)(=O)C(F)(F)F)S(=O)(=O)C(F)(F)F,CCCC(C(C)(C)C)C1(CC)OO1,1.06,Li,TFSI,S80f289dbd05c,186.295,287.088,266,64,4.156,5.3629,10334,True,False,not_built
44,46,el19ab8c4f0365,[Li+].[N-](S(=O)(=O)C(F)(F)F)S(=O)(=O)C(F)(F)F,CC(CF)C1(CF)CCOC1,0.34,Li,TFSI,Se980182157d3,164.195,287.088,1081,64,16.891,7.8345,28049,True,False,not_built
45,47,ela5f6b4185729,[Li+].[N-](S(=O)(=O)C(F)(F)F)S(=O)(=O)C(F)(F)F,CCC(=O)C(C)C(CC)SC#N,0.83,Li,TFSI,Sca8850f40247,185.292,287.088,358,64,5.594,5.8185,10690,True,False,not_built
46,48,el06eb2d7bbf69,[Li+].[N-](S(=O)(=O)C(F)(F)F)S(=O)(=O)C(F)(F)F,CCC1(OC(=O)OC)CCC(C)C1,0.83,Li,TFSI,S21b3f288896b,186.251,287.088,356,64,5.562,5.8185,12060,True,False,not_built
47,49,eld80ae05da57c,[Li+].[N-](S(=O)(=O)C(F)(F)F)S(=O)(=O)C(F)(F)F,CCCCC(C)CC(=O)CC,0.39,Li,TFSI,S4c6e570a4396,156.269,287.088,981,64,15.328,7.4843,31435,True,False,not_built
48,50,elf57c8abddf41,[Li+].[N-](S(=O)(=O)C(F)(F)F)S(=O)(=O)C(F)(F)F,COC(=O)CCC1CCCCCC1C,1.14,Li,TFSI,S84e1b66e3a27,198.306,287.088,229,64,3.578,5.2344,9268,True,False,not_built
49,51,el2d0b41ef000d,[Li+].[N-](S(=O)(=O)C(F)(F)F)S(=O)(=O)C(F)(F)F,CCCCC1CC1C1C(=O)CCC1C,0.39,Li,TFSI,S36c1e53a8081,194.318,287.088,789,64,12.328,7.4843,29428,True,False,not_built
50,52,ela352c98ee58f,[Li+].[N-](S(=O)(=O)C(F)(F)C(F)(F)F)S(=O)(=O)C(F)(F)C(F)(F)F,CCC(C#N)CS(=O)(=O)CC,0.83,Li,Beti,S98fbd1dc7f19,175.253,387.102,357,64,5.578,5.8185,9976,True,False,not_built
51,53,el3869a36725aa,[Li+].[N-](S(=O)(=O)C(F)(F)C(F)(F)F)S(=O)(=O)C(F)(F)C(F)(F)F,CCC1(OC(=O)OC)CCC(C)C1,1.41,Li,Beti,S21b3f288896b,186.251,387.102,165,64,2.578,4.8764,6523,True,False,not_built
52,54,el95e78b5083eb,[Li+].[N-](S(=O)(=O)C(F)(F)C(F)(F)F)S(=O)(=O)C(F)(F)C(F)(F)F,CCCC(C)CC(C)S(C)(=O)=O,0.83,Li,Beti,S215eed19c40e,192.324,387.102,325,64,5.078,5.8185,11808,True,False,not_built
53,55,ela5687bb9faf7,[Li+].[N-](S(=O)(=O)C(F)(F)C(F)(F)F)S(=O)(=O)C(F)(F)C(F)(F)F,CCC(CC)C(C)C(=O)OC(C)C,1.14,Li,Beti,Sffb26a91871b,186.295,387.102,223,64,3.484,5.2344,9213,True,False,not_built
54,56,el9329f8de0c3f,[Li+].[N-](S(=O)(=O)C(F)(F)C(F)(F)F)S(=O)(=O)C(F)(F)C(F)(F)F,CCCCC(=O)C(C)C(C)OC,0.43,Li,Beti,S33048bd02f4d,172.268,387.102,779,64,12.172,7.2446,26336,True,False,not_built
55,57,el3dd90f5d79fb,[Li+].[N-](S(=O)(=O)C(F)(F)C(F)(F)F)S(=O)(=O)C(F)(F)C(F)(F)F,COCCC(C(C)C)C(C)C,0.34,Li,Beti,S4bbc75ff2226,158.285,387.102,1097,64,17.141,7.8345,37609,True,False,not_built
56,58,eld4fbc6228233,[Li+].[N-](S(=O)(=O)C(F)(F)C(F)(F)F)S(=O)(=O)C(F)(F)C(F)(F)F,CCC1CC(C)C1C(C)CCOC,0.97,Li,Beti,Se5d79f034af8,184.323,387.102,279,64,4.359,5.5239,11731,True,False,not_built
57,59,el92a0cd8521dc,[Li+].[N-](S(=O)(=O)C(F)(F)C(F)(F)F)S(=O)(=O)C(F)(F)C(F)(F)F,CC(=O)CCC(C)(C)C(C)C(C)C,0.3,Li,Beti,S778694cdca07,184.323,387.102,1078,64,16.844,8.1683,41294,True,False,not_built
58,60,el81f19c4be9e0,[Li+].[N-](S(=O)(=O)C(F)(F)C(F)(F)F)S(=O)(=O)C(F)(F)C(F)(F)F,CCC(CC)CC(=O)C(C)CC,0.57,Li,Beti,S7bb1936c0770,170.296,387.102,574,64,8.969,6.595,20924,True,False,not_built
59,61,el8709a6d4b697,[Li+].[N-](S(=O)(=O)C(F)(F)C(F)(F)F)S(=O)(=O)C(F)(F)C(F)(F)F,CCCCCC(C#N)(CC)C(C)=O,0.97,Li,Beti,S748cb522d6bf,181.279,387.102,284,64,4.438,5.5239,10496,True,False,not_built
60,62,el3bc3c559df22,[Li+].[N-](S(=O)(=O)C(F)(F)C(F)(F)F)S(=O)(=O)C(F)(F)C(F)(F)F,CC12CC3C4CCC35CC(C1CO5)C42,0.74,Li,Beti,S69efe6872bba,190.286,387.102,378,64,5.906,6.0454,13504,True,False,not_built
61,63,el151002b0db1c,[Li+].[N-](S(=O)(=O)C(F)(F)C(F)(F)F)S(=O)(=O)C(F)(F)C(F)(F)F,CCOC(C)OC(=O)OC,0.43,Li,Beti,Sa65afd9a774c,148.158,387.102,906,64,14.156,7.2446,21340,True,False,not_built
62,64,elefcd2c7eeea6,[Li+].[N-](S(=O)(=O)C(F)(F)C(F)(F)F)S(=O)(=O)C(F)(F)C(F)(F)F,CCC12COC(CC1C)CC2(C)C,1.28,Li,Beti,Sc89b2e9a7cc2,182.307,387.102,194,64,3.031,5.0362,8198,True,False,not_built
63,65,elfc8d5b60e7cd,[Li+].[N-](S(=O)(=O)C(F)(F)C(F)(F)F)S(=O)(=O)C(F)(F)C(F)(F)F,CCC1CCC(C)(C)C(=O)C1,1.19,Li,Beti,S0debb2ea78ce,154.253,387.102,254,64,3.969,5.1601,8774,True,False,not_built
64,66,eld6e8f331ccc1,[Li+].[N-](S(=O)(=O)C(F)(F)C(F)(F)F)S(=O)(=O)C(F)(F)C(F)(F)F,CCCC1(C)CC(=O)C12CCCC2C,1.41,Li,Beti,Sa6089f35064a,194.318,387.102,159,64,2.484,4.8764,7132,True,False,not_built
65,67,elfb44e7259eb0,[Li+].[N-](S(=O)(=O)C(F)(F)C(F)(F)F)S(=O)(=O)C(F)(F)C(F)(F)F,COC1=CSC=CC1,0.83,Li,Beti,S7646c4e68019,128.196,387.102,488,64,7.625,5.8185,9216,True,False,not_built
66,68,elc5309b69e587,[Li+].[N-](S(=O)(=O)C(F)(F)C(F)(F)F)S(=O)(=O)C(F)(F)C(F)(F)F,CCC1C(OC(C)=O)OC(=O)C1C#N,0.7,Li,Beti,S66c63f162273,197.19,387.102,390,64,6.094,6.1585,11158,True,False,not_built
67,69,el65e3da351cbb,[Li+].[N-](S(=O)(=O)C(F)(F)C(F)(F)F)S(=O)(=O)C(F)(F)C(F)(F)F,CCCC(=O)C(C)C(C)C(C)C(C)C,1.01,Li,Beti,S652d24891b1c,198.35,387.102,246,64,3.844,5.45,11248,True,False,not_built
68,70,el5955dd391dde,[Li+].[N-](S(=O)(=O)C(F)(F)C(F)(F)F)S(=O)(=O)C(F)(F)C(F)(F)F,CC1(C(=O)C2CCCCC2=O)CCC1,0.48,Li,Beti,S2c6db26ab6e2,194.274,387.102,611,64,9.547,6.9838,20960,True,False,not_built
69,71,el655167388e4d,[Li+].[N-](S(=O)(=O)C(F)(F)C(F)(F)F)S(=O)(=O)C(F)(F)C(F)(F)F,CCCC1CC2(CCCCC2)CO1,0.34,Li,Beti,S4018fef8453d,182.307,387.102,953,64,14.891,7.8345,34763,True,False,not_built
70,72,el24cdf75b1238,[Li+].[N-](S(=O)(=O)C(F)(F)C(F)(F)F)S(=O)(=O)C(F)(F)C(F)(F)F,COC(=O)OCC(=O)C(=O)C(C)C,1.1,Li,Beti,S8f1340067aec,188.179,387.102,232,64,3.625,5.2971,7208,True,False,not_built
71,73,el0fe82d94cf10,[Li+].[N-](S(=O)(=O)C(F)(F)C(F)(F)F)S(=O)(=O)C(F)(F)C(F)(F)F,CC1CC2CCCC3(CCCC3=O)C12,0.79,Li,Beti,S8b1bf3f51566,192.302,387.102,345,64,5.391,5.9151,13138,True,False,not_built
72,74,el8cc5e371d812,[Li+].[N-](S(=O)(=O)C(F)(F)C(F)(F)F)S(=O)(=O)C(F)(F)C(F)(F)F,CCC1CCCC(=O)C1Cl,0.61,Li,Beti,S97aa1623b0ae,160.644,387.102,562,64,8.781,6.4476,14334,True,False,not_built
73,75,el917865322815,[Li+].[N-](S(=O)(=O)C(F)(F)C(F)(F)F)S(=O)(=O)C(F)(F)C(F)(F)F,CC(=O)CCC1CCC(C)O1,1.19,Li,Beti,S618f437d963b,156.225,387.102,251,64,3.922,5.1601,8185,True,False,not_built
74,76,elde0d960032d0,[Li+].[N-](S(=O)(=O)C(F)(F)C(F)(F)F)S(=O)(=O)C(F)(F)C(F)(F)F,CC1CC(C)(C)C(C)(C)CC1=O,1.37,Li,Beti,S4096ac4c09ea,168.28,387.102,191,64,2.984,4.9234,7520,True,False,not_built
75,77,elc9bcbebc4716,[Li+].[B-](F)(F)(F)F,CC(=O)CC(C)CCOC(C)=O,0.97,Li,BF4,S306bd578470e,172.224,93.745,363,64,5.672,5.5239,10548,True,False,not_built
76,78,el0b55ee200037,[Li+].[B-](F)(F)(F)F,CCC1COC(C)C2CCC2C1C,0.79,Li,BF4,S73a7eb833b8f,182.307,93.745,425,64,6.641,5.9151,15259,True,False,not_built
77,79,elb88f75c93135,[Li+].[B-](F)(F)(F)F,CCCCC(OC(C)=O)C(C)(C)F,0.43,Li,BF4,S73f7060b1e00,190.258,93.745,764,64,11.938,7.2446,24832,True,False,not_built
78,80,ele4130ef7fb7d,[Li+].[B-](F)(F)(F)F,CCC(C)CC(C)=O,1.28,Li,BF4,Sdc50030926ce,114.188,93.745,407,64,6.359,5.0362,9338,True,False,not_built
79,81,el2788879a5d04,[Li+].[B-](F)(F)(F)F,CC1CCCC2CC1COC(C)(C)C2,1.23,Li,BF4,Sc542501a432b,196.334,93.745,247,64,3.859,5.1035,9770,True,False,not_built
80,82,el58f3af94d1b3,[Li+].[B-](F)(F)(F)F,CC(C)CCOC(=O)C(C)(C)F,0.74,Li,BF4,S18cb379914cf,176.231,93.745,471,64,7.359,6.0454,14043,True,False,not_built
81,83,el2316e82aa087,[Li+].[B-](F)(F)(F)F,CC1CC2CCCC3(CCCC3=O)C12,0.92,Li,BF4,S8b1bf3f51566,192.302,93.745,343,64,5.359,5.6222,12046,True,False,not_built
82,84,el8a2fcb8785a2,[Li+].[B-](F)(F)(F)F,CC(C)C(C)CCCC(=O)C#N,0.66,Li,BF4,S11dbf603976a,167.252,93.745,559,64,8.734,6.2804,16595,True,False,not_built
83,85,el9bc5e1d1ef88,[Li+].[B-](F)(F)(F)F,CC(C)(C)c1ccc2c(c1)ON(F)O2,1.01,Li,BF4,Sfff8dded6392,197.209,93.745,303,64,4.734,5.45,8262,True,False,not_built
84,86,el174db485fccc,[Li+].[B-](F)(F)(F)F,CCC12CC1OC(=O)CCCCC2C,1.06,Li,BF4,S87be929fcdd1,196.29,93.745,290,64,4.531,5.3629,10244,True,False,not_built
85,87,ela6d2d98d91bd,[Li+].[B-](F)(F)(F)F,CCCC(CCC(F)F)C(=O)OC,1.14,Li,BF4,S3edf6137d9c9,194.221,93.745,271,64,4.234,5.2344,8243,True,False,not_built
86,88,elc4013212969b,[Li+].[B-](F)(F)(F)F,CC1C(CS(C)(=O)=O)C1(C)C,0.43,Li,BF4,Scd162cff19ff,176.281,93.745,824,64,12.875,7.2446,22632,True,False,not_built
87,89,elb13ed757beab,[Li+].[B-](F)(F)(F)F,CCC12COC(CC1C)CC2(C)C,1.1,Li,BF4,Sc89b2e9a7cc2,182.307,93.745,300,64,4.688,5.2971,10884,True,False,not_built
88,90,el68fdf80c2fad,[Li+].[B-](F)(F)(F)F,CCC(CC)C(C)C(=O)OC(C)C,1.5,Li,BF4,Sffb26a91871b,186.295,93.745,210,64,3.281,4.7768,7734,True,False,not_built
89,91,el2bd4383c3559,[Li+].[B-](F)(F)(F)F,CC1CCC(=O)CC(=O)C12CCCC2,1.23,Li,BF4,S9fc75bb3be25,194.274,93.745,250,64,3.906,5.1035,8384,True,False,not_built
90,92,el3b97cc921760,[Li+].[B-](F)(F)(F)F,CCC(=O)C(C)C(CC)SC#N,0.43,Li,BF4,Sca8850f40247,185.292,93.745,784,64,12.25,7.2446,21552,True,False,not_built
91,93,el0c5fa3ee9ef6,[Li+].[B-](F)(F)(F)F,COC(=O)C1CC(C)(F)CC1CF,1.01,Li,BF4,S0e2a3cf7f309,192.205,93.745,311,64,4.859,5.45,8781,True,False,not_built
92,94,elcaeee303da8b,[Li+].[B-](F)(F)(F)F,CCCCC(OC)C(CC)CC,0.92,Li,BF4,Sc99d9b16dbb5,172.312,93.745,383,64,5.984,5.6222,14172,True,False,not_built
93,95,el94b8eba5f007,[Li+].[B-](F)(F)(F)F,CCCC(C(C)C)C(C)C(=O)OC,0.88,Li,BF4,S154d08ee4719,186.295,93.745,371,64,5.797,5.7062,13369,True,False,not_built
94,96,el8f3de7778088,[Li+].[B-](F)(F)(F)F,CCC(=O)C(CCC(C)C)OC,0.97,Li,BF4,S66cc5bdb407d,172.268,93.745,363,64,5.672,5.5239,12000,True,False,not_built
95,97,el9fe0d135300f,[Li+].[B-](F)(F)(F)F,CC1C2CC(=O)C(C#N)C(C)(C)CC12,1.06,Li,BF4,Sf8166c430727,191.274,93.745,297,64,4.641,5.3629,9591,True,False,not_built
96,98,eld498a27a2c63,[Li+].[B-](F)(F)(F)F,CCC1C(COC)C2C3CC3CC12C,1.28,Li,BF4,S71694db42c96,194.318,93.745,239,64,3.734,5.0362,8988,True,False,not_built
97,99,el9d856546ceb0,[Li+].[B-](F)(F)(F)F,CCCC1C2CCC(C)C(C)C12OC,1.01,Li,BF4,Sd7bdaf9f3368,196.334,93.745,305,64,4.766,5.45,11974,True,False,not_built
98,100,eld6555ba846b1,[Li+].[B-](F)(F)(F)F,CC(CF)C1(CF)CCOC1,0.66,Li,BF4,Se980182157d3,164.195,93.745,569,64,8.891,6.2804,14609,True,False,not_built
99,101,elf918275ed8b0,[Li+].[B-](F)(F)(F)F,CCC1CCC2OC(=O)OC12,0.43,Li,BF4,S44b0ad759a7a,156.181,93.745,930,64,14.531,7.2446,21774,True,False,not_built
100,102,el1dbbf308a0dd,[Li+].F[P-](F)(F)(F)(F)F,CC12CCCC1(C)C(C(=O)C#N)CC2,0.61,Li,PF6,Sd9dc0fe3209c,191.274,151.903,519,64,8.109,6.4476,16601,True,False,not_built
101,103,el3146290dc960,[Li+].F[P-](F)(F)(F)(F)F,CSCCC(=O)CSC,1.06,Li,PF6,Scd79c24ad6c2,164.295,151.903,333,64,5.203,5.3629,7505,True,False,not_built
102,104,eld04353f66ede,[Li+].F[P-](F)(F)(F)(F)F,CC(=O)C1CCCS(=O)(=O)C1,0.7,Li,PF6,S102a9bcca9d2,176.237,151.903,486,64,7.594,6.1585,11690,True,False,not_built
103,105,elb2a92b38832e,[Li+].F[P-](F)(F)(F)(F)F,CCC(=O)CC1OC(=O)C1C1CC1,0.92,Li,PF6,Sb1b067069f60,182.219,151.903,350,64,5.469,5.6222,9962,True,False,not_built
104,106,elf4108c4f5c80,[Li+].F[P-](F)(F)(F)(F)F,CCCC1(CC)COC(=O)OC1,1.37,Li,PF6,Sda1cacdbc9c4,172.224,151.903,238,64,3.719,4.9234,7176,True,False,not_built
105,107,eldbe5746dbac4,[Li+].F[P-](F)(F)(F)(F)F,CCCCC(C)OC(=O)OCC,0.7,Li,PF6,Sf0923465db12,174.24,151.903,492,64,7.688,6.1585,15272,True,False,not_built
106,108,ela9e82ab32dba,[Li+].F[P-](F)(F)(F)(F)F,COC(=O)CC1(CC(C)C)CCC1,0.92,Li,PF6,S1dd77507259b,184.279,151.903,346,64,5.406,5.6222,11930,True,False,not_built
107,109,el268660d5c8bc,[Li+].F[P-](F)(F)(F)(F)F,CCCCC(C)C(=O)OOCF,1.01,Li,PF6,S933ec6c66b81,178.203,151.903,323,64,5.047,5.45,9233,True,False,not_built
108,110,elac14a9a8bf66,[Li+].F[P-](F)(F)(F)(F)F,CCN1C(C)CC(=O)C12CC2C,1.14,Li,PF6,Sf4671bf64324,167.252,151.903,301,64,4.703,5.2344,9241,True,False,not_built
109,111,el466b3a70fad0,[Li+].F[P-](F)(F)(F)(F)F,CCC(C)C(CC#N)CCCC(C)=O,1.06,Li,PF6,S4492192f1d4e,195.306,151.903,280,64,4.375,5.3629,10312,True,False,not_built
110,112,elde720a1384e5,[Li+].F[P-](F)(F)(F)(F)F,CCOC(=O)CC1CC1C1CCCC1,0.66,Li,PF6,S7a56115b4c36,196.29,151.903,465,64,7.266,6.2804,16322,True,False,not_built
111,113,elcb5215896739,[Li+].F[P-](F)(F)(F)(F)F,CCC1C2C(C)C(=O)CCCC12OC,1.23,Li,PF6,Sa35cfc491e64,196.29,151.903,236,64,3.688,5.1035,8536,True,False,not_built
112,114,elb7f901796225,[Li+].F[P-](F)(F)(F)(F)F,CCCC1(C)CC(CC)C(=O)C1C,0.43,Li,PF6,S3e91070b9bf6,182.307,151.903,785,64,12.266,7.2446,27987,True,False,not_built
113,115,el71285b44c623,[Li+].F[P-](F)(F)(F)(F)F,COC(=O)CC1CCCCCC(C)C1,1.19,Li,PF6,Se3c12237517c,198.306,151.903,242,64,3.781,5.1601,9224,True,False,not_built
114,116,el592c57d0a230,[Li+].F[P-](F)(F)(F)(F)F,CCCCCC(=O)OC(C)CCC,0.66,Li,PF6,S2d92c9c846f8,186.295,151.903,490,64,7.656,6.2804,17662,True,False,not_built
115,117,el74a3497659b7,[Li+].F[P-](F)(F)(F)(F)F,COC(=O)C(C)C(C)S(=O)(=O)F,0.7,Li,PF6,Saa5f97f3f22c,198.215,151.903,432,64,6.75,6.1585,10448,True,False,not_built
116,118,el84ec76818973,[Li+].F[P-](F)(F)(F)(F)F,CCCC(CCC(F)F)C(=O)OC,0.52,Li,PF6,S3edf6137d9c9,194.221,151.903,604,64,9.438,6.7999,18028,True,False,not_built
117,119,elb9543286b182,[Li+].F[P-](F)(F)(F)(F)F,CCCC1(C)CC(=O)C12CCCC2C,0.92,Li,PF6,Sa6089f35064a,194.318,151.903,329,64,5.141,5.6222,12356,True,False,not_built
118,120,el97d13ab8c60f,[Li+].F[P-](F)(F)(F)(F)F,CCCC(=O)C1CCCC(=O)C1CC,1.41,Li,PF6,Sa3d3e58a44f1,196.29,151.903,202,64,3.156,4.8764,7380,True,False,not_built
119,121,el4c1cced8c37d,[Li+].F[P-](F)(F)(F)(F)F,CC(=O)C(C)(C)C(C)C#N,1.28,Li,PF6,S4e3c54e90875,139.198,151.903,318,64,4.969,5.0362,7826,True,False,not_built
120,122,el9aa473bbbedf,[Li+].F[P-](F)(F)(F)(F)F,CCCOCCC1CC(C)CCC1C,0.97,Li,PF6,S91316768d2cc,198.35,151.903,304,64,4.75,5.5239,12672,True,False,not_built
121,123,ela4820f68ecdf,[Li+].F[P-](F)(F)(F)(F)F,CCCC1CC2(CCCCC2)CO1,1.41,Li,PF6,S4018fef8453d,182.307,151.903,218,64,3.406,4.8764,8142,True,False,not_built
122,124,elada724a6bc39,[Li+].F[P-](F)(F)(F)(F)F,CCS(=O)(=O)CCCC(C)(C)F,1.06,Li,PF6,Sdf29eb5de996,196.287,151.903,278,64,4.344,5.3629,8574,True,False,not_built
123,125,el59832eaab72c,[Li+].F[P-](F)(F)(F)(F)F,CC(=O)CCC1CCC(C)O1,1.19,Li,PF6,S618f437d963b,156.225,151.903,308,64,4.812,5.1601,8828,True,False,not_built
124,126,el1138d9933490,[Li+].F[P-](F)(F)(F)(F)F,COCCC(C(C)C)C(C)C,0.97,Li,PF6,S4bbc75ff2226,158.285,151.903,381,64,5.953,5.5239,13085,True,False,not_built
125,127,ele82b91799f70,[Li+].[O-]Cl(=O)(=O)=O,CC(=O)CCCCC(C)CC(C)=O,1.06,Li,ClO4,S6fb169a60611,184.279,106.39,306,64,4.781,5.3629,10482,True,False,not_built
126,128,el06d31c59a7fa,[Li+].[O-]Cl(=O)(=O)=O,CCC1CC(C)(CC)C(=O)CC1(C)C,0.39,Li,ClO4,S3a7beacdebdd,196.334,106.39,815,64,12.734,7.4843,31354,True,False,not_built
127,129,el4d9657628603,[Li+].[O-]Cl(=O)(=O)=O,CC1CC(C)(C)C(=O)CC1C(C)(C)C,0.92,Li,ClO4,Sa28fab30c970,196.334,106.39,334,64,5.219,5.6222,13076,True,False,not_built
128,130,eld96cf4b84731,[Li+].[O-]Cl(=O)(=O)=O,COC(=O)OCCCSSC,1.46,Li,ClO4,S2fe9daef37e6,196.293,106.39,203,64,3.172,4.8201,5053,True,False,not_built
129,131,elfe7c0f4d6901,[Li+].[O-]Cl(=O)(=O)=O,CC(=O)CC1CC1C1CC(C)C2CC21,1.19,Li,ClO4,S5abf042b60e2,192.302,106.39,259,64,4.047,5.1601,9190,True,False,not_built
130,132,el471f225c094c,[Li+].[O-]Cl(=O)(=O)=O,CCCCC(=O)C(C)(C)C(C)C,0.79,Li,ClO4,S3f15ac81e06e,170.296,106.39,452,64,7.062,5.9151,15752,True,False,not_built
131,133,el6db8c1a07d30,[Li+].[O-]Cl(=O)(=O)=O,CCCCCC(F)C(=O)CN(C)C,0.79,Li,ClO4,S215c3dee5440,189.274,106.39,407,64,6.359,5.9151,13815,True,False,not_built
132,134,ele4b252857f33,[Li+].[O-]Cl(=O)(=O)=O,CCCC1(C)CC(CC)C(=O)C1C,0.61,Li,ClO4,S3e91070b9bf6,182.307,106.39,554,64,8.656,6.4476,19774,True,False,not_built
133,135,el6b63aa53b857,[Li+].[O-]Cl(=O)(=O)=O,FCC1OCCO1,0.43,Li,ClO4,Sc6d1213a5bbb,106.096,106.39,1365,64,21.328,7.2446,19494,True,False,not_built
134,136,elb222f7a4aa6d,[Li+].[O-]Cl(=O)(=O)=O,CCCCC(OC)C(CC)CC,0.97,Li,ClO4,Sc99d9b16dbb5,172.312,106.39,360,64,5.625,5.5239,13344,True,False,not_built
135,137,el4e7256a035dd,[Li+].[O-]Cl(=O)(=O)=O,CCCC(=O)CC(CC#N)C(C)(C)C,1.5,Li,ClO4,S948c8fb83d94,195.306,106.39,198,64,3.094,4.7768,7314,True,False,not_built
136,138,el7ac764774093,[Li+].[O-]Cl(=O)(=O)=O,CCC(=O)C(C)CS(=O)C(C)C,0.34,Li,ClO4,S7bbcb126e0fa,190.308,106.39,968,64,15.125,7.8345,29424,True,False,not_built
137,139,el2520af5e6019,[Li+].[O-]Cl(=O)(=O)=O,CCCC(F)C(=O)CC,1.28,Li,ClO4,Sb67b2c0ecdaf,132.178,106.39,348,64,5.438,5.0362,8040,True,False,not_built
138,140,el10e8f531fe37,[Li+].[O-]Cl(=O)(=O)=O,CC1CCC12CC2C(=O)OC1(C)CC1,1.01,Li,ClO4,S1f168c1db747,194.274,106.39,306,64,4.781,5.45,10176,True,False,not_built
139,141,elffeb36dda789,[Li+].[O-]Cl(=O)(=O)=O,CCC(=O)CC1OC(=O)C1C1CC1,1.06,Li,ClO4,Sb1b067069f60,182.219,106.39,309,64,4.828,5.3629,8727,True,False,not_built
140,142,el2dab29b49dc4,[Li+].[O-]Cl(=O)(=O)=O,COC(=O)C1CCCC(C(C)C)C1C,0.92,Li,ClO4,Sf1704d9e49e2,198.306,106.39,331,64,5.172,5.6222,12300,True,False,not_built
141,143,elfbe9340adfcb,[Li+].[O-]Cl(=O)(=O)=O,CSCCC(=O)CSC,1.1,Li,ClO4,Scd79c24ad6c2,164.295,106.39,330,64,5.156,5.2971,7314,True,False,not_built
142,144,eld72e36760b00,[Li+].[O-]Cl(=O)(=O)=O,CC(CF)C1(CF)CCOC1,1.28,Li,ClO4,Se980182157d3,164.195,106.39,280,64,4.375,5.0362,7384,True,False,not_built
143,145,el7d16d0ee816d,[Li+].[O-]Cl(=O)(=O)=O,CCC(=O)C(CCC(C)C)OC,1.41,Li,ClO4,S66cc5bdb407d,172.268,106.39,240,64,3.75,4.8764,8064,True,False,not_built
144,146,el3a2efa7d33fd,[Li+].[O-]Cl(=O)(=O)=O,COCS(=O)(=O)C(C)(C)C,1.46,Li,ClO4,S7adf30e6977e,166.242,106.39,240,64,3.75,4.8201,6144,True,False,not_built
145,147,el8649af1be3e6,[Li+].[O-]Cl(=O)(=O)=O,CCC(CC)(OC(C)=O)SC,0.39,Li,ClO4,Sbc26b1321804,176.281,106.39,908,64,14.188,7.4843,24900,True,False,not_built
146,148,el066330c7f601,[Li+].[O-]Cl(=O)(=O)=O,CCCC1CC(=O)C(C(C)C)C1(C)C,0.92,Li,ClO4,Sd86af9db6f52,196.334,106.39,334,64,5.219,5.6222,13076,True,False,not_built
147,149,el2722f45abd19,[Li+].[O-]Cl(=O)(=O)=O,CC12CCCC1(C)C(C(=O)C#N)CC2,0.34,Li,ClO4,Sd9dc0fe3209c,191.274,106.39,963,64,15.047,7.8345,30237,True,False,not_built
148,150,el6c55022b8c79,[Li+].[O-]Cl(=O)(=O)=O,CCC(=O)N1CCCCC1Cl,1.41,Li,ClO4,S89865e0d679d,175.659,106.39,236,64,3.688,4.8764,6284,True,False,not_built
149,151,el86ac73980620,[Li+].[O-]Cl(=O)(=O)=O,CC12CC3(C)CC(C1)(C2)S3(=O)=O,1.01,Li,ClO4,Sb198202ea31d,186.276,106.39,319,64,4.984,5.45,8678,True,False,not_built
150,152,elf7d09dc6a3fb,[Li+].[O-]S(=O)(=O)C(F)(F)F,CCC12CC(CCCCC1=O)C2,0.48,Li,OTf,S6025d9407903,166.264,156.01,767,64,11.984,6.9838,23586,True,False,not_built
151,153,elcc92cf6d9fb3,[Li+].[O-]S(=O)(=O)C(F)(F)F,CCC1CCC(Cl)C1C(C)=O,0.61,Li,OTf,Sb99841ae74a7,174.671,156.01,567,64,8.859,6.4476,15318,True,False,not_built
152,154,eld111bdc88449,[Li+].[O-]S(=O)(=O)C(F)(F)F,CC(=O)C1CC2CCCC(C2)C1=O,0.83,Li,OTf,Sc945ef1d4e68,180.247,156.01,395,64,6.172,5.8185,12031,True,False,not_built
153,155,elb6600e96394c,[Li+].[O-]S(=O)(=O)C(F)(F)F,CC1CC2C3C(C)(C)CCC23O1,1.19,Li,OTf,S189d47b3f15d,166.264,156.01,288,64,4.5,5.1601,9216,True,False,not_built
154,156,el5ffb2f8d44b7,[Li+].[O-]S(=O)(=O)C(F)(F)F,CCC(C)C1CCC(CCOC)C1,0.34,Li,OTf,S4661e232cb14,184.323,156.01,989,64,15.453,7.8345,37169,True,False,not_built
155,157,el5d6563c951a7,[Li+].[O-]S(=O)(=O)C(F)(F)F,CC12CCCC1(C)C(C(=O)C#N)CC2,0.61,Li,OTf,Sd9dc0fe3209c,191.274,156.01,518,64,8.094,6.4476,16634,True,False,not_built
156,158,el07014f033d05,[Li+].[O-]S(=O)(=O)C(F)(F)F,CC(=O)CCC(C)(C)C(C)C(C)C,1.14,Li,OTf,S778694cdca07,184.323,156.01,273,64,4.266,5.2344,10677,True,False,not_built
157,159,el2c665213fc18,[Li+].[O-]S(=O)(=O)C(F)(F)F,CCCCCC1CC1C(=O)C(=O)C#N,1.06,Li,OTf,Sf307e9b7d786,193.246,156.01,282,64,4.406,5.3629,8754,True,False,not_built
158,160,el6bd85ec13fa8,[Li+].[O-]S(=O)(=O)C(F)(F)F,CCS(=O)(=O)CC(C)CCCl,1.37,Li,OTf,S15e4a5daa0b8,198.715,156.01,206,64,3.219,4.9234,5932,True,False,not_built
159,161,el62e2a5f0a404,[Li+].[O-]S(=O)(=O)C(F)(F)F,CCC(C#N)CS(=O)(=O)CC,0.3,Li,OTf,S98fbd1dc7f19,175.253,156.01,1184,64,18.5,8.1683,28992,True,False,not_built
160,162,eld62fbf7c980e,[Li+].[O-]S(=O)(=O)C(F)(F)F,CC1CCCC2CC1COC(C)(C)C2,1.5,Li,OTf,Sc542501a432b,196.334,156.01,187,64,2.922,4.7768,7682,True,False,not_built
161,163,elec4bbd9923a4,[Li+].[O-]S(=O)(=O)C(F)(F)F,COC1CCCC(C2CCC3CC32)C1,1.28,Li,OTf,Sd269ffaefcd5,194.318,156.01,227,64,3.547,5.0362,8748,True,False,not_built
162,164,eldc0d1957e9b1,[Li+].[O-]S(=O)(=O)C(F)(F)F,CC(=O)C(C)C1CC(C)C(C)C1,1.06,Li,OTf,Sbb03007c1b66,168.28,156.01,324,64,5.062,5.3629,10944,True,False,not_built
163,165,el2e6589837018,[Li+].[O-]S(=O)(=O)C(F)(F)F,CC1(C)CCCCCS(=O)(=O)C1,1.32,Li,OTf,Se4b1fea15fa6,190.308,156.01,224,64,3.5,4.9848,7296,True,False,not_built
164,166,elfbb985e1a2af,[Li+].[O-]S(=O)(=O)C(F)(F)F,CCC(CC)C(C)C(=O)OC(C)C,0.57,Li,OTf,Sffb26a91871b,186.295,156.01,571,64,8.922,6.595,20561,True,False,not_built
165,167,el5db6ae58d934,[Li+].[O-]S(=O)(=O)C(F)(F)F,CS(=O)(=O)C1CCCCC1,0.52,Li,OTf,S5300873bc4a7,162.254,156.01,722,64,11.281,6.7999,17904,True,False,not_built
166,168,el8640c9d32aab,[Li+].[O-]S(=O)(=O)C(F)(F)F,CCCC(C)C(C)(C)CCC(C)=O,0.92,Li,OTf,S46f60018b3ae,184.323,156.01,346,64,5.406,5.6222,13378,True,False,not_built
167,169,elb7c62c1797f1,[Li+].[O-]S(=O)(=O)C(F)(F)F,CCCC(C(=O)CC)C(CC)C(C)C,1.28,Li,OTf,S132a7250d70e,198.35,156.01,222,64,3.469,5.0362,9456,True,False,not_built
168,170,el3b3b0030dd5e,[Li+].[O-]S(=O)(=O)C(F)(F)F,CCCCC(OC(C)=O)C(C)(C)F,0.43,Li,OTf,S73f7060b1e00,190.258,156.01,751,64,11.734,7.2446,24608,True,False,not_built
169,171,elec8eb8e204a1,[Li+].[O-]S(=O)(=O)C(F)(F)F,CCCC1(CC)COC(=O)OC1,0.92,Li,OTf,Sda1cacdbc9c4,172.224,156.01,370,64,5.781,5.6222,10936,True,False,not_built
170,172,el589b6171b801,[Li+].[O-]S(=O)(=O)C(F)(F)F,FCC1OCCO1,1.23,Li,OTf,Sc6d1213a5bbb,106.096,156.01,435,64,6.797,5.1035,6666,True,False,not_built
171,173,el7b044cb757d8,[Li+].[O-]S(=O)(=O)C(F)(F)F,CCCOC(=O)C(C)C1CCC1CC,0.79,Li,OTf,S2c3975e95d78,198.306,156.01,379,64,5.922,5.9151,14220,True,False,not_built
172,174,el5198cee432d2,[Li+].[O-]S(=O)(=O)C(F)(F)F,CCCCC(CC)C1CC(=O)N1C,1.06,Li,OTf,Sb9c6d3d2c9f5,183.295,156.01,297,64,4.641,5.3629,10674,True,False,not_built
173,175,el7d05a32a7fa9,[Li+].[O-]S(=O)(=O)C(F)(F)F,COC(=O)CCC1CCCCCC1C,0.43,Li,OTf,S84e1b66e3a27,198.306,156.01,721,64,11.266,7.2446,26532,True,False,not_built
174,176,el30d28dfb55cf,[Li+].[O-]S(=O)(=O)C(F)(F)F,CCC(CC(C)=O)C(=O)CC(F)F,0.83,Li,OTf,Sf4b76415d7ab,192.205,156.01,371,64,5.797,5.8185,10593,True,False,not_built
175,177,el1b8275dbc943,[Li+].[N-](C#N)C#N,COC(C)CC1CCCC12CCC2,1.06,Li,DCA,S3c2b9a6b3cbf,182.307,72.984,316,64,4.938,5.3629,11444,True,False,not_built
176,178,el332dd71d852b,[Li+].[N-](C#N)C#N,CCCC12CC(C)C1CC(=O)O2,0.74,Li,DCA,S10cf9329fa6e,168.236,72.984,498,64,7.781,6.0454,14328,True,False,not_built
177,179,el1eac4d14577c,[Li+].[N-](C#N)C#N,CCC(C#N)CS(=O)(=O)CC,1.41,Li,DCA,S98fbd1dc7f19,175.253,72.984,243,64,3.797,4.8764,6216,True,False,not_built
178,180,elc351de93fdb8,[Li+].[N-](C#N)C#N,CCCC(=O)C(CC)CC(C)(C)F,0.83,Li,DCA,Se54e5e1458a3,188.286,72.984,395,64,6.172,5.8185,13814,True,False,not_built
179,181,el3ae1b240a580,[Li+].[N-](C#N)C#N,CCCC(=O)C(C)C(=O)CC(C)=O,1.37,Li,DCA,S22d594f40992,184.235,72.984,239,64,3.734,4.9234,7315,True,False,not_built
180,182,elb95da7511633,[Li+].[N-](C#N)C#N,CC(=O)C1CC2CCCC(C2)C1=O,1.5,Li,DCA,Sc945ef1d4e68,180.247,72.984,221,64,3.453,4.7768,6793,True,False,not_built
181,183,elb06d6120ea93,[Li+].[N-](C#N)C#N,CC1CCC2(CCC(=O)O2)C1(C)C,0.7,Li,DCA,Sd88a8f4d1933,182.263,72.984,487,64,7.609,6.1585,15481,True,False,not_built
182,184,el339de959c5cf,[Li+].[N-](C#N)C#N,CCCCCCC(=O)CC(C)CCC,0.61,Li,DCA,S013fdf74fdc1,198.35,72.984,515,64,8.047,6.4476,20984,True,False,not_built
183,185,elc6b47f97e368,[Li+].[N-](C#N)C#N,CC(=O)CCCCC(C)CC(C)=O,1.23,Li,DCA,S6fb169a60611,184.279,72.984,267,64,4.172,5.1035,9195,True,False,not_built
184,186,eldc91ed3709ba,[Li+].[N-](C#N)C#N,CC(=O)C1(CC(C)C(C)C)CCCC1,0.92,Li,DCA,Se74c9a4aaac2,196.334,72.984,340,64,5.312,5.6222,13304,True,False,not_built
185,187,el75460aa677f3,[Li+].[N-](C#N)C#N,CCC(C)C(=O)CCC(C)C(C)(C)C,0.34,Li,DCA,Sf19b728d9135,198.35,72.984,935,64,14.609,7.8345,37784,True,False,not_built
186,188,elbfe3fa7fe3ec,[Li+].[N-](C#N)C#N,CCC1(C(C)(C)C)OOC1=O,1.01,Li,DCA,S11daa9807048,158.197,72.984,383,64,5.984,5.45,9959,True,False,not_built
187,189,ela17c2a4727c2,[Li+].[N-](C#N)C#N,COC(=O)C1CCCC(C(C)C)C1C,0.74,Li,DCA,Sf1704d9e49e2,198.306,72.984,422,64,6.594,6.0454,15576,True,False,not_built
188,190,ele5327f3b3bc2,[Li+].[N-](C#N)C#N,CCC1C2CC3CC1(CC3C#N)C2=O,1.5,Li,DCA,S1001f6556102,189.258,72.984,211,64,3.297,4.7768,6503,True,False,not_built
189,191,el3f119176d7a5,[Li+].[N-](C#N)C#N,CC(=O)CC(C(C)=O)C(=O)C(C)=O,1.28,Li,DCA,S4614047ca666,184.191,72.984,257,64,4.016,5.0362,6809,True,False,not_built
190,192,elc9907bc7f852,[Li+].[N-](C#N)C#N,CC1=C[C@H](F)C=CO1,0.61,Li,DCA,Sd88a7ba70eab,114.119,72.984,895,64,13.984,6.4476,13809,True,False,not_built
191,193,el74ac47016c90,[Li+].[N-](C#N)C#N,CC(C)(CS(=O)(=O)F)C1CC1,0.3,Li,DCA,S47844fb1745a,180.244,72.984,1168,64,18.25,8.1683,28416,True,False,not_built
192,194,el5791d27c7512,[Li+].[N-](C#N)C#N,COC(=O)OCCOC(C)F,0.79,Li,DCA,S4d2f15c975f3,166.148,72.984,471,64,7.359,5.9151,10746,True,False,not_built
193,195,el1e8582903f7d,[Li+].[N-](C#N)C#N,CC(CS(C)(=O)=O)C(F)CF,0.34,Li,DCA,Sdaeeb9e5227e,186.223,72.984,996,64,15.562,7.8345,23292,True,False,not_built
194,196,el980ed82200a2,[Li+].[N-](C#N)C#N,CCCOC(=O)C(C)C1CCC1CC,1.06,Li,DCA,S2c3975e95d78,198.306,72.984,291,64,4.547,5.3629,10860,True,False,not_built
195,197,el7c0300fd3d66,[Li+].[N-](C#N)C#N,CC1C(=O)C(C#N)CC2CCCC21,0.52,Li,DCA,S6eddb517b5ea,177.247,72.984,679,64,10.609,6.7999,19396,True,False,not_built
196,198,elacb754f6f4ec,[Li+].[N-](C#N)C#N,CC1CC(C)(C#N)C(=O)C2(C)CC12,1.46,Li,DCA,Sac66560e7d87,177.247,72.984,232,64,3.625,4.8201,6880,True,False,not_built
197,199,el2c2e4488cc56,[Li+].[N-](C#N)C#N,CC1CN2C(C)C3OC(=O)OC3C12,0.92,Li,DCA,S54bc35cabc25,183.207,72.984,365,64,5.703,5.6222,9874,True,False,not_built
198,200,ela239be302856,[Li+].[N-](C#N)C#N,CSCCC(=O)CSC,0.79,Li,DCA,Scd79c24ad6c2,164.295,72.984,476,64,7.438,5.9151,10380,True,False,not_built
199,201,el8d80744ac726,[Li+].[N-](C#N)C#N,CCC1CCCCC(CC)C(=O)O1,0.52,Li,DCA,S6b77d1171968,184.279,72.984,653,64,10.203,6.7999,21933,True,False,not_built
200,202,eldf11178cf479,[Li+].[C-](C#N)(C#N)C#N,CCCCC(OC(C)=O)C(C)(C)F,1.23,Li,TCM,S73f7060b1e00,190.258,97.006,254,64,3.969,5.1035,8640,True,False,not_built
201,203,elc1718d80d764,[Li+].[C-](C#N)(C#N)C#N,CC(=O)C1CC2(C(C)=O)CC2C1C,1.06,Li,TCM,Se447765789e9,180.247,97.006,315,64,4.922,5.3629,9647,True,False,not_built
202,204,el0db402dc9b1a,[Li+].[C-](C#N)(C#N)C#N,CC1CC(C)(C)C(C)(C)CC1=O,0.34,Li,TCM,S4096ac4c09ea,168.28,97.006,1097,64,17.141,7.8345,35616,True,False,not_built
203,205,elae283e3f215c,[Li+].[C-](C#N)(C#N)C#N,CCC1C(=O)OC(C)C(C)C1C,0.74,Li,TCM,S33c8ea617033,170.252,97.006,487,64,7.609,6.0454,15122,True,False,not_built
204,206,elb7623fb46570,[Li+].[C-](C#N)(C#N)C#N,CC(=O)OCP,1.23,Li,TCM,Sf9576e27998a,106.061,97.006,456,64,7.125,5.1035,6440,True,False,not_built
205,207,eld9e594b2ae44,[Li+].[C-](C#N)(C#N)C#N,COCCC(C(C)C)C(C)C,1.5,Li,TCM,S4bbc75ff2226,158.285,97.006,246,64,3.844,4.7768,8630,True,False,not_built
206,208,eleb4548260ff6,[Li+].[C-](C#N)(C#N)C#N,FCC1OCCO1,1.41,Li,TCM,Sc6d1213a5bbb,106.096,97.006,393,64,6.141,4.8764,6014,True,False,not_built
207,209,el5724b5617a5d,[Li+].[C-](C#N)(C#N)C#N,CCOC(=O)C(CC(C)=O)C1CC1C,0.88,Li,TCM,S47c98294ff41,198.262,97.006,348,64,5.438,5.7062,11648,True,False,not_built
208,210,eld80f5ad171fe,[Li+].[C-](C#N)(C#N)C#N,CCC(C)C(=O)CCC(C)(C)C(C)=O,1.14,Li,TCM,S50bb80543e6c,198.306,97.006,265,64,4.141,5.2344,10052,True,False,not_built
209,211,ele21b6a82cf1a,[Li+].[C-](C#N)(C#N)C#N,COC(=O)OC(CC(C)C)N(C)C,1.28,Li,TCM,S3aadd3bf5860,189.255,97.006,245,64,3.828,5.0362,8352,True,False,not_built
210,212,eldc806792a8d3,[Li+].[C-](C#N)(C#N)C#N,CCS(=O)(=O)CCCC(C)(C)F,1.14,Li,TCM,Sdf29eb5de996,196.287,97.006,267,64,4.172,5.2344,8255,True,False,not_built
211,213,eldbc7ce8f6139,[Li+].[C-](C#N)(C#N)C#N,CCCCC(OC)C(CC)CC,0.7,Li,TCM,Sc99d9b16dbb5,172.312,97.006,509,64,7.953,6.1585,18836,True,False,not_built
212,214,elf1de26beafbd,[Li+].[C-](C#N)(C#N)C#N,COC(=O)C1(C)CCCC(=O)C1C,0.7,Li,TCM,S1a1cf1d818d4,184.235,97.006,476,64,7.438,6.1585,14316,True,False,not_built
213,215,el392701dad26e,[Li+].[C-](C#N)(C#N)C#N,CC1COCCCC1(C)C,0.57,Li,TCM,S76cb98704df3,142.242,97.006,764,64,11.938,6.595,21904,True,False,not_built
214,216,el0553359919fa,[Li+].[C-](C#N)(C#N)C#N,CCCOCCC1CC(C)CCC1C,0.79,Li,TCM,S91316768d2cc,198.35,97.006,390,64,6.094,5.9151,16112,True,False,not_built
215,217,el9aa6168d8f75,[Li+].[C-](C#N)(C#N)C#N,CCC1C(OC(C)=O)OC(=O)C1C#N,1.5,Li,TCM,S66c63f162273,197.19,97.006,198,64,3.094,4.7768,5462,True,False,not_built
216,218,el8bdb7230c706,[Li+].[C-](C#N)(C#N)C#N,CCCC(C)CC(=O)OC(C)=O,0.7,Li,TCM,S8af73807eb6d,172.224,97.006,510,64,7.969,6.1585,14792,True,False,not_built
217,219,el5e6affb5814b,[Li+].[C-](C#N)(C#N)C#N,COC(=O)C(C)CC(C)(C)C(C)C,0.43,Li,TCM,S44b9815d0bb6,186.295,97.006,779,64,12.172,7.2446,27777,True,False,not_built
218,220,elf424c108c14b,[Li+].[C-](C#N)(C#N)C#N,COC(=O)OCCOC(C)F,1.06,Li,TCM,S4d2f15c975f3,166.148,97.006,341,64,5.328,5.3629,8014,True,False,not_built
219,221,el5b825a975e26,[Li+].[C-](C#N)(C#N)C#N,CC(=O)CC(C(C)=O)C(=O)C(C)=O,1.41,Li,TCM,S4614047ca666,184.191,97.006,227,64,3.547,4.8764,6187,True,False,not_built
220,222,ele7badad170cb,[Li+].[C-](C#N)(C#N)C#N,CCC(P)CCC(C)=O,0.83,Li,TCM,Scf1923c7a087,146.17,97.006,503,64,7.859,5.8185,12584,True,False,not_built
221,223,el008d9dd56887,[Li+].[C-](C#N)(C#N)C#N,CC1CC(OC=O)CCC2(C)CC2C1,1.46,Li,TCM,S54ea9a861261,196.29,97.006,205,64,3.203,4.8201,7482,True,False,not_built
222,224,el07a25d0609c3,[Li+].[C-](C#N)(C#N)C#N,CCCC(C)C(C)CCC(=O)CC#N,1.37,Li,TCM,S5abea7358f4a,195.306,97.006,220,64,3.438,4.9234,8212,True,False,not_built
223,225,el0734f1b366f1,[Li+].[C-](C#N)(C#N)C#N,CCC(CC)OC1CC(=O)CC1CC,0.34,Li,TCM,Sd8d51051b665,198.306,97.006,931,64,14.547,7.8345,34028,True,False,not_built
224,226,el674f504c54e5,[Li+].[C-](C#N)(C#N)C#N,CCCCC(=O)C(C)(C)C(C)CC,0.43,Li,TCM,Sfd23e7eb1b3a,184.323,97.006,788,64,12.312,7.2446,29668,True,False,not_built
225,227,el3aa3285a84ee,[Li+].[O-][N+](=O)=O,COCS(=O)(=O)C(C)(C)C,0.79,Li,NO3,S7adf30e6977e,166.242,68.945,472,64,7.375,5.9151,11648,True,False,not_built
226,228,el64e1ed8abbfe,[Li+].[O-][N+](=O)=O,COC(=O)OC1CCCC(C)C1,0.83,Li,NO3,Sc20bd1037f85,172.224,68.945,433,64,6.766,5.8185,12444,True,False,not_built
227,229,el15c0d753e5cf,[Li+].[O-][N+](=O)=O,COC(=O)C(C)C(C)S(=O)(=O)F,0.92,Li,NO3,Saa5f97f3f22c,198.215,68.945,338,64,5.281,5.6222,8094,True,False,not_built
228,230,el3358c3818c33,[Li+].[O-][N+](=O)=O,CCCC(C)C(C)CCC(=O)CC#N,0.7,Li,NO3,S5abea7358f4a,195.306,68.945,455,64,7.109,6.1585,16245,True,False,not_built
229,231,el8acd8e2c8a43,[Li+].[O-][N+](=O)=O,FCC1OCCO1,1.41,Li,NO3,Sc6d1213a5bbb,106.096,68.945,403,64,6.297,4.8764,5962,True,False,not_built
230,232,eld853d5734558,[Li+].[O-][N+](=O)=O,CC1(C)CCCCCS(=O)(=O)C1,1.19,Li,NO3,Se4b1fea15fa6,190.308,68.945,269,64,4.203,5.1601,8390,True,False,not_built
231,233,el2efd3b1e3b0b,[Li+].[O-][N+](=O)=O,COC(=O)OCC1C2CCCC1C2,0.3,Li,NO3,S0ef33bcac1ff,184.235,68.945,1144,64,17.875,8.1683,33496,True,False,not_built
232,234,el10cb16279f1c,[Li+].[O-][N+](=O)=O,CCC12CC3CC4COC3C(C1)C42,0.92,Li,NO3,Sb703fe1a50f5,178.275,68.945,376,64,5.875,5.6222,11976,True,False,not_built
233,235,ela1b31ee3172a,[Li+].[O-][N+](=O)=O,CC1CC(C)(C)C(=O)CC1C(C)(C)C,1.19,Li,NO3,Sa28fab30c970,196.334,68.945,261,64,4.078,5.1601,10238,True,False,not_built
234,236,el7d2cf472657d,[Li+].[O-][N+](=O)=O,CCCCCOC(=O)C(C)C,1.32,Li,NO3,Sd1dc43143f43,158.241,68.945,290,64,4.531,4.9848,8730,True,False,not_built
235,237,el8f495bec8a2d,[Li+].[O-][N+](=O)=O,CC(C)CCOC(=O)C(C)(C)F,0.52,Li,NO3,S18cb379914cf,176.231,68.945,684,64,10.688,6.7999,20156,True,False,not_built
236,238,el098a7daece29,[Li+].[O-][N+](=O)=O,CCCC1(C)CC(CC)C(=O)C1C,1.19,Li,NO3,S3e91070b9bf6,182.307,68.945,281,64,4.391,5.1601,10155,True,False,not_built
237,239,el480914ba24df,[Li+].[O-][N+](=O)=O,CCCCC(C)OC(=O)OCC,1.32,Li,NO3,Sf0923465db12,174.24,68.945,263,64,4.109,4.9848,8210,True,False,not_built
238,240,ela996c3670f3e,[Li+].[O-][N+](=O)=O,CCC(C)CC1(CC(=O)OC)CC1,1.46,Li,NO3,Sd7375efb798f,184.279,68.945,224,64,3.5,4.8201,7712,True,False,not_built
239,241,el42c6bec6b523,[Li+].[O-][N+](=O)=O,CC(=O)C(C)(C)C(C)C#N,1.46,Li,NO3,S4e3c54e90875,139.198,68.945,296,64,4.625,4.8201,7128,True,False,not_built
240,242,el263e723e51e2,[Li+].[O-][N+](=O)=O,CCCC(CC)COC(=O)OCC,1.1,Li,NO3,S741ce2435b05,188.267,68.945,295,64,4.609,5.2971,10055,True,False,not_built
241,243,el6acc23c77fad,[Li+].[O-][N+](=O)=O,CC1CC2C3C(C)(C)CCC23O1,0.92,Li,NO3,S189d47b3f15d,166.264,68.945,403,64,6.297,5.6222,12410,True,False,not_built
242,244,eld4cac224b582,[Li+].[O-][N+](=O)=O,CCC1CCC2OC(=O)OC12,1.32,Li,NO3,S44b0ad759a7a,156.181,68.945,294,64,4.594,4.9848,7082,True,False,not_built
243,245,el0c4ac14b988a,[Li+].[O-][N+](=O)=O,COC(=O)OCCCSSC,1.41,Li,NO3,S2fe9daef37e6,196.293,68.945,218,64,3.406,4.8764,5334,True,False,not_built
244,246,ele5c75f8776d6,[Li+].[O-][N+](=O)=O,COC1C(C(C)=O)C2CCC3CC31C2,0.39,Li,NO3,Sb4f22c20dd4f,194.274,68.945,831,64,12.984,7.4843,26912,True,False,not_built
245,247,el9f0701395160,[Li+].[O-][N+](=O)=O,CCC1(C)CC(=O)CCC1(C)C,1.23,Li,NO3,S105b713f5a46,168.28,68.945,294,64,4.594,5.1035,9728,True,False,not_built
246,248,el5a024da47489,[Li+].[O-][N+](=O)=O,CCS(=O)(=O)CCCC(C)(C)F,1.41,Li,NO3,Sdf29eb5de996,196.287,68.945,218,64,3.406,4.8764,6642,True,False,not_built
247,249,el4b722ec161ff,[Li+].[O-][N+](=O)=O,CC1CC2CCCC3(CCCC3=O)C12,1.1,Li,NO3,S8b1bf3f51566,192.302,68.945,289,64,4.516,5.2971,10146,True,False,not_built
248,250,el0edeb89bd367,[Li+].[O-][N+](=O)=O,CCC1C2C(C)C(=O)CCCC12OC,0.97,Li,NO3,Sa35cfc491e64,196.29,68.945,323,64,5.047,5.5239,11302,True,False,not_built
249,251,el33559575e4eb,[Li+].[O-][N+](=O)=O,CCC1C(C)CC12CCS2(=O)=O,0.7,Li,NO3,S148aedf1b044,188.292,68.945,472,64,7.375,6.1585,13536,True,False,not_built
250,252,el83613dc77497,[Li+].CC(=O)[O-],CC1C(=O)C2CCCC2C1=O,0.74,Li,OAc,S94838a92d05e,152.193,65.985,552,64,8.625,6.0454,13208,True,False,not_built
251,253,el9b5812f28e5a,[Li+].CC(=O)[O-],CCCC(C)N(CC)CC(=O)CC,0.57,Li,OAc,Sda541a8e3cb1,185.311,65.985,592,64,9.25,6.595,21824,True,False,not_built
252,254,el5bac7101c046,[Li+].CC(=O)[O-],CCCC(C(=O)CC)C(CC)C(C)C,1.06,Li,OAc,S132a7250d70e,198.35,65.985,292,64,4.562,5.3629,12192,True,False,not_built
253,255,el094a55837428,[Li+].CC(=O)[O-],CCC1COC(C)C2CCC2C1C,0.57,Li,OAc,S73a7eb833b8f,182.307,65.985,602,64,9.406,6.595,21582,True,False,not_built
254,256,el8f90a3a4fe06,[Li+].CC(=O)[O-],CCCCCC(F)C(=O)CN(C)C,0.92,Li,OAc,S215c3dee5440,189.274,65.985,354,64,5.531,5.6222,12194,True,False,not_built
255,257,el134c4bcc14d5,[Li+].CC(=O)[O-],CC1C2CCC(C)(C)C1OC(=O)O2,0.34,Li,OAc,Sc48b3e380db0,184.235,65.985,1008,64,15.75,7.8345,29744,True,False,not_built
256,258,el64e02b9667db,[Li+].CC(=O)[O-],CC1(C(F)F)CCCC1=O,1.46,Li,OAc,S51f19d4718d1,148.152,65.985,279,64,4.359,4.8201,6092,True,False,not_built
257,259,el4313f4d600b1,[Li+].CC(=O)[O-],CCC(CC)OC1CC(=O)CC1CC,0.48,Li,OAc,Sd8d51051b665,198.306,65.985,660,64,10.312,6.9838,24272,True,False,not_built
258,260,el9cfbc0360a4f,[Li+].CC(=O)[O-],CCCC(=O)OC1CCC(CC)C1,0.34,Li,OAc,Sf0ccf2ecc2c6,184.279,65.985,1008,64,15.75,7.8345,33776,True,False,not_built
259,261,ele05ab0016347,[Li+].CC(=O)[O-],CCCCC(=O)C(C)(C)C(C)CC,1.46,Li,OAc,Sfd23e7eb1b3a,184.323,65.985,224,64,3.5,4.8201,8800,True,False,not_built
260,262,el74133ed6e62b,[Li+].CC(=O)[O-],COc1cc(-c2ccccc2)c[nH]1,1.5,Li,OAc,S53b96ba881ae,173.215,65.985,232,64,3.625,4.7768,6080,True,False,not_built
261,263,ele8e6332f1e07,[Li+].CC(=O)[O-],CN(C)C(=O)CC1(C)CC2CC1C2,1.5,Li,OAc,Saaf6455ac71f,181.279,65.985,222,64,3.469,4.7768,7616,True,False,not_built
262,264,el35f9279c5ddb,[Li+].CC(=O)[O-],CCCC(=O)C(C#N)C(CC)CC,0.97,Li,OAc,S85bff4aaac3b,181.279,65.985,350,64,5.469,5.5239,11712,True,False,not_built
263,265,elc53a21f11392,[Li+].CC(=O)[O-],COC(=O)OC(CC(C)C)N(C)C,0.3,Li,OAc,S3aadd3bf5860,189.255,65.985,1114,64,17.406,8.1683,36160,True,False,not_built
264,266,elfcd8d6bec754,[Li+].CC(=O)[O-],CCCCC(=O)OCCC(C)C,0.74,Li,OAc,S19e8ece671ac,172.268,65.985,488,64,7.625,6.0454,16128,True,False,not_built
265,267,elfcceb3908e0b,[Li+].CC(=O)[O-],CCCOCCC1CC(C)CCC1C,1.01,Li,OAc,S91316768d2cc,198.35,65.985,307,64,4.797,5.45,12792,True,False,not_built
266,268,el4e8663bd1161,[Li+].CC(=O)[O-],CCCC(C(C)C)C(C)C(=O)OC,1.32,Li,OAc,S154d08ee4719,186.295,65.985,247,64,3.859,4.9848,9157,True,False,not_built
267,269,el40a044553621,[Li+].CC(=O)[O-],CC1C(CS(C)(=O)=O)C1(C)C,1.19,Li,OAc,Scd162cff19ff,176.281,65.985,291,64,4.547,5.1601,8369,True,False,not_built
268,270,elea0c5cd0d3df,[Li+].CC(=O)[O-],CC(C)(C)CC1CCS1(=O)=O,1.37,Li,OAc,S31bb49561b07,176.281,65.985,251,64,3.922,4.9234,7289,True,False,not_built
269,271,elffa3b9beec73,[Li+].CC(=O)[O-],CCCCC(=O)C(C)(C)C(C)C,0.83,Li,OAc,S3f15ac81e06e,170.296,65.985,438,64,6.844,5.8185,15404,True,False,not_built
270,272,elfdffcbad01c2,[Li+].CC(=O)[O-],CC(CC1CCC1)C(=O)Cl,0.66,Li,OAc,Sbf7df6db1f34,160.644,65.985,588,64,9.188,6.2804,14036,True,False,not_built
271,273,el8ade3c772ad3,[Li+].CC(=O)[O-],CC(=O)OC1(C)CCCC(C)(C)C1C,0.7,Li,OAc,S2dc26f76daea,198.306,65.985,449,64,7.016,6.1585,16676,True,False,not_built
272,274,el06ea6b813dc5,[Li+].CC(=O)[O-],CCC1CCCCC1C(=O)OC(C)C,0.97,Li,OAc,S0856fd16b158,198.306,65.985,320,64,5.0,5.5239,12032,True,False,not_built
273,275,el47d562bf56c2,[Li+].CC(=O)[O-],CCC12CC1OC(=O)CCCCC2C,0.83,Li,OAc,S87be929fcdd1,196.29,65.985,380,64,5.938,5.8185,13432,True,False,not_built
274,276,el13616cd26ec0,[Li+].CC(=O)[O-],CCCCC(=O)CCC(C)(C)C#N,0.48,Li,OAc,S8c9ce98c9a2b,181.279,65.985,722,64,11.281,6.9838,23616,True,False,not_built
275,277,el3e997744b1b6,[Li+].[O-]C(=O)C(F)(F)F,CCC(=O)N1CCCCC1Cl,1.19,Li,TFA,S89865e0d679d,175.659,119.955,280,64,4.375,5.1601,7512,True,False,not_built
276,278,el29aae869ecce,[Li+].[O-]C(=O)C(F)(F)F,CCC(=O)C(CCC(C)C)OC,1.28,Li,TFA,S66cc5bdb407d,172.268,119.955,264,64,4.125,5.0362,8960,True,False,not_built
277,279,eld096a0de5016,[Li+].[O-]C(=O)C(F)(F)F,CC1CC2CCC(C)C(C2)C1=O,0.39,Li,TFA,Sf4642924395b,166.264,119.955,960,64,15.0,7.4843,29312,True,False,not_built
278,280,elf1bf2074a4d1,[Li+].[O-]C(=O)C(F)(F)F,CC1COCCCC1(C)C,0.7,Li,TFA,S76cb98704df3,142.242,119.955,611,64,9.547,6.1585,17620,True,False,not_built
279,281,el53841fbed267,[Li+].[O-]C(=O)C(F)(F)F,CC(=O)CCCC(C)C(C)(C)C#N,0.88,Li,TFA,S854954286a9b,181.279,119.955,376,64,5.875,5.7062,12544,True,False,not_built
280,282,el36680fbd7150,[Li+].[O-]C(=O)C(F)(F)F,CCCC1CC1(C)C(=O)C#N,0.7,Li,TFA,S1ae25b2e2f71,151.209,119.955,575,64,8.984,6.1585,14312,True,False,not_built
281,283,ele646e4a2064e,[Li+].[O-]C(=O)C(F)(F)F,CC1CC(C)(C#N)C(=O)C2(C)CC12,1.41,Li,TFA,Sac66560e7d87,177.247,119.955,231,64,3.609,4.8764,6980,True,False,not_built
282,284,el785d3a3d5888,[Li+].[O-]C(=O)C(F)(F)F,CCC(CC)CC(=O)C(C)CC,0.3,Li,TFA,S7bb1936c0770,170.296,119.955,1226,64,19.156,8.1683,42196,True,False,not_built
283,285,el53d8d3ede976,[Li+].[O-]C(=O)C(F)(F)F,COC(=O)CC1(CC(C)C)CCC1,1.28,Li,TFA,S1dd77507259b,184.279,119.955,247,64,3.859,5.0362,8663,True,False,not_built
284,286,eleb43e4ea66f3,[Li+].[O-]C(=O)C(F)(F)F,CCC1(OC(=O)OC)CCC(C)C1,1.19,Li,TFA,S21b3f288896b,186.251,119.955,265,64,4.141,5.1601,8727,True,False,not_built
285,287,ela7df3caa2f82,[Li+].[O-]C(=O)C(F)(F)F,CCC(CC(C)=O)C(=O)CC(F)F,0.97,Li,TFA,Sf4b76415d7ab,192.205,119.955,320,64,5.0,5.5239,9152,True,False,not_built
286,288,elc6878afcaf3d,[Li+].[O-]C(=O)C(F)(F)F,CCC(CCC(C)C(C)C)OC,0.7,Li,TFA,S2d7695c3830d,172.312,119.955,504,64,7.875,6.1585,18656,True,False,not_built
287,289,elb7e6936768e4,[Li+].[O-]C(=O)C(F)(F)F,CCCC1SOC(C)(C)C1C,0.83,Li,TFA,See7b7915ca26,174.309,119.955,416,64,6.5,5.8185,12576,True,False,not_built
288,290,ele52eaa5b67b0,[Li+].[O-]C(=O)C(F)(F)F,CCCCC(CC)C1CC(=O)N1C,0.57,Li,TFA,Sb9c6d3d2c9f5,183.295,119.955,588,64,9.188,6.595,20504,True,False,not_built
289,291,el6507eaf64c26,[Li+].[O-]C(=O)C(F)(F)F,CCCC(C)(C)CC(=O)C(C)C(C)C,0.79,Li,TFA,S2aedd08cf251,198.35,119.955,386,64,6.031,5.9151,15952,True,False,not_built
290,292,eleca6cdd6d858,[Li+].[O-]C(=O)C(F)(F)F,CCC1COC(C)C2CCC2C1C,0.39,Li,TFA,S73a7eb833b8f,182.307,119.955,875,64,13.672,7.4843,31137,True,False,not_built
291,293,el53a223286a53,[Li+].[O-]C(=O)C(F)(F)F,CCC1OC(=O)CCC1C(C)C,1.23,Li,TFA,S235b658d4b26,170.252,119.955,279,64,4.359,5.1035,8882,True,False,not_built
292,294,el3c8b0b5e065f,[Li+].[O-]C(=O)C(F)(F)F,CCC1CCC2C3CCC3OC(=O)C12,1.19,Li,TFA,Scc9eb242aee3,194.274,119.955,254,64,3.969,5.1601,8640,True,False,not_built
293,295,el77a16fed38ae,[Li+].[O-]C(=O)C(F)(F)F,CCCC(CCC(F)F)C(=O)OC,1.06,Li,TFA,S3edf6137d9c9,194.221,119.955,288,64,4.5,5.3629,8864,True,False,not_built
294,296,el3501a2e9bc01,[Li+].[O-]C(=O)C(F)(F)F,CCCC(=O)CC(CC#N)C(C)(C)C,0.3,Li,TFA,S948c8fb83d94,195.306,119.955,1069,64,16.703,8.1683,37927,True,False,not_built
295,297,el33d67e0a544c,[Li+].[O-]C(=O)C(F)(F)F,CC(F)C(=O)C1(C)CCCO1,1.23,Li,TFA,S689754e2e743,160.188,119.955,297,64,4.641,5.1035,7640,True,False,not_built
296,298,eld11fece396b9,[Li+].[O-]C(=O)C(F)(F)F,COC(=O)CCC1CCCCCC1C,0.83,Li,TFA,S84e1b66e3a27,198.306,119.955,366,64,5.719,5.8185,13688,True,False,not_built
297,299,el39be9c3ee615,[Li+].[O-]C(=O)C(F)(F)F,CC(=O)C1CC2CCCC(C2)C1=O,1.19,Li,TFA,Sc945ef1d4e68,180.247,119.955,273,64,4.266,5.1601,8429,True,False,not_built
298,300,el37cec1d0bf24,[Li+].[O-]C(=O)C(F)(F)F,CCC1C(COC)C2C3CC3CC12C,1.23,Li,TFA,S71694db42c96,194.318,119.955,245,64,3.828,5.1035,9332,True,False,not_built
299,301,el83fc86f0a6d2,[Li+].[O-]C(=O)C(F)(F)F,CC(=O)C1C2CC3CC(C2)CC1C3,0.92,Li,TFA,S1714f3826520,178.275,119.955,365,64,5.703,5.6222,11827,True,False,not_built
300,302,el7428520a0fb4,[Li+].CCC(=O)[O-],CS(=O)(=O)CCCC1CCC1,1.46,Li,PROP,S3fa2564e7f67,176.281,80.012,232,64,3.625,4.8201,6968,True,False,not_built
301,303,elad935ef97cf0,[Li+].CCC(=O)[O-],CC1CC(C)(C)C(C)(C)CC1=O,1.5,Li,PROP,S4096ac4c09ea,168.28,80.012,236,64,3.688,4.7768,8256,True,False,not_built
302,304,el4ddba81fd2e2,[Li+].CCC(=O)[O-],CCOC(=O)CC1CC1C1CCCC1,1.1,Li,PROP,S7a56115b4c36,196.29,80.012,281,64,4.391,5.2971,10258,True,False,not_built
303,305,el8764f3ab98f7,[Li+].CCC(=O)[O-],CC1CC2C3C(C)(C)CCC23O1,0.52,Li,PROP,S189d47b3f15d,166.264,80.012,722,64,11.281,6.7999,22364,True,False,not_built
304,306,el9a7c36c3da86,[Li+].CCC(=O)[O-],CCC1CCC(Cl)C1C(C)=O,1.5,Li,PROP,Sb99841ae74a7,174.671,80.012,227,64,3.547,4.7768,6606,True,False,not_built
305,307,el2788836a71db,[Li+].CCC(=O)[O-],CCCC(F)C(=O)CC,1.32,Li,PROP,Sb67b2c0ecdaf,132.178,80.012,344,64,5.375,4.9848,8272,True,False,not_built
306,308,el84334ad11005,[Li+].CCC(=O)[O-],CCC1OC(=O)CCC1C(C)C,0.88,Li,PROP,S235b658d4b26,170.252,80.012,409,64,6.391,5.7062,12974,True,False,not_built
307,309,ela78fc91a3b60,[Li+].CCC(=O)[O-],COC(=O)CC1CCCCCC(C)C1,0.97,Li,PROP,Se3c12237517c,198.306,80.012,318,64,4.969,5.5239,12152,True,False,not_built
308,310,el6e94cd3b5398,[Li+].CCC(=O)[O-],CC12CC3C4CCC35CC(C1CO5)C42,0.34,Li,PROP,S69efe6872bba,190.286,80.012,973,64,15.203,7.8345,31840,True,False,not_built
309,311,ela1cf3b287c9b,[Li+].CCC(=O)[O-],CCCCC(=O)OCCC(C)C,0.57,Li,PROP,S19e8ece671ac,172.268,80.012,634,64,9.906,6.595,20992,True,False,not_built
310,312,el44d1f858c8a0,[Li+].CCC(=O)[O-],CC1C(=O)C2CCCC2C1=O,0.92,Li,PROP,S94838a92d05e,152.193,80.012,437,64,6.828,5.6222,10755,True,False,not_built
311,313,elfb15e89f8dc5,[Li+].CCC(=O)[O-],CCCC(=O)C(C)C(C)(C)C,0.61,Li,PROP,S540c9bce5ae8,156.269,80.012,652,64,10.188,6.4476,20916,True,False,not_built
312,314,el79673f469c25,[Li+].CCC(=O)[O-],CC12CCCC1(C)C(C(=O)C#N)CC2,0.66,Li,PROP,Sd9dc0fe3209c,191.274,80.012,491,64,7.672,6.2804,15925,True,False,not_built
313,315,el1bb067ef51fa,[Li+].CCC(=O)[O-],CC1CCC12CC2C(=O)OC1(C)CC1,0.61,Li,PROP,S1f168c1db747,194.274,80.012,525,64,8.203,6.4476,17504,True,False,not_built
314,316,elcd73820db90e,[Li+].CCC(=O)[O-],CCCCC(C)C(=O)C1CO1,0.57,Li,PROP,Sfcbb517ad521,156.225,80.012,699,64,10.922,6.595,19577,True,False,not_built
315,317,el6272da04156b,[Li+].CCC(=O)[O-],COC1=CSC=CC1,0.57,Li,PROP,S7646c4e68019,128.196,80.012,852,64,13.312,6.595,14336,True,False,not_built
316,318,elde458e473bf0,[Li+].CCC(=O)[O-],CC(=O)C1CC(C)CCC1C,0.3,Li,PROP,S43e65862d143,154.253,80.012,1363,64,21.297,8.1683,40231,True,False,not_built
317,319,el042e0d5ab3e1,[Li+].CCC(=O)[O-],CCC(=O)N1CCCCC1Cl,0.52,Li,PROP,S89865e0d679d,175.659,80.012,684,64,10.688,6.7999,17804,True,False,not_built
318,320,el74281f96b3ac,[Li+].CCC(=O)[O-],CC1C(=O)C(C#N)CC2CCCC21,0.88,Li,PROP,S6eddb517b5ea,177.247,80.012,393,64,6.141,5.7062,11708,True,False,not_built
319,321,el4117446d9945,[Li+].CCC(=O)[O-],CCC1CC(C)C1C(C)CCOC,1.46,Li,PROP,Se5d79f034af8,184.323,80.012,221,64,3.453,4.8201,8881,True,False,not_built
320,322,el8a3d5002db1e,[Li+].CCC(=O)[O-],CCCCC(C)OC(=O)OCC,1.46,Li,PROP,Sf0923465db12,174.24,80.012,234,64,3.656,4.8201,7724,True,False,not_built
321,323,eld0059a594546,[Li+].CCC(=O)[O-],CC(=O)C1CCCS(=O)(=O)C1,0.61,Li,PROP,S102a9bcca9d2,176.237,80.012,578,64,9.031,6.4476,13998,True,False,not_built
322,324,el797fe28598b2,[Li+].CCC(=O)[O-],CCCC1(CC)C(COC)C1(C)C,0.79,Li,PROP,S768fb88d8bed,184.323,80.012,423,64,6.609,5.9151,16355,True,False,not_built
323,325,elbabbdbde89ff,[Li+].CCC(=O)[O-],CCCCC(=O)C(C)(C)C(C)CC,1.46,Li,PROP,Sfd23e7eb1b3a,184.323,80.012,221,64,3.453,4.8201,8881,True,False,not_built
324,326,el2c058784ea08,[Li+].CCC(=O)[O-],CCC1C2C(C)C(=O)CCCC12OC,0.88,Li,PROP,Sa35cfc491e64,196.29,80.012,355,64,5.547,5.7062,12774,True,False,not_built
325,327,el6d4e952914bf,[Li+].[O-]C(=O)c1ccccc1,CSCC(C(=O)F)C(C)C(C)C,0.92,Li,BNZ,S2b37bc0ab1b1,192.299,128.056,337,64,5.266,5.6222,10733,True,False,not_built
326,328,elcd7a32bb564b,[Li+].[O-]C(=O)c1ccccc1,CCS(=O)(=O)CC(C)CCCl,1.19,Li,BNZ,S15e4a5daa0b8,198.715,128.056,246,64,3.844,5.1601,7356,True,False,not_built
327,329,el289e198d0436,[Li+].[O-]C(=O)c1ccccc1,CCC(=O)C(C)C1SCCS1,1.14,Li,BNZ,S5c7048949758,190.333,128.056,270,64,4.219,5.2344,7710,True,False,not_built
328,330,elba79a1d80ef2,[Li+].[O-]C(=O)c1ccccc1,CCCCC(=O)C(C)C(C)OC,0.7,Li,BNZ,S33048bd02f4d,172.268,128.056,503,64,7.859,6.1585,17056,True,False,not_built
329,331,el8a1dcf14a02f,[Li+].[O-]C(=O)c1ccccc1,COC1C(C(C)=O)C2CCC3CC31C2,1.19,Li,BNZ,Sb4f22c20dd4f,194.274,128.056,252,64,3.938,5.1601,9024,True,False,not_built
330,332,el115aa772e640,[Li+].[O-]C(=O)c1ccccc1,CCOC(=O)OCCCS(C)=O,0.92,Li,BNZ,S67d9707a7b0d,194.252,128.056,333,64,5.203,5.6222,9618,True,False,not_built
331,333,el826e1a9aa627,[Li+].[O-]C(=O)c1ccccc1,CC(=O)C1CCCS(=O)(=O)C1,1.41,Li,BNZ,S102a9bcca9d2,176.237,128.056,230,64,3.594,4.8764,6250,True,False,not_built
332,334,el8451c272e082,[Li+].[O-]C(=O)c1ccccc1,CC(=O)CCCC(C)C(C)(C)C#N,0.57,Li,BNZ,S854954286a9b,181.279,128.056,593,64,9.266,6.595,19936,True,False,not_built
333,335,elf54a8139bd33,[Li+].[O-]C(=O)c1ccccc1,CC(=O)C1C2CC3CC(C2)CC1C3,1.14,Li,BNZ,S1714f3826520,178.275,128.056,288,64,4.5,5.2344,9888,True,False,not_built
334,336,el6898222a35d1,[Li+].[O-]C(=O)c1ccccc1,CCCCCS(=O)(=O)CC,0.52,Li,BNZ,S6eabb7980054,164.27,128.056,720,64,11.25,6.7999,19680,True,False,not_built
335,337,el1f1b2029091f,[Li+].[O-]C(=O)c1ccccc1,CCCCC1C(C)C1CC(C)=O,0.34,Li,BNZ,Sfd7734abd377,168.28,128.056,1090,64,17.031,7.8345,35840,True,False,not_built
336,338,el138a9ec6a92c,[Li+].[O-]C(=O)c1ccccc1,CCC12CC3CC4COC3C(C1)C42,1.37,Li,BNZ,Sb703fe1a50f5,178.275,128.056,235,64,3.672,4.9234,8245,True,False,not_built
337,339,el5049f9ce48e2,[Li+].[O-]C(=O)c1ccccc1,CCN1C(C)CC(=O)C12CC2C,0.52,Li,BNZ,Sf4671bf64324,167.252,128.056,707,64,11.047,6.7999,21463,True,False,not_built
338,340,el331cce3c5561,[Li+].[O-]C(=O)c1ccccc1,COC(=O)C1CC(C)(F)CC1CF,1.5,Li,BNZ,S0e2a3cf7f309,192.205,128.056,197,64,3.078,4.7768,6279,True,False,not_built
339,341,el1d4e44f43cd1,[Li+].[O-]C(=O)c1ccccc1,CCC1CC(C)C1C(C)CCOC,0.48,Li,BNZ,Se5d79f034af8,184.323,128.056,697,64,10.891,6.9838,26749,True,False,not_built
340,342,el335bd6d48afb,[Li+].[O-]C(=O)c1ccccc1,CCC1CCCC(=O)C1Cl,1.01,Li,BNZ,S97aa1623b0ae,160.644,128.056,364,64,5.688,5.45,9332,True,False,not_built
341,343,elad2cde0eda01,[Li+].[O-]C(=O)c1ccccc1,CC1C2C(=O)C(=O)C(CC(C)(C)C)C12,0.83,Li,BNZ,S941de040ae01,194.274,128.056,372,64,5.812,5.8185,12864,True,False,not_built
342,344,elbbd0687f512b,[Li+].[O-]C(=O)c1ccccc1,CCC(C)CC(C)=O,1.37,Li,BNZ,Sdc50030926ce,114.188,128.056,367,64,5.734,4.9234,9034,True,False,not_built
343,345,el3dc2eb744388,[Li+].[O-]C(=O)c1ccccc1,CC(=O)C(C(C)=O)C1CC1C,0.52,Li,BNZ,Sd631448041a5,154.209,128.056,767,64,11.984,6.7999,20135,True,False,not_built
344,346,elf7ea736a2edb,[Li+].[O-]C(=O)c1ccccc1,CCC12CC(CCCCC1=O)C2,0.34,Li,BNZ,S6025d9407903,166.264,128.056,1103,64,17.234,7.8345,34050,True,False,not_built
345,347,el063b99c4dcfc,[Li+].[O-]C(=O)c1ccccc1,CC(=O)CCCCCCC(=O)C(C)=O,0.57,Li,BNZ,S7be2ef3249ce,198.262,128.056,542,64,8.469,6.595,18304,True,False,not_built
346,348,el836566e15e8b,[Li+].[O-]C(=O)c1ccccc1,CCCCC(OC)C(CC)CC,0.79,Li,BNZ,Sc99d9b16dbb5,172.312,128.056,442,64,6.906,5.9151,16872,True,False,not_built
347,349,el594e3bb59ff3,[Li+].[O-]C(=O)c1ccccc1,CCC1(OOC)CC1C,0.57,Li,BNZ,Se3c539fd0daf,130.187,128.056,825,64,12.891,6.595,19935,True,False,not_built
348,350,el8da1ae6945b1,[Li+].[O-]C(=O)c1ccccc1,CC1CCC(C)C12C(=O)CCCC2=O,0.7,Li,BNZ,S6d81f6960de1,194.274,128.056,446,64,6.969,6.1585,15232,True,False,not_built
349,351,el0e66faf1b6a8,[Li+].[O-]C(=O)c1ccccc1,CC1CC(CC(=O)C#N)C1,0.92,Li,BNZ,Sb803f99d9dd9,137.182,128.056,472,64,7.375,5.6222,10872,True,False,not_built
350,352,el4fcd2b663890,[Li+].[O-]C=O,CCCCC(C)C(C)SOC,1.06,Li,HCOO,Se732b32e0b9a,176.325,51.958,331,64,5.172,5.3629,10581,True,False,not_built
351,353,el7d8b1a748253,[Li+].[O-]C=O,CCCCC(C)CC(=O)CC,0.92,Li,HCOO,S4c6e570a4396,156.269,51.958,433,64,6.766,5.6222,13743,True,False,not_built
352,354,el7b8a3257a690,[Li+].[O-]C=O,CCC1(C(C)(C)C)OOC1=O,1.23,Li,HCOO,S11daa9807048,158.197,51.958,317,64,4.953,5.1035,8245,True,False,not_built
353,355,elc26469a78fc8,[Li+].[O-]C=O,COCCC(C(C)C)C(C)C,1.06,Li,HCOO,S4bbc75ff2226,158.285,51.958,369,64,5.766,5.3629,12497,True,False,not_built
354,356,el7e2d47564536,[Li+].[O-]C=O,CCC(CC)(OC(C)=O)SC,0.52,Li,HCOO,Sbc26b1321804,176.281,51.958,687,64,10.734,6.7999,18869,True,False,not_built
355,357,el3db7d93365b8,[Li+].[O-]C=O,CCCCC(C)(CC)CCC(C)=O,1.01,Li,HCOO,S7a6b389b9d55,184.323,51.958,333,64,5.203,5.45,12641,True,False,not_built
356,358,el1271250af725,[Li+].[O-]C=O,CCCC(CC)COC(=O)OCC,1.46,Li,HCOO,S741ce2435b05,188.267,51.958,222,64,3.469,4.8201,7646,True,False,not_built
357,359,el343d57bb1057,[Li+].[O-]C=O,CCOC(C)OC(=O)OC,0.52,Li,HCOO,Sa65afd9a774c,148.158,51.958,818,64,12.781,6.7999,18316,True,False,not_built
358,360,ele0a30fa3d43a,[Li+].[O-]C=O,CCCCCC(=O)OC(C)CCC,0.52,Li,HCOO,S2d92c9c846f8,186.295,51.958,650,64,10.156,6.7999,23070,True,False,not_built
359,361,el39b155d826a5,[Li+].[O-]C=O,CCCCC(C)C(=O)OOCF,1.46,Li,HCOO,S933ec6c66b81,178.203,51.958,235,64,3.672,4.8201,6665,True,False,not_built
360,362,el56f7612d493e,[Li+].[O-]C=O,COC(=O)CC1(CC(C)C)CCC1,1.06,Li,HCOO,S1dd77507259b,184.279,51.958,317,64,4.953,5.3629,10781,True,False,not_built
361,363,el62fbc39bec4c,[Li+].[O-]C=O,CSC1(C)CCC(=O)C(C)C1,0.7,Li,HCOO,S44dfa170824f,172.293,51.958,519,64,8.109,6.1585,14333,True,False,not_built
362,364,el338928b8c5d4,[Li+].[O-]C=O,CCCC(C)C(C)CCC(=O)CC#N,0.61,Li,HCOO,S5abea7358f4a,195.306,51.958,527,64,8.234,6.4476,18765,True,False,not_built
363,365,el12a24c4f47b3,[Li+].[O-]C=O,CCCC1SOC(C)(C)C1C,1.14,Li,HCOO,See7b7915ca26,174.309,51.958,311,64,4.859,5.2344,9339,True,False,not_built
364,366,el8f75f4aa0f8c,[Li+].[O-]C=O,CC1CC2CCC(C)C(C2)C1=O,0.97,Li,HCOO,Sf4642924395b,166.264,51.958,385,64,6.016,5.5239,11870,True,False,not_built
365,367,elfd2b19380976,[Li+].[O-]C=O,CC(=O)CCC(C)(C)C(C)C(C)C,0.7,Li,HCOO,S778694cdca07,184.323,51.958,485,64,7.578,6.1585,18265,True,False,not_built
366,368,elf8d1f197d324,[Li+].[O-]C=O,CCCC(C)C(C)S(=O)(=O)F,1.41,Li,HCOO,S0dfa37ccb00f,182.26,51.958,238,64,3.719,4.8764,6508,True,False,not_built
367,369,el585ff2c6b366,[Li+].[O-]C=O,CCCC(C(C)(C)C)C1(CC)OO1,0.79,Li,HCOO,S80f289dbd05c,186.295,51.958,424,64,6.625,5.9151,15160,True,False,not_built
368,370,el947ed2670de8,[Li+].[O-]C=O,CCC(SC)C(=O)OC(C)C,0.88,Li,HCOO,S12fd33700510,176.281,51.958,401,64,6.266,5.7062,11147,True,False,not_built
369,371,ele2c99c9c996b,[Li+].[O-]C=O,CCCCC(C)S(=O)(=O)Cl,0.88,Li,HCOO,Sd18aae4c301d,184.688,51.958,383,64,5.984,5.7062,9129,True,False,not_built
370,372,elbdca1386c508,[Li+].[O-]C=O,COC(=O)C1CCCC(C(C)C)C1C,0.34,Li,HCOO,Sf1704d9e49e2,198.306,51.958,939,64,14.672,7.8345,34124,True,False,not_built
371,373,el02137619f2fe,[Li+].[O-]C=O,CC(=O)CC1CC1C1CC(C)C2CC21,0.66,Li,HCOO,S5abf042b60e2,192.302,51.958,494,64,7.719,6.2804,17116,True,False,not_built
372,374,el6606d9859924,[Li+].[O-]C=O,CCC(C#N)CS(=O)(=O)CC,1.23,Li,HCOO,S98fbd1dc7f19,175.253,51.958,286,64,4.469,5.1035,7184,True,False,not_built
373,375,el4b7b3a25b127,[Li+].[O-]C=O,CCC(C(=O)OC)S(=O)(=O)CC,0.48,Li,HCOO,S00ae5d24d88e,194.252,51.958,676,64,10.562,6.9838,17896,True,False,not_built
374,376,el81c9e9eca40b,[Li+].[O-]C=O,CCCCCC(F)C(=O)CN(C)C,0.48,Li,HCOO,S215c3dee5440,189.274,51.958,694,64,10.844,6.9838,23222,True,False,not_built
375,377,el9597af84c235,[Li+].COS(=O)(=O)[O-],CCCC12CC(C)C1CC(=O)O2,1.06,Li,MS,S10cf9329fa6e,168.236,118.039,332,64,5.188,5.3629,9936,True,False,not_built
376,378,el3af93a7090fa,[Li+].COS(=O)(=O)[O-],CCC1CC(C)C1C(C)CCOC,1.1,Li,MS,Se5d79f034af8,184.323,118.039,292,64,4.562,5.2971,11444,True,False,not_built
377,379,el6642d2b0c151,[Li+].COS(=O)(=O)[O-],CCCCC(C)OC(=O)OCC,0.43,Li,MS,Sf0923465db12,174.24,118.039,829,64,12.953,7.2446,25510,True,False,not_built
378,380,elf062c019204a,[Li+].COS(=O)(=O)[O-],CC1CCC2(CCC(=O)O2)C1(C)C,1.23,Li,MS,Sd88a8f4d1933,182.263,118.039,261,64,4.078,5.1035,8731,True,False,not_built
379,381,el4249d58f8a5c,[Li+].COS(=O)(=O)[O-],CCC1CCC2OC(=O)OC12,1.5,Li,MS,S44b0ad759a7a,156.181,118.039,245,64,3.828,4.7768,6275,True,False,not_built
380,382,el030348057c63,[Li+].COS(=O)(=O)[O-],CCS(=O)(=O)CC(C)CCCl,0.66,Li,MS,S15e4a5daa0b8,198.715,118.039,466,64,7.281,6.2804,12756,True,False,not_built
381,383,eld6ca62e80073,[Li+].COS(=O)(=O)[O-],CCCC(C)C1OC(=O)C1C,1.32,Li,MS,S483e2c366092,156.225,118.039,282,64,4.406,4.9848,8254,True,False,not_built
382,384,el4815e4eab197,[Li+].COS(=O)(=O)[O-],CSCCC(=O)CSC,0.97,Li,MS,Scd79c24ad6c2,164.295,118.039,375,64,5.859,5.5239,8515,True,False,not_built
383,385,el2c17578db792,[Li+].COS(=O)(=O)[O-],CCC1CC(C)(CC)C(=O)CC1(C)C,0.39,Li,MS,S3a7beacdebdd,196.334,118.039,813,64,12.703,7.4843,31534,True,False,not_built
384,386,eld1fee27fa96e,[Li+].COS(=O)(=O)[O-],CC12CCC3CCC(C1)C2COC3,0.7,Li,MS,S8f5ff86e310c,180.291,118.039,482,64,7.531,6.1585,16546,True,False,not_built
385,387,elc553892f06f2,[Li+].COS(=O)(=O)[O-],CC(=O)CC1CC1C1CC(C)C2CC21,0.88,Li,MS,S5abf042b60e2,192.302,118.039,355,64,5.547,5.7062,12710,True,False,not_built
386,388,eledf792f590f8,[Li+].COS(=O)(=O)[O-],COc1cc(-c2ccccc2)c[nH]1,0.79,Li,MS,S53b96ba881ae,173.215,118.039,442,64,6.906,5.9151,11248,True,False,not_built
387,389,el12b51ff10512,[Li+].COS(=O)(=O)[O-],CCCCC1C(C)C1CC(C)=O,0.7,Li,MS,Sfd7734abd377,168.28,118.039,517,64,8.078,6.1585,17184,True,False,not_built
388,390,el05aa4be530fd,[Li+].COS(=O)(=O)[O-],CCC(C(=O)OC)S(=O)(=O)CC,1.19,Li,MS,S00ae5d24d88e,194.252,118.039,254,64,3.969,5.1601,7244,True,False,not_built
389,391,el04bcb2a41c60,[Li+].COS(=O)(=O)[O-],CC1C(=O)C2CCCC2C1=O,1.41,Li,MS,S94838a92d05e,152.193,118.039,269,64,4.203,4.8764,6827,True,False,not_built
390,392,elb3e99e095067,[Li+].COS(=O)(=O)[O-],CC(=O)C1CC2CCCC(C2)C1=O,0.57,Li,MS,Sc945ef1d4e68,180.247,118.039,598,64,9.344,6.595,17982,True,False,not_built
391,393,el4f5d493cddbd,[Li+].COS(=O)(=O)[O-],CC(=O)C1(CC(C)C(C)C)CCCC1,0.83,Li,MS,Se74c9a4aaac2,196.334,118.039,370,64,5.781,5.8185,14700,True,False,not_built
392,394,el1a581bb9a76a,[Li+].COS(=O)(=O)[O-],COCC1C2C(C)C2C(C)CC1(C)C,1.46,Li,MS,S677f2e1835a5,196.334,118.039,201,64,3.141,4.8201,8278,True,False,not_built
393,395,elb4b1f7239ada,[Li+].COS(=O)(=O)[O-],CCCC1CC(=O)C(C(C)C)C1(C)C,0.52,Li,MS,Sd86af9db6f52,196.334,118.039,604,64,9.438,6.7999,23592,True,False,not_built
394,396,elc6421c88a086,[Li+].COS(=O)(=O)[O-],CC1CC2CC(C2)C(C)C(=O)OC1C,0.3,Li,MS,S06b428d05009,196.29,118.039,1064,64,16.625,8.1683,36816,True,False,not_built
395,397,elb9bd67501151,[Li+].COS(=O)(=O)[O-],CC1CC(CC(=O)C#N)C1,1.19,Li,MS,Sb803f99d9dd9,137.182,118.039,360,64,5.625,5.1601,8200,True,False,not_built
396,398,el5f6545c6bd23,[Li+].COS(=O)(=O)[O-],CC(C)C(C)OC(C)C(F)(F)F,0.92,Li,MS,Sd3005650658b,184.201,118.039,354,64,5.531,5.6222,10198,True,False,not_built
397,399,elbf1ff6e1c642,[Li+].COS(=O)(=O)[O-],CCC1C(OC(C)=O)OC(=O)C1C#N,0.52,Li,MS,S66c63f162273,197.19,118.039,602,64,9.406,6.7999,15690,True,False,not_built
398,400,elcfd143cfb14c,[Li+].COS(=O)(=O)[O-],CCOC(=O)OCOCC(C)Cl,0.88,Li,MS,S6500218e7fd1,196.63,118.039,347,64,5.422,5.7062,9315,True,False,not_built
399,401,el474fcb68b36f,[Li+].COS(=O)(=O)[O-],CCC1CC2C(OC)CC(C)C2(C)C1,1.32,Li,MS,Sed183be5a1b2,196.334,118.039,224,64,3.5,4.9848,9152,True,False,not_built
400,402,eled75a297c3f1,[Li+].[S-]C#N,CCCOCCC1CC(C)CCC1C,1.01,Li,SCN,S91316768d2cc,198.35,65.026,307,64,4.797,5.45,12536,True,False,not_built
401,403,elbd526a050088,[Li+].[S-]C#N,CCC(C)OC(=O)CSC,0.48,Li,SCN,Sbb7fa83b9196,162.254,65.026,807,64,12.609,6.9838,19624,True,False,not_built
402,404,el054d02010cbc,[Li+].[S-]C#N,CC(C)(CS(=O)(=O)F)C1CC1,0.7,Li,SCN,S47844fb1745a,180.244,65.026,494,64,7.719,6.1585,12112,True,False,not_built
403,405,elf0b4e23c2324,[Li+].[S-]C#N,CC1C(=O)C2CCCC2C1=O,0.48,Li,SCN,S94838a92d05e,152.193,65.026,860,64,13.438,6.9838,20036,True,False,not_built
404,406,elcdc444334cc6,[Li+].[S-]C#N,CCC(C#N)CS(=O)(=O)CC,0.34,Li,SCN,S98fbd1dc7f19,175.253,65.026,1060,64,16.562,7.8345,25696,True,False,not_built
405,407,el71c48d4dfe2a,[Li+].[S-]C#N,CC(F)C(=O)C1(C)CCCO1,1.37,Li,SCN,S689754e2e743,160.188,65.026,276,64,4.312,4.9234,6880,True,False,not_built
406,408,el34536f1f9031,[Li+].[S-]C#N,CCC(CC)OP(=O)(Cl)CC,0.74,Li,SCN,Scac2624e0cf1,198.63,65.026,423,64,6.609,6.0454,11677,True,False,not_built
407,409,elb1fd6dea4057,[Li+].[S-]C#N,CC1C(=O)C2CCCC(C)(C2)C1(C)C,0.61,Li,SCN,Sa779ca5c4dc5,194.318,65.026,527,64,8.234,6.4476,19228,True,False,not_built
408,410,el56182a18c7bb,[Li+].[S-]C#N,CC(C)(C)c1ccc2c(c1)ON(F)O2,1.23,Li,SCN,Sfff8dded6392,197.209,65.026,251,64,3.922,5.1035,6782,True,False,not_built
409,411,elf917863d3fc9,[Li+].[S-]C#N,CC1CC(C)(C)C(C)(C)CC1=O,0.52,Li,SCN,S4096ac4c09ea,168.28,65.026,717,64,11.203,6.7999,23200,True,False,not_built
410,412,elb8e1997a4eb1,[Li+].[S-]C#N,CCCC1CC(=O)C(C(C)C)C1(C)C,0.3,Li,SCN,Sd86af9db6f52,196.334,65.026,1074,64,16.781,8.1683,41068,True,False,not_built
411,413,elc54ba94a8b18,[Li+].[S-]C#N,CCC(=O)C(CCC(C)C)OC,0.83,Li,SCN,S66cc5bdb407d,172.268,65.026,433,64,6.766,5.8185,14112,True,False,not_built
412,414,el5eadcbfc0484,[Li+].[S-]C#N,CC1CC(C)(C#N)C(=O)C2(C)CC12,1.28,Li,SCN,Sac66560e7d87,177.247,65.026,268,64,4.188,5.0362,7760,True,False,not_built
413,415,el4fe98a76a902,[Li+].[S-]C#N,CCCC(C(C)(C)C)C1(CC)OO1,1.1,Li,SCN,S80f289dbd05c,186.295,65.026,299,64,4.672,5.2971,10721,True,False,not_built
414,416,elfc52b68db587,[Li+].[S-]C#N,CC(=O)C(C)C1CC(C)C(C)C1,1.32,Li,SCN,Sbb03007c1b66,168.28,65.026,274,64,4.281,4.9848,9024,True,False,not_built
415,417,el55412f59bcc1,[Li+].[S-]C#N,CCCCCC(=O)OC(C)CCC,0.7,Li,SCN,S2d92c9c846f8,186.295,65.026,478,64,7.469,6.1585,16986,True,False,not_built
416,418,eld08d14620343,[Li+].[S-]C#N,CC1CCC(=O)CC(=O)C12CCCC2,1.28,Li,SCN,S9fc75bb3be25,194.274,65.026,245,64,3.828,5.0362,8096,True,False,not_built
417,419,eld5eb4eeffbd4,[Li+].[S-]C#N,CCN(C)S(=O)(=O)CC(C)C,0.66,Li,SCN,S42f2c28623a2,179.285,65.026,527,64,8.234,6.2804,15012,True,False,not_built
418,420,el3e7b62532e94,[Li+].[S-]C#N,CCC1(C)CC2C(C)C2C1C(=O)OC,0.97,Li,SCN,Sf7a80b70e1cf,196.29,65.026,324,64,5.062,5.5239,11272,True,False,not_built
419,421,el770d23c9dc2d,[Li+].[S-]C#N,CCC1CCCCC1C(=O)OC(C)C,1.32,Li,SCN,S0856fd16b158,198.306,65.026,232,64,3.625,4.9848,8608,True,False,not_built
420,422,elf64d36feb44f,[Li+].[S-]C#N,CC(=O)C1CC2CCCC(C2)C1=O,0.57,Li,SCN,Sc945ef1d4e68,180.247,65.026,609,64,9.516,6.595,17917,True,False,not_built
421,423,el5ec8213da3f2,[Li+].[S-]C#N,CSC1(C)CCC(=O)C(C)C1,0.66,Li,SCN,S44dfa170824f,172.293,65.026,549,64,8.578,6.2804,15079,True,False,not_built
422,424,el99206b57e73c,[Li+].[S-]C#N,CCCCC(=O)C(C)(C)C(C)C,1.41,Li,SCN,S3f15ac81e06e,170.296,65.026,252,64,3.938,4.8764,8824,True,False,not_built
423,425,el6553eff739f7,[Li+].[S-]C#N,CC1CC(CC(=O)C#N)C1,1.37,Li,SCN,Sb803f99d9dd9,137.182,65.026,323,64,5.047,4.9234,7039,True,False,not_built
424,426,el22621f19c913,[Li+].[S-]C#N,CC1(C)CCCCCS(=O)(=O)C1,1.41,Li,SCN,Se4b1fea15fa6,190.308,65.026,226,64,3.531,4.8764,7036,True,False,not_built
425,427,el66ccae274377,[Li+].[Br-],CCCC(=O)C(C)C(=O)CC(C)=O,0.48,Li,Br,S22d594f40992,184.235,86.845,706,64,11.031,6.9838,20602,True,False,not_built
426,428,el32305ae3450b,[Li+].[Br-],CC(=O)C1C2CCC(CSC2)C1C,0.43,Li,Br,S4d0c8ac3ea88,198.331,86.845,734,64,11.469,7.2446,22882,True,False,not_built
427,429,elb6ee456e07f3,[Li+].[Br-],CC(=O)CC(=O)C1(C)CC1C,1.23,Li,Br,S2b6667448be0,154.209,86.845,316,64,4.938,5.1035,8028,True,False,not_built
428,430,el3a2a5a7e69c0,[Li+].[Br-],CC(=O)CCC1CCC(C)O1,1.41,Li,Br,S618f437d963b,156.225,86.845,270,64,4.219,4.8764,7418,True,False,not_built
429,431,eladac3c910bc2,[Li+].[Br-],CCC1C2C(C)C(=O)CCCC12OC,1.37,Li,Br,Sa35cfc491e64,196.29,86.845,221,64,3.453,4.9234,7642,True,False,not_built
430,432,elafaacf284347,[Li+].[Br-],CCN(C)S(=O)(=O)CC(C)C,0.83,Li,Br,S42f2c28623a2,179.285,86.845,412,64,6.438,5.8185,11664,True,False,not_built
431,433,elc2a05693fb37,[Li+].[Br-],CCCOC(=O)OC(C)N(C)CC,1.1,Li,Br,Sc5afdc0d1f96,189.255,86.845,290,64,4.531,5.2971,9408,True,False,not_built
432,434,el0a0efbc0693f,[Li+].[Br-],CS(=O)(=O)C1CCCCC1,1.37,Li,Br,S5300873bc4a7,162.254,86.845,268,64,4.188,4.9234,6560,True,False,not_built
433,435,elb5f2305db632,[Li+].[Br-],CCCC(C)C(C)(C)CCC(C)=O,1.1,Li,Br,S46f60018b3ae,184.323,86.845,298,64,4.656,5.2971,11154,True,False,not_built
434,436,el64d8f3c4be8b,[Li+].[Br-],CCC(C)CC(C)=O,0.43,Li,Br,Sdc50030926ce,114.188,86.845,1275,64,19.922,7.2446,28178,True,False,not_built
435,437,el4b04551f5c5e,[Li+].[Br-],CCC1(C)CC(=O)CCC1(C)C,0.57,Li,Br,S105b713f5a46,168.28,86.845,648,64,10.125,6.595,20864,True,False,not_built
436,438,ela581f2421d24,[Li+].[Br-],CC12CCCC1(C)C(C(=O)C#N)CC2,0.79,Li,Br,Sd9dc0fe3209c,191.274,86.845,406,64,6.344,5.9151,12714,True,False,not_built
437,439,ele9f1cc6068bb,[Li+].[Br-],CCCC1C(CC)OCC1C1(C)CC1,0.52,Li,Br,S51a7cc6e236d,196.334,86.845,610,64,9.531,6.7999,23308,True,False,not_built
438,440,el2da7863d6ed2,[Li+].[Br-],CCCCC(=O)C(C)C(C)OC,0.3,Li,Br,S33048bd02f4d,172.268,86.845,1219,64,19.047,8.1683,39136,True,False,not_built
439,441,eldcdec3411c39,[Li+].[Br-],CCC(CC(C)(F)F)C(=O)CC#N,1.23,Li,Br,S226863e83430,189.205,86.845,258,64,4.031,5.1035,6836,True,False,not_built
440,442,el7eccb2dda5fb,[Li+].[Br-],CCCCC(C)C(C)SOC,0.92,Li,Br,Se732b32e0b9a,176.325,86.845,376,64,5.875,5.6222,11784,True,False,not_built
441,443,elefdf1744e6df,[Li+].[Br-],CCC(C)CC1(CC(=O)OC)CC1,0.34,Li,Br,Sd7375efb798f,184.279,86.845,1004,64,15.688,7.8345,33260,True,False,not_built
442,444,el28bdd9f10c71,[Li+].[Br-],CCC(=O)CC1OC(=O)C1C1CC1,1.28,Li,Br,Sb1b067069f60,182.219,86.845,256,64,4.0,5.0362,7040,True,False,not_built
443,445,elfba17a030ecc,[Li+].[Br-],COC(=O)C(C)C(C)S(=O)(=O)F,0.7,Li,Br,Saa5f97f3f22c,198.215,86.845,445,64,6.953,6.1585,10363,True,False,not_built
444,446,el744ef49267ee,[Li+].[Br-],CCC1COC(C)C2CCC2C1C,0.61,Li,Br,S73a7eb833b8f,182.307,86.845,558,64,8.719,6.4476,19658,True,False,not_built
445,447,eld4d574bc9c3f,[Li+].[Br-],CC1CC2C3C(C)(C)CCC23O1,1.28,Li,Br,S189d47b3f15d,166.264,86.845,281,64,4.391,5.0362,8558,True,False,not_built
446,448,el63d9e7425575,[Li+].[Br-],COC1=CSC=CC1,0.57,Li,Br,S7646c4e68019,128.196,86.845,850,64,13.281,6.595,13728,True,False,not_built
447,449,elb95fdb0fb3f4,[Li+].[Br-],CC12CCC3CCC(C1)C2COC3,0.48,Li,Br,S8f5ff86e310c,180.291,86.845,721,64,11.266,6.9838,23921,True,False,not_built
448,450,elaac9027912b6,[Li+].[Br-],CC1CCC(=O)CC(=O)C12CCCC2,0.43,Li,Br,S9fc75bb3be25,194.274,86.845,749,64,11.703,7.2446,24096,True,False,not_built
449,451,el7c4506ee13de,[Li+].[Br-],CCC1CCCCC1C(=O)OC(C)C,0.74,Li,Br,S0856fd16b158,198.306,86.845,420,64,6.562,6.0454,15248,True,False,not_built
450,452,el75ee04a3b900,[Li+].[Cl-],CC(=O)C1CC2CCCC(C2)C1=O,0.97,Li,Cl,Sc945ef1d4e68,180.247,42.394,357,64,5.578,5.5239,10481,True,False,not_built
451,453,el7ec76866f4a2,[Li+].[Cl-],CCCCCC(=O)OC(C)CCC,0.52,Li,Cl,S2d92c9c846f8,186.295,42.394,652,64,10.188,6.7999,22948,True,False,not_built
452,454,elf1cf0ee41de3,[Li+].[Cl-],CS(=O)(=O)CCCC1CCC1,0.88,Li,Cl,S3fa2564e7f67,176.281,42.394,404,64,6.312,5.7062,11036,True,False,not_built
453,455,el29c78c2ef911,[Li+].[Cl-],CCC(=O)C1(C)CC(C)CCCC1C,0.43,Li,Cl,S563675d9fccf,196.334,42.394,750,64,11.719,7.2446,28628,True,False,not_built
454,456,ela8daf00ccbad,[Li+].[Cl-],CCCCCC(C)C(=O)OCCC,0.39,Li,Cl,S9b643758157f,186.295,42.394,872,64,13.625,7.4843,30648,True,False,not_built
455,457,el4f1687849644,[Li+].[Cl-],CCCCC(OC(C)=O)C(C)(C)F,1.06,Li,Cl,S73f7060b1e00,190.258,42.394,309,64,4.828,5.3629,10016,True,False,not_built
456,458,elcda2b4fb575c,[Li+].[Cl-],CCCC1CC(=O)C(C(C)C)C1(C)C,0.57,Li,Cl,Sd86af9db6f52,196.334,42.394,564,64,8.812,6.595,21560,True,False,not_built
457,459,elbf715cc13db2,[Li+].[Cl-],COC(=O)OCC(=O)C(=O)C(C)C,0.92,Li,Cl,S8f1340067aec,188.179,42.394,361,64,5.641,5.6222,9153,True,False,not_built
458,460,elfd9fa4642a82,[Li+].[Cl-],CC1CCC(C)C12C(=O)CCCC2=O,0.66,Li,Cl,S6d81f6960de1,194.274,42.394,491,64,7.672,6.2804,15840,True,False,not_built
459,461,el0493c4b7ca4c,[Li+].[Cl-],CCC(C)C(=O)C1(C#N)CC1,0.3,Li,Cl,Sfe0a2224b0d6,151.209,42.394,1400,64,21.875,8.1683,33728,True,False,not_built
460,462,el7503ef589344,[Li+].[Cl-],CCC(C)C1CCC(CCOC)C1,0.61,Li,Cl,S4661e232cb14,184.323,42.394,561,64,8.766,6.4476,20885,True,False,not_built
461,463,eldadedfd036c5,[Li+].[Cl-],CCCC1C2CCC(C)C(C)C12OC,1.32,Li,Cl,Sd7bdaf9f3368,196.334,42.394,239,64,3.734,4.9848,9210,True,False,not_built
462,464,el06060d01a42a,[Li+].[Cl-],CCC12CC1OC(=O)CCCCC2C,1.1,Li,Cl,S87be929fcdd1,196.29,42.394,288,64,4.5,5.2971,9920,True,False,not_built
463,465,el99e36f8f0692,[Li+].[Cl-],CC(=O)CCCCCCC(=O)C(C)=O,0.39,Li,Cl,S7be2ef3249ce,198.262,42.394,820,64,12.812,7.4843,26368,True,False,not_built
464,466,el6c96d94ecc9d,[Li+].[Cl-],CCCC(C)(C)CC(=O)C(C)C(C)C,0.79,Li,Cl,S2aedd08cf251,198.35,42.394,400,64,6.25,5.9151,16128,True,False,not_built
465,467,el25a337712ff9,[Li+].[Cl-],CCN(C)S(=O)(=O)CC(C)C,1.14,Li,Cl,S42f2c28623a2,179.285,42.394,304,64,4.75,5.2344,8640,True,False,not_built
466,468,el931af7d43dc5,[Li+].[Cl-],CC1C2CC3CC14CC32CC4=O,1.41,Li,Cl,S3be81ebf022a,162.232,42.394,270,64,4.219,4.8764,7148,True,False,not_built
467,469,el733561c3fa7e,[Li+].[Cl-],CC1CC2CCCC(C(C)C)(C1)C2=O,1.41,Li,Cl,Sba2151eeb424,194.318,42.394,225,64,3.516,4.8764,8228,True,False,not_built
468,470,elb5591fe932d3,[Li+].[Cl-],CCS(=O)(=O)CCCC(C)(C)F,0.61,Li,Cl,Sdf29eb5de996,196.287,42.394,526,64,8.219,6.4476,15382,True,False,not_built
469,471,elbedccd228e7f,[Li+].[Cl-],CCC(P)CCC(C)=O,1.14,Li,Cl,Scf1923c7a087,146.17,42.394,373,64,5.828,5.2344,9080,True,False,not_built
470,472,el05b749a5108c,[Li+].[Cl-],CC1CC(C)(C)C(C)(C)CC1=O,0.34,Li,Cl,S4096ac4c09ea,168.28,42.394,1109,64,17.328,7.8345,35616,True,False,not_built
471,473,el7bdc8693c1d9,[Li+].[Cl-],CCC(SC)C(=O)OC(C)C,1.06,Li,Cl,S12fd33700510,176.281,42.394,333,64,5.203,5.3629,9119,True,False,not_built
472,474,el9358561baa9e,[Li+].[Cl-],CCCCC1C(C)C1CC(C)=O,0.48,Li,Cl,Sfd7734abd377,168.28,42.394,783,64,12.234,6.9838,25184,True,False,not_built
473,475,el4b1ed465624a,[Li+].[Cl-],CC1C(CS(C)(=O)=O)C1(C)C,0.34,Li,Cl,Scd162cff19ff,176.281,42.394,1059,64,16.547,7.8345,28721,True,False,not_built
474,476,el2a59d1df2023,[Li+].[Cl-],CCC1CCC(Cl)C1C(C)=O,0.7,Li,Cl,Sb99841ae74a7,174.671,42.394,514,64,8.031,6.1585,13492,True,False,not_built
475,477,el23e86e4f4219,[Li+].[O-]S(=O)(=O)c1ccc(C)cc1,CCCC(CC)COC(=O)OCC,0.74,Li,OTs,S741ce2435b05,188.267,178.138,424,64,6.625,6.0454,15208,True,False,not_built
476,478,el4c513d52d7c3,[Li+].[O-]S(=O)(=O)c1ccc(C)cc1,CC(=O)OCP,1.5,Li,OTs,Sf9576e27998a,106.061,178.138,339,64,5.297,4.7768,5623,True,False,not_built
477,479,el889995ce832c,[Li+].[O-]S(=O)(=O)c1ccc(C)cc1,COC(=O)C(=O)C(C)CC(C)Cl,1.28,Li,OTs,S714db46e8721,192.642,178.138,225,64,3.516,5.0362,6841,True,False,not_built
478,480,el0db352ba5c13,[Li+].[O-]S(=O)(=O)c1ccc(C)cc1,CC(=O)CC(=O)C1(C)CC1C,1.41,Li,OTs,S2b6667448be0,154.209,178.138,251,64,3.922,4.8764,7491,True,False,not_built
479,481,el7709f2ebd876,[Li+].[O-]S(=O)(=O)c1ccc(C)cc1,CC(=O)C1CC(C)CCC1C,1.01,Li,OTs,S43e65862d143,154.253,178.138,367,64,5.734,5.45,11859,True,False,not_built
480,482,elc59e2ea88ace,[Li+].[O-]S(=O)(=O)c1ccc(C)cc1,CCCCC(C)C(C)SOC,0.92,Li,OTs,Se732b32e0b9a,176.325,178.138,356,64,5.562,5.6222,12252,True,False,not_built
481,483,el89ec003df595,[Li+].[O-]S(=O)(=O)c1ccc(C)cc1,CC(C)(CS(=O)(=O)F)C1CC1,1.01,Li,OTs,S47844fb1745a,180.244,178.138,314,64,4.906,5.45,8752,True,False,not_built
482,484,el12047b714f35,[Li+].[O-]S(=O)(=O)c1ccc(C)cc1,CCCC(C)C(C)CCC(=O)CC#N,1.14,Li,OTs,S5abea7358f4a,195.306,178.138,253,64,3.953,5.2344,10071,True,False,not_built
483,485,el23cc3b51d87b,[Li+].[O-]S(=O)(=O)c1ccc(C)cc1,CCC(CC)CC(=O)C(C)CC,0.92,Li,OTs,S7bb1936c0770,170.296,178.138,369,64,5.766,5.6222,13762,True,False,not_built
484,486,ela484424f0aa3,[Li+].[O-]S(=O)(=O)c1ccc(C)cc1,CCC(CC)(OC(C)=O)SC,0.74,Li,OTs,Sbc26b1321804,176.281,178.138,453,64,7.078,6.0454,13447,True,False,not_built
485,487,el2e472c085da7,[Li+].[O-]S(=O)(=O)c1ccc(C)cc1,CCCC1(C)CC(=O)C12CCCC2C,0.79,Li,OTs,Sa6089f35064a,194.318,178.138,382,64,5.969,5.9151,14968,True,False,not_built
486,488,eleff2bd497b90,[Li+].[O-]S(=O)(=O)c1ccc(C)cc1,COC(=O)CC1CCCCCC(C)C1,1.01,Li,OTs,Se3c12237517c,198.306,178.138,286,64,4.469,5.45,11512,True,False,not_built
487,489,elb61558f08a83,[Li+].[O-]S(=O)(=O)c1ccc(C)cc1,CC12CC3(C)CC(C1)(C2)S3(=O)=O,1.32,Li,OTs,Sb198202ea31d,186.276,178.138,224,64,3.5,4.9848,7040,True,False,not_built
488,490,eld4e1ae3a34d2,[Li+].[O-]S(=O)(=O)c1ccc(C)cc1,CC(=O)C1CC2(C(C)=O)CC2C1C,0.66,Li,OTs,Se447765789e9,180.247,178.138,501,64,7.828,6.2804,15745,True,False,not_built
489,491,el77f87549e0f3,[Li+].[O-]S(=O)(=O)c1ccc(C)cc1,CC1CC(OC=O)CCC2(C)CC2C1,1.19,Li,OTs,S54ea9a861261,196.29,178.138,240,64,3.75,5.1601,9376,True,False,not_built
490,492,elb62e95039bba,[Li+].[O-]S(=O)(=O)c1ccc(C)cc1,CCN1C(C)CC(=O)C12CC2C,1.37,Li,OTs,Sf4671bf64324,167.252,178.138,239,64,3.734,4.9234,8147,True,False,not_built
491,493,ele275ff239f26,[Li+].[O-]S(=O)(=O)c1ccc(C)cc1,CCC1CCCCC(CC)C(=O)O1,1.01,Li,OTs,S6b77d1171968,184.279,178.138,307,64,4.797,5.45,11347,True,False,not_built
492,494,el54bfa0a6c062,[Li+].[O-]S(=O)(=O)c1ccc(C)cc1,CC1C(=O)C2CCCC2C1=O,0.92,Li,OTs,S94838a92d05e,152.193,178.138,413,64,6.453,5.6222,10715,True,False,not_built
493,495,el2b618687ead3,[Li+].[O-]S(=O)(=O)c1ccc(C)cc1,CCC1(OC(=O)OC)CCC(C)C1,1.1,Li,OTs,S21b3f288896b,186.251,178.138,276,64,4.312,5.2971,9772,True,False,not_built
494,496,elc9094f21128f,[Li+].[O-]S(=O)(=O)c1ccc(C)cc1,CCCC1SOC(C)(C)C1C,0.39,Li,OTs,See7b7915ca26,174.309,178.138,903,64,14.109,7.4843,27403,True,False,not_built
495,497,el499f68820be1,[Li+].[O-]S(=O)(=O)c1ccc(C)cc1,CC1CC2CCCC(C(C)C)(C1)C2=O,0.83,Li,OTs,Sba2151eeb424,194.318,178.138,362,64,5.656,5.8185,14248,True,False,not_built
496,498,el40c5a904039b,[Li+].[O-]S(=O)(=O)c1ccc(C)cc1,CC1C(=O)C(C#N)CC2CCCC21,1.01,Li,OTs,S6eddb517b5ea,177.247,178.138,320,64,5.0,5.45,10176,True,False,not_built
497,499,el8c2435b4f3be,[Li+].[O-]S(=O)(=O)c1ccc(C)cc1,CCCCC(CC)C1CC(=O)N1C,0.66,Li,OTs,Sb9c6d3d2c9f5,183.295,178.138,492,64,7.688,6.2804,17944,True,False,not_built
498,500,el35c1d3f091f8,[Li+].[O-]S(=O)(=O)c1ccc(C)cc1,COC(=O)C1(C)CCCC(=O)C1C,0.57,Li,OTs,S1a1cf1d818d4,184.235,178.138,573,64,8.953,6.595,17833,True,False,not_built
499,501,el6d0c9949c57e,[Li+].[O-]S(=O)(=O)c1ccc(C)cc1,CC(=O)CCC1CC(=O)C1C(C)C,0.52,Li,OTs,S5d41d348fe74,182.263,178.138,638,64,9.969,6.7999,20994,True,False,not_built
500,502,eld4af669e02cc,[Na+].[N-](S(=O)(=O)F)S(=O)(=O)F,CC1CCCC(C)S(=O)(=O)CC1,0.3,Na,FSI,S468a1305e7ef,190.308,203.123,1081,64,16.891,8.1683,33070,True,False,not_built
501,503,el5bb09f284fd1,[Na+].[N-](S(=O)(=O)F)S(=O)(=O)F,CC(C)(C)CC1CCS1(=O)=O,1.28,Na,FSI,S31bb49561b07,176.281,203.123,240,64,3.75,5.0362,7120,True,False,not_built
502,504,el285b2488a8f9,[Na+].[N-](S(=O)(=O)F)S(=O)(=O)F,CCC(P)CCC(C)=O,1.14,Na,FSI,Scf1923c7a087,146.17,203.123,332,64,5.188,5.2344,8608,True,False,not_built
503,505,el6e6b92519ac9,[Na+].[N-](S(=O)(=O)F)S(=O)(=O)F,CCCCC(C(C)=O)C(Cl)Cl,0.48,Na,FSI,Sb4b28df0322c,197.105,203.123,638,64,9.969,6.9838,16590,True,False,not_built
504,506,el555feafff27f,[Na+].[N-](S(=O)(=O)F)S(=O)(=O)F,CCCOC(=O)OCCC(C)OC,1.1,Na,FSI,Sfa9b574ca493,190.239,203.123,266,64,4.156,5.2971,8886,True,False,not_built
505,507,el3101751c75ff,[Na+].[N-](S(=O)(=O)F)S(=O)(=O)F,COC(=O)C1(C)CCCC(=O)C1C,0.74,Na,FSI,S1a1cf1d818d4,184.235,203.123,428,64,6.688,6.0454,13052,True,False,not_built
506,508,el22604b6e4904,[Na+].[N-](S(=O)(=O)F)S(=O)(=O)F,CC1CCC(=O)CC(=O)C12CCCC2,1.19,Na,FSI,S9fc75bb3be25,194.274,203.123,237,64,3.703,5.1601,8224,True,False,not_built
507,509,elf1efd5d0edd6,[Na+].[N-](S(=O)(=O)F)S(=O)(=O)F,COP(C)(=O)CC(=O)CC(C)C,1.19,Na,FSI,S8608d8fc97d1,192.195,203.123,240,64,3.75,5.1601,7600,True,False,not_built
508,510,el00557a54850c,[Na+].[N-](S(=O)(=O)F)S(=O)(=O)F,CCCC(C)CC(=O)OC(C)=O,0.39,Na,FSI,S8af73807eb6d,172.224,203.123,908,64,14.188,7.4843,26064,True,False,not_built
509,511,el4851fc42136e,[Na+].[N-](S(=O)(=O)F)S(=O)(=O)F,CC1=C[C@H](F)C=CO1,0.43,Na,FSI,Sd88a7ba70eab,114.119,203.123,1237,64,19.328,7.2446,19195,True,False,not_built
510,512,el1b7a137f2e4b,[Na+].[N-](S(=O)(=O)F)S(=O)(=O)F,CCC(C)C(=O)CCC(C)(C)C(C)=O,1.23,Na,FSI,S50bb80543e6c,198.306,203.123,224,64,3.5,5.1035,8704,True,False,not_built
511,513,el995390d6359d,[Na+].[N-](S(=O)(=O)F)S(=O)(=O)F,CCCCCC1CC1C(=O)C(=O)C#N,1.01,Na,FSI,Sf307e9b7d786,193.246,203.123,288,64,4.5,5.45,8992,True,False,not_built
512,514,el28081ace298c,[Na+].[N-](S(=O)(=O)F)S(=O)(=O)F,CC(CC1CCC1)C(=O)Cl,0.34,Na,FSI,Sbf7df6db1f34,160.644,203.123,1124,64,17.562,7.8345,26492,True,False,not_built
513,515,elcf75c6d4efd1,[Na+].[N-](S(=O)(=O)F)S(=O)(=O)F,CCC1OC(=O)CCC1C(C)C,0.52,Na,FSI,S235b658d4b26,170.252,203.123,678,64,10.594,6.7999,20980,True,False,not_built
514,516,elcda21ddd4b26,[Na+].[N-](S(=O)(=O)F)S(=O)(=O)F,CCCC12CCOC1(CC)C2,0.34,Na,FSI,S7f239775ead5,154.253,203.123,1171,64,18.297,7.8345,34599,True,False,not_built
515,517,elcbdc4a505837,[Na+].[N-](S(=O)(=O)F)S(=O)(=O)F,CC1CC(C)(C)C(C)(C)CC1=O,0.79,Na,FSI,S4096ac4c09ea,168.28,203.123,436,64,6.812,5.9151,14592,True,False,not_built
516,518,elb79b6aab4510,[Na+].[N-](S(=O)(=O)F)S(=O)(=O)F,CCC(=O)C(C)C(CC)SC#N,0.57,Na,FSI,Sca8850f40247,185.292,203.123,565,64,8.828,6.595,15895,True,False,not_built
517,519,el2fbf1a917856,[Na+].[N-](S(=O)(=O)F)S(=O)(=O)F,COc1cc(-c2ccccc2)c[nH]1,1.19,Na,FSI,S53b96ba881ae,173.215,203.123,266,64,4.156,5.1601,7024,True,False,not_built
518,520,el1990cdf6bc9d,[Na+].[N-](S(=O)(=O)F)S(=O)(=O)F,CCCCC(C)C(=O)C(C)(C#N)CC,0.3,Na,FSI,Sa4b7429fc237,195.306,203.123,1053,64,16.453,8.1683,37495,True,False,not_built
519,521,el801805c2cc4a,[Na+].[N-](S(=O)(=O)F)S(=O)(=O)F,CCC1COC(C)C2CCC2C1C,0.61,Na,FSI,S73a7eb833b8f,182.307,203.123,534,64,8.344,6.4476,19330,True,False,not_built
520,522,elfaead8b59a96,[Na+].[N-](S(=O)(=O)F)S(=O)(=O)F,CCCCCC(=O)N(C=O)CCC,1.1,Na,FSI,Sbeca3cf453ae,185.267,203.123,273,64,4.266,5.2971,9376,True,False,not_built
521,523,elf016e2075edf,[Na+].[N-](S(=O)(=O)F)S(=O)(=O)F,CC(=O)CCCC(C)C(C)(C)C#N,0.34,Na,FSI,S854954286a9b,181.279,203.123,996,64,15.562,7.8345,32512,True,False,not_built
522,524,el98f3b09b922f,[Na+].[N-](S(=O)(=O)F)S(=O)(=O)F,CCCC(F)C(=O)CC,0.34,Na,FSI,Sb67b2c0ecdaf,132.178,203.123,1366,64,21.344,7.8345,30692,True,False,not_built
523,525,el7277cf8b013a,[Na+].[N-](S(=O)(=O)F)S(=O)(=O)F,CC1C(CS(C)(=O)=O)C1(C)C,0.83,Na,FSI,Scd162cff19ff,176.281,203.123,394,64,6.156,5.8185,11278,True,False,not_built
524,526,el40b76af48165,[Na+].[N-](S(=O)(=O)F)S(=O)(=O)F,CCC12CC(CCCCC1=O)C2,1.14,Na,FSI,S6025d9407903,166.264,203.123,292,64,4.562,5.2344,9400,True,False,not_built
525,527,el58def863ac39,[Na+].[N-](S(=O)(=O)C(F)(F)F)S(=O)(=O)C(F)(F)F,CCCC(C)CC(C)S(C)(=O)=O,1.5,Na,TFSI,S215eed19c40e,192.324,303.137,163,64,2.547,4.7768,6240,True,False,not_built
526,528,el2eaedc455a52,[Na+].[N-](S(=O)(=O)C(F)(F)F)S(=O)(=O)C(F)(F)F,CCCC(C(C)C)C(C)C(=O)OC,0.34,Na,TFSI,S154d08ee4719,186.295,303.137,949,64,14.828,7.8345,34239,True,False,not_built
527,529,el350bcb64a22f,[Na+].[N-](S(=O)(=O)C(F)(F)F)S(=O)(=O)C(F)(F)F,CCCC(=O)C(C#N)C(CC)CC,1.23,Na,TFSI,S85bff4aaac3b,181.279,303.137,224,64,3.5,5.1035,8192,True,False,not_built
528,530,el1e0fca2b1f10,[Na+].[N-](S(=O)(=O)C(F)(F)F)S(=O)(=O)C(F)(F)F,COC(=O)C(C)CS(C)(=O)=O,1.1,Na,TFSI,S0daec2fd1c9a,180.225,303.137,260,64,4.062,5.2971,7004,True,False,not_built
529,531,el9eeb3e77b0aa,[Na+].[N-](S(=O)(=O)C(F)(F)F)S(=O)(=O)C(F)(F)F,CC(=O)CCCCCCC(=O)C(C)=O,1.32,Na,TFSI,S7be2ef3249ce,198.262,303.137,187,64,2.922,4.9848,7008,True,False,not_built
530,532,elffbbce8dbe69,[Na+].[N-](S(=O)(=O)C(F)(F)F)S(=O)(=O)C(F)(F)F,CC1CC2CCCC3(CCCC3=O)C12,0.39,Na,TFSI,S8b1bf3f51566,192.302,303.137,794,64,12.406,7.4843,28020,True,False,not_built
531,533,el33c3ec93b13e,[Na+].[N-](S(=O)(=O)C(F)(F)F)S(=O)(=O)C(F)(F)F,CC1(C)CCCCCS(=O)(=O)C1,0.61,Na,TFSI,Se4b1fea15fa6,190.308,303.137,491,64,7.672,6.4476,15754,True,False,not_built
532,534,el3c89c54aaeb7,[Na+].[N-](S(=O)(=O)C(F)(F)F)S(=O)(=O)C(F)(F)F,CCC1CCC2C3CCC3OC(=O)C12,0.66,Na,TFSI,Scc9eb242aee3,194.274,303.137,440,64,6.875,6.2804,15104,True,False,not_built
533,535,elb24d181c7786,[Na+].[N-](S(=O)(=O)C(F)(F)F)S(=O)(=O)C(F)(F)F,CCCCCC(F)C(=O)CN(C)C,0.74,Na,TFSI,S215c3dee5440,189.274,303.137,397,64,6.203,6.0454,14125,True,False,not_built
534,536,el9df5f4e6c434,[Na+].[N-](S(=O)(=O)C(F)(F)F)S(=O)(=O)C(F)(F)F,CCCC1(CC)OOOC1C,0.74,Na,TFSI,S3edb542cccd8,160.213,303.137,469,64,7.328,6.0454,13687,True,False,not_built
535,537,el2b657b9cdd81,[Na+].[N-](S(=O)(=O)C(F)(F)F)S(=O)(=O)C(F)(F)F,COC1CCCC(C2CCC3CC32)C1,0.48,Na,TFSI,Sd269ffaefcd5,194.318,303.137,627,64,9.797,6.9838,23596,True,False,not_built
536,538,el1ae7d167b18f,[Na+].[N-](S(=O)(=O)C(F)(F)F)S(=O)(=O)C(F)(F)F,COCC1C2C(C)C2C(C)CC1(C)C,1.5,Na,TFSI,S677f2e1835a5,196.334,303.137,159,64,2.484,4.7768,7066,True,False,not_built
537,539,el3576dc2f3b68,[Na+].[N-](S(=O)(=O)C(F)(F)F)S(=O)(=O)C(F)(F)F,CC(F)C(=O)C1(C)CCCO1,0.97,Na,TFSI,S689754e2e743,160.188,303.137,341,64,5.328,5.5239,9208,True,False,not_built
538,540,elc54156f9183e,[Na+].[N-](S(=O)(=O)C(F)(F)F)S(=O)(=O)C(F)(F)F,CCC(C)CC1(CC(=O)OC)CC1,0.57,Na,TFSI,Sd7375efb798f,184.279,303.137,547,64,8.547,6.595,19075,True,False,not_built
539,541,el97a8506c181c,[Na+].[N-](S(=O)(=O)C(F)(F)F)S(=O)(=O)C(F)(F)F,CCC(C)C1CCC(CCOC)C1,1.19,Na,TFSI,S4661e232cb14,184.323,303.137,230,64,3.594,5.1601,9534,True,False,not_built
540,542,el3afab3e241a9,[Na+].[N-](S(=O)(=O)C(F)(F)F)S(=O)(=O)C(F)(F)F,CCC(=O)CCC(=O)OC(C)=O,0.66,Na,TFSI,Sa6a3d5227fd7,172.18,303.137,497,64,7.766,6.2804,12952,True,False,not_built
541,543,elccfe56bb6f11,[Na+].[N-](S(=O)(=O)C(F)(F)F)S(=O)(=O)C(F)(F)F,COC1C(C(C)=O)C2CCC3CC31C2,1.1,Na,TFSI,Sb4f22c20dd4f,194.274,303.137,241,64,3.766,5.2971,8736,True,False,not_built
542,544,elbb7cd53faddc,[Na+].[N-](S(=O)(=O)C(F)(F)F)S(=O)(=O)C(F)(F)F,CC1C2CC3CC14CC32CC4=O,1.01,Na,TFSI,S3be81ebf022a,162.232,303.137,320,64,5.0,5.45,9344,True,False,not_built
543,545,elbaa94716a9e0,[Na+].[N-](S(=O)(=O)C(F)(F)F)S(=O)(=O)C(F)(F)F,CC1COCCCC1(C)C,0.48,Na,TFSI,S76cb98704df3,142.242,303.137,857,64,13.391,6.9838,25020,True,False,not_built
544,546,ele814fe7873e9,[Na+].[N-](S(=O)(=O)C(F)(F)F)S(=O)(=O)C(F)(F)F,CCC(C)C(OOC)C(C)C(C)C,0.66,Na,TFSI,S8bb7ec38e979,188.311,303.137,454,64,7.094,6.2804,17822,True,False,not_built
545,547,el3cbdfa8b6669,[Na+].[N-](S(=O)(=O)C(F)(F)F)S(=O)(=O)C(F)(F)F,COC(=O)CC1(CC(C)C)CCC1,0.7,Na,TFSI,S1dd77507259b,184.279,303.137,434,64,6.781,6.1585,15346,True,False,not_built
546,548,el99768e8ee6f6,[Na+].[N-](S(=O)(=O)C(F)(F)F)S(=O)(=O)C(F)(F)F,CCCCCC(=O)N(C=O)CCC,0.57,Na,TFSI,Sbeca3cf453ae,185.267,303.137,544,64,8.5,6.595,18432,True,False,not_built
547,549,el713e69bef0ed,[Na+].[N-](S(=O)(=O)C(F)(F)F)S(=O)(=O)C(F)(F)F,CC1=C[C@H](F)C=CO1,0.48,Na,TFSI,Sd88a7ba70eab,114.119,303.137,1068,64,16.688,6.9838,17044,True,False,not_built
548,550,el2f105d048356,[Na+].[N-](S(=O)(=O)C(F)(F)F)S(=O)(=O)C(F)(F)F,CCCCC(OC(C)=O)C(C)(C)F,1.06,Na,TFSI,S73f7060b1e00,190.258,303.137,257,64,4.016,5.3629,9248,True,False,not_built
549,551,elb89712ea78f8,[Na+].[N-](S(=O)(=O)C(F)(F)F)S(=O)(=O)C(F)(F)F,CCC1(C)CC2C(C)C2C1C(=O)OC,1.46,Na,TFSI,Sf7a80b70e1cf,196.29,303.137,165,64,2.578,4.8201,6634,True,False,not_built
550,552,el027fa3e1e530,[Na+].[N-](S(=O)(=O)C(F)(F)C(F)(F)F)S(=O)(=O)C(F)(F)C(F)(F)F,CCC(C)C(OOC)C(C)C(C)C,0.88,Na,Beti,S8bb7ec38e979,188.311,403.151,306,64,4.781,5.7062,12730,True,False,not_built
551,553,el950aefff40af,[Na+].[N-](S(=O)(=O)C(F)(F)C(F)(F)F)S(=O)(=O)C(F)(F)C(F)(F)F,CCC1C2C(C)C(=O)CCCC12OC,1.14,Na,Beti,Sa35cfc491e64,196.29,403.151,209,64,3.266,5.2344,8514,True,False,not_built
552,554,elc5cebf640b7d,[Na+].[N-](S(=O)(=O)C(F)(F)C(F)(F)F)S(=O)(=O)C(F)(F)C(F)(F)F,CCCCC(C)C(=O)OOCF,0.92,Na,Beti,S933ec6c66b81,178.203,403.151,305,64,4.766,5.6222,9643,True,False,not_built
553,555,el69b4eb26ecc5,[Na+].[N-](S(=O)(=O)C(F)(F)C(F)(F)F)S(=O)(=O)C(F)(F)C(F)(F)F,CC1COCC2(C1)C(=O)OCC2C#N,1.37,Na,Beti,S1c44bbe44955,195.218,403.151,162,64,2.531,4.9234,5782,True,False,not_built
554,556,el26a992acbbac,[Na+].[N-](S(=O)(=O)C(F)(F)C(F)(F)F)S(=O)(=O)C(F)(F)C(F)(F)F,CCCC(=O)C(C)C(C)C(C)C(C)C,1.06,Na,Beti,S652d24891b1c,198.35,403.151,228,64,3.562,5.3629,10528,True,False,not_built
555,557,el11d774c60d91,[Na+].[N-](S(=O)(=O)C(F)(F)C(F)(F)F)S(=O)(=O)C(F)(F)C(F)(F)F,CCCCC(C(C)=O)C(Cl)Cl,0.34,Na,Beti,Sb4b28df0322c,197.105,403.151,878,64,13.719,7.8345,23358,True,False,not_built
556,558,el9af71dce73ea,[Na+].[N-](S(=O)(=O)C(F)(F)C(F)(F)F)S(=O)(=O)C(F)(F)C(F)(F)F,CCC1COC(C)C2CCC2C1C,0.52,Na,Beti,S73a7eb833b8f,182.307,403.151,592,64,9.25,6.7999,22128,True,False,not_built
557,559,elccb8593fc13c,[Na+].[N-](S(=O)(=O)C(F)(F)C(F)(F)F)S(=O)(=O)C(F)(F)C(F)(F)F,CC1(C(F)F)CCCC1=O,1.19,Na,Beti,S51f19d4718d1,148.152,403.151,261,64,4.078,5.1601,6628,True,False,not_built
558,560,el26568f5c9585,[Na+].[N-](S(=O)(=O)C(F)(F)C(F)(F)F)S(=O)(=O)C(F)(F)C(F)(F)F,CCC(CC)CC(=O)C(C)CC,0.7,Na,Beti,S7bb1936c0770,170.296,403.151,448,64,7.0,6.1585,16640,True,False,not_built
559,561,el54388dd9db05,[Na+].[N-](S(=O)(=O)C(F)(F)C(F)(F)F)S(=O)(=O)C(F)(F)C(F)(F)F,CCCCC(C)CC(=O)CC,1.5,Na,Beti,S4c6e570a4396,156.269,403.151,176,64,2.75,4.7768,6864,True,False,not_built
560,562,el6a53b9d46770,[Na+].[N-](S(=O)(=O)C(F)(F)C(F)(F)F)S(=O)(=O)C(F)(F)C(F)(F)F,CCC12CC3CC4COC3C(C1)C42,0.34,Na,Beti,Sb703fe1a50f5,178.275,403.151,971,64,15.172,7.8345,31509,True,False,not_built
561,563,elf3a8c8cdf382,[Na+].[N-](S(=O)(=O)C(F)(F)C(F)(F)F)S(=O)(=O)C(F)(F)C(F)(F)F,CCS(=O)(=O)CC(C)CCCl,0.48,Na,Beti,S15e4a5daa0b8,198.715,403.151,595,64,9.297,6.9838,16878,True,False,not_built
562,564,el9a6925a7eb12,[Na+].[N-](S(=O)(=O)C(F)(F)C(F)(F)F)S(=O)(=O)C(F)(F)C(F)(F)F,CC1CC(CC(=O)C#N)C1,0.7,Na,Beti,Sb803f99d9dd9,137.182,403.151,556,64,8.688,6.1585,13084,True,False,not_built
563,565,el1e431be3266f,[Na+].[N-](S(=O)(=O)C(F)(F)C(F)(F)F)S(=O)(=O)C(F)(F)C(F)(F)F,CCC(C(=O)OC)S(=O)(=O)CC,1.5,Na,Beti,S00ae5d24d88e,194.252,403.151,142,64,2.219,4.7768,5100,True,False,not_built
564,566,el3c6cd7193996,[Na+].[N-](S(=O)(=O)C(F)(F)C(F)(F)F)S(=O)(=O)C(F)(F)C(F)(F)F,COC(=O)OCCCSSC,0.79,Na,Beti,S2fe9daef37e6,196.293,403.151,335,64,5.234,5.9151,9113,True,False,not_built
565,567,el95e2a7e08cf1,[Na+].[N-](S(=O)(=O)C(F)(F)C(F)(F)F)S(=O)(=O)C(F)(F)C(F)(F)F,CCCC(F)C(=O)CC,1.5,Na,Beti,Sb67b2c0ecdaf,132.178,403.151,208,64,3.25,4.7768,5984,True,False,not_built
566,568,el2c4428d02d46,[Na+].[N-](S(=O)(=O)C(F)(F)C(F)(F)F)S(=O)(=O)C(F)(F)C(F)(F)F,CC(=O)CC(C)CCOC(C)=O,0.61,Na,Beti,S306bd578470e,172.224,403.151,521,64,8.141,6.4476,15996,True,False,not_built
567,569,el1a0d0d219e46,[Na+].[N-](S(=O)(=O)C(F)(F)C(F)(F)F)S(=O)(=O)C(F)(F)C(F)(F)F,CN(C)C1=COC(C#N)=CO1,1.1,Na,Beti,S773fac990d31,152.153,403.151,283,64,4.422,5.2971,6785,True,False,not_built
568,570,el789ef47a27fa,[Na+].[N-](S(=O)(=O)C(F)(F)C(F)(F)F)S(=O)(=O)C(F)(F)C(F)(F)F,CCOC(=O)OCCCS(C)=O,0.88,Na,Beti,S67d9707a7b0d,194.252,403.151,296,64,4.625,5.7062,9104,True,False,not_built
569,571,elf919c179a1aa,[Na+].[N-](S(=O)(=O)C(F)(F)C(F)(F)F)S(=O)(=O)C(F)(F)C(F)(F)F,CCCC1(C)CC(=O)C12CCCC2C,0.88,Na,Beti,Sa6089f35064a,194.318,403.151,296,64,4.625,5.7062,12064,True,False,not_built
570,572,el46f4202d6000,[Na+].[N-](S(=O)(=O)C(F)(F)C(F)(F)F)S(=O)(=O)C(F)(F)C(F)(F)F,COC(=O)C(C)CS(C)(=O)=O,0.61,Na,Beti,S0daec2fd1c9a,180.225,403.151,498,64,7.781,6.4476,12862,True,False,not_built
571,573,eldeb1a2693a40,[Na+].[N-](S(=O)(=O)C(F)(F)C(F)(F)F)S(=O)(=O)C(F)(F)C(F)(F)F,COC1=CSC=CC1,0.57,Na,Beti,S7646c4e68019,128.196,403.151,757,64,11.828,6.595,13520,True,False,not_built
572,574,el5797c72c2f29,[Na+].[N-](S(=O)(=O)C(F)(F)C(F)(F)F)S(=O)(=O)C(F)(F)C(F)(F)F,CCCCC(C)(CC)CCC(C)=O,0.92,Na,Beti,S7a6b389b9d55,184.323,403.151,295,64,4.609,5.6222,12323,True,False,not_built
573,575,elde94bee11e52,[Na+].[N-](S(=O)(=O)C(F)(F)C(F)(F)F)S(=O)(=O)C(F)(F)C(F)(F)F,CC1(C(=O)Cl)CCCC1CCl,0.39,Na,Beti,S83a035dfd4b7,195.089,403.151,763,64,11.922,7.4843,18957,True,False,not_built
574,576,el337c0db2c1f7,[Na+].[N-](S(=O)(=O)C(F)(F)C(F)(F)F)S(=O)(=O)C(F)(F)C(F)(F)F,CCC(CC)(OC(C)=O)C(C)(C)C,0.7,Na,Beti,S1c0509a5bc15,186.295,403.151,409,64,6.391,6.1585,15723,True,False,not_built
575,577,el53e9821dad86,[Na+].[B-](F)(F)(F)F,CC(C)C(=O)C(=O)C(C)(C)CC#N,0.52,Na,BF4,S39eca86e5cae,181.235,109.794,656,64,10.25,6.7999,18752,True,False,not_built
576,578,el759c4e2d2b63,[Na+].[B-](F)(F)(F)F,CC1CC(C)(C)C(=O)CC1C(C)(C)C,1.19,Na,BF4,Sa28fab30c970,196.334,109.794,253,64,3.953,5.1601,9998,True,False,not_built
577,579,elac2cf27c569f,[Na+].[B-](F)(F)(F)F,CCCC1C2CCC(C)C(C)C12OC,1.32,Na,BF4,Sd7bdaf9f3368,196.334,109.794,226,64,3.531,4.9848,8972,True,False,not_built
578,580,el4718a9b9a0a5,[Na+].[B-](F)(F)(F)F,CCC(Cl)C(=O)C(C)=O,0.92,Na,BF4,Sa32c8c1fefe2,148.589,109.794,440,64,6.875,5.6222,8304,True,False,not_built
579,581,ele028db45df0a,[Na+].[B-](F)(F)(F)F,CCCCCS(=O)(=O)CC,0.88,Na,BF4,S6eabb7980054,164.27,109.794,418,64,6.531,5.7062,11252,True,False,not_built
580,582,el97abb02af78c,[Na+].[B-](F)(F)(F)F,COC1CCCC(C2CCC3CC32)C1,0.97,Na,BF4,Sd269ffaefcd5,194.318,109.794,318,64,4.969,5.5239,11832,True,False,not_built
581,583,el768877c674b5,[Na+].[B-](F)(F)(F)F,CCCCC(C)OC(=O)OCC,1.5,Na,BF4,Sf0923465db12,174.24,109.794,221,64,3.453,4.7768,7014,True,False,not_built
582,584,el654ad2ba842a,[Na+].[B-](F)(F)(F)F,CC1C(=O)C(C#N)CC2CCCC21,0.92,Na,BF4,S6eddb517b5ea,177.247,109.794,369,64,5.766,5.6222,10716,True,False,not_built
583,585,el6277edb70118,[Na+].[B-](F)(F)(F)F,CCCC(F)C(=O)CC,1.01,Na,BF4,Sb67b2c0ecdaf,132.178,109.794,448,64,7.0,5.45,10240,True,False,not_built
584,586,el07d2df643146,[Na+].[B-](F)(F)(F)F,CC1CCCC(C)S(=O)(=O)CC1,1.32,Na,BF4,S468a1305e7ef,190.308,109.794,233,64,3.641,4.9848,7374,True,False,not_built
585,587,eld965b5c0d8e2,[Na+].[B-](F)(F)(F)F,CC1CCC12CC2C(=O)OC1(C)CC1,1.28,Na,BF4,S1f168c1db747,194.274,109.794,236,64,3.688,5.0362,7936,True,False,not_built
586,588,el6388dd1b80db,[Na+].[B-](F)(F)(F)F,CCCCC(C(C)=O)C(Cl)Cl,0.97,Na,BF4,Sb4b28df0322c,197.105,109.794,314,64,4.906,5.5239,8234,True,False,not_built
587,589,el8cbeeab1b7c3,[Na+].[B-](F)(F)(F)F,CCCC(C(C)C)C(C)C(=O)OC,0.34,Na,BF4,S154d08ee4719,186.295,109.794,988,64,15.438,7.8345,34964,True,False,not_built
588,590,el05fcc4d452c4,[Na+].[B-](F)(F)(F)F,CC1COCCCC1(C)C,1.28,Na,BF4,S76cb98704df3,142.242,109.794,322,64,5.031,5.0362,9400,True,False,not_built
589,591,el6ccfedf72812,[Na+].[B-](F)(F)(F)F,CCC(=O)C(C)C(CC)SC#N,0.79,Na,BF4,Sca8850f40247,185.292,109.794,415,64,6.484,5.9151,11589,True,False,not_built
590,592,el076054ed45d4,[Na+].[B-](F)(F)(F)F,CC(=O)CCCC1CCC(=O)C1C,0.97,Na,BF4,Sd71247ea9c37,182.263,109.794,339,64,5.297,5.5239,10893,True,False,not_built
591,593,el9480cca9101d,[Na+].[B-](F)(F)(F)F,CC(CF)C1(CF)CCOC1,0.83,Na,BF4,Se980182157d3,164.195,109.794,444,64,6.938,5.8185,11484,True,False,not_built
592,594,el5fee4591c413,[Na+].[B-](F)(F)(F)F,CCCC(CC)OOC(=O)Cl,1.37,Na,BF4,Sd31dbf095844,180.631,109.794,236,64,3.688,4.9234,6048,True,False,not_built
593,595,el9b4d36963b52,[Na+].[B-](F)(F)(F)F,CC1CCC2(CCC(=O)O2)C1(C)C,0.57,Na,BF4,Sd88a8f4d1933,182.263,109.794,593,64,9.266,6.595,18767,True,False,not_built
594,596,el17e4301edcd3,[Na+].[B-](F)(F)(F)F,COC(=O)OC(CC(C)C)N(C)C,0.92,Na,BF4,S3aadd3bf5860,189.255,109.794,346,64,5.406,5.6222,11456,True,False,not_built
595,597,el2b7258e968ef,[Na+].[B-](F)(F)(F)F,CN(C)C1=COC(C#N)=CO1,0.39,Na,BF4,S773fac990d31,152.153,109.794,1051,64,16.422,7.4843,20353,True,False,not_built
596,598,elcbe2cea9ab18,[Na+].[B-](F)(F)(F)F,CCCCCC(F)C(=O)CN(C)C,1.37,Na,BF4,S215c3dee5440,189.274,109.794,225,64,3.516,4.9234,7809,True,False,not_built
597,599,eldee62e4c6d85,[Na+].[B-](F)(F)(F)F,CCCC(C)N(CC)CC(=O)CC,0.48,Na,BF4,Sda541a8e3cb1,185.311,109.794,697,64,10.891,6.9838,25476,True,False,not_built
598,600,ela3a932c00fe8,[Na+].[B-](F)(F)(F)F,CC(=O)CC1C(C)C2CCC1(C#N)C2,1.23,Na,BF4,S9c808b11287f,191.274,109.794,250,64,3.906,5.1035,8134,True,False,not_built
599,601,el330e5c069010,[Na+].[B-](F)(F)(F)F,CCCC(CCC(F)F)C(=O)OC,0.79,Na,BF4,S3edf6137d9c9,194.221,109.794,396,64,6.188,5.9151,11868,True,False,not_built
600,602,el67a259ecf939,[Na+].F[P-](F)(F)(F)(F)F,COC(=O)CC1CCCCCC(C)C1,1.14,Na,PF6,Se3c12237517c,198.306,167.952,251,64,3.922,5.2344,9548,True,False,not_built
601,603,el96da7fe80bac,[Na+].F[P-](F)(F)(F)(F)F,CC(C)(C)CC1CCS1(=O)=O,1.01,Na,PF6,S31bb49561b07,176.281,167.952,324,64,5.062,5.45,9260,True,False,not_built
602,604,elb79472763ff9,[Na+].F[P-](F)(F)(F)(F)F,CCOC(C)OC(=O)OC,0.52,Na,PF6,Sa65afd9a774c,148.158,167.952,788,64,12.312,6.7999,17848,True,False,not_built
603,605,elb086cf4b99e9,[Na+].F[P-](F)(F)(F)(F)F,COC1=CSC=CC1,0.43,Na,PF6,S7646c4e68019,128.196,167.952,1112,64,17.375,7.2446,18304,True,False,not_built
604,606,el17452f62aa19,[Na+].F[P-](F)(F)(F)(F)F,CCC(=O)C(CCC(C)C)OC,0.66,Na,PF6,S66cc5bdb407d,172.268,167.952,526,64,8.219,6.2804,17344,True,False,not_built
605,607,eldf18cad828ab,[Na+].F[P-](F)(F)(F)(F)F,CCCCC(=O)C(C)(C)C(C)CC,1.1,Na,PF6,Sfd23e7eb1b3a,184.323,167.952,281,64,4.391,5.2971,10909,True,False,not_built
606,608,el368b3bce2eaa,[Na+].F[P-](F)(F)(F)(F)F,CCCC(C(C)(C)C)C1(CC)OO1,0.92,Na,PF6,S80f289dbd05c,186.295,167.952,339,64,5.297,5.6222,12377,True,False,not_built
607,609,el3e308feedb7b,[Na+].F[P-](F)(F)(F)(F)F,CCCOC(=O)OCOC,1.06,Na,PF6,S8dd2bb084caf,148.158,167.952,365,64,5.703,5.3629,8542,True,False,not_built
608,610,elf897e37d927c,[Na+].F[P-](F)(F)(F)(F)F,COC(=O)OCC(=O)C(=O)C(C)C,0.57,Na,PF6,S8f1340067aec,188.179,167.952,563,64,8.797,6.595,14587,True,False,not_built
609,611,el4a20f8efc1ef,[Na+].F[P-](F)(F)(F)(F)F,CCC(CC)(OC(C)=O)C(C)(C)C,0.61,Na,PF6,S1c0509a5bc15,186.295,167.952,529,64,8.266,6.4476,19027,True,False,not_built
610,612,el57597148ef09,[Na+].F[P-](F)(F)(F)(F)F,CC1CC2CC(C2)C(C)C(=O)OC1C,1.01,Na,PF6,S06b428d05009,196.29,167.952,291,64,4.547,5.45,10406,True,False,not_built
611,613,el63b1fab9add6,[Na+].F[P-](F)(F)(F)(F)F,CCCC(C)CC(=O)OC(C)=O,1.19,Na,PF6,S8af73807eb6d,172.224,167.952,276,64,4.312,5.1601,8240,True,False,not_built
612,614,el6ac52d317fe7,[Na+].F[P-](F)(F)(F)(F)F,CC(=O)N(OC(=O)OCF)C(C)=O,1.14,Na,PF6,S405908ff67ce,193.13,167.952,258,64,4.031,5.2344,5930,True,False,not_built
613,615,el918543e533c1,[Na+].F[P-](F)(F)(F)(F)F,CCCC1C2CCC(C)C(C)C12OC,1.41,Na,PF6,Sd7bdaf9f3368,196.334,167.952,199,64,3.109,4.8764,8074,True,False,not_built
614,616,elffaa62189250,[Na+].F[P-](F)(F)(F)(F)F,CCN(C)S(=O)(=O)CC(C)C,0.88,Na,PF6,S42f2c28623a2,179.285,167.952,370,64,5.781,5.7062,10872,True,False,not_built
615,617,el677f0606fdce,[Na+].F[P-](F)(F)(F)(F)F,CC1CCC(=O)C(C)(C)CC1C,1.46,Na,PF6,S9a3e48c7329e,168.28,167.952,223,64,3.484,4.8201,7648,True,False,not_built
616,618,elf5f037464b37,[Na+].F[P-](F)(F)(F)(F)F,CCC(=O)CCC(=O)OC(C)=O,0.92,Na,PF6,Sa6a3d5227fd7,172.18,167.952,367,64,5.734,5.6222,9320,True,False,not_built
617,619,el062579835377,[Na+].F[P-](F)(F)(F)(F)F,CC12CC3(C)CC(C1)(C2)S3(=O)=O,0.61,Na,PF6,Sb198202ea31d,186.276,167.952,529,64,8.266,6.4476,14266,True,False,not_built
618,620,el10960d6ef1b0,[Na+].F[P-](F)(F)(F)(F)F,CC1(C(F)F)CCCC1=O,0.3,Na,PF6,S51f19d4718d1,148.152,167.952,1397,64,21.828,8.1683,28452,True,False,not_built
619,621,el63f24079c4dc,[Na+].F[P-](F)(F)(F)(F)F,CCC1(C(C)(C)C)OOC1=O,0.34,Na,PF6,S11daa9807048,158.197,167.952,1150,64,17.969,7.8345,29262,True,False,not_built
620,622,el20b52d47b5e3,[Na+].F[P-](F)(F)(F)(F)F,CCCOC(=O)C(C)C1CCC1CC,1.28,Na,PF6,S2c3975e95d78,198.306,167.952,220,64,3.438,5.0362,8432,True,False,not_built
621,623,el507ba16aba7f,[Na+].F[P-](F)(F)(F)(F)F,COC(=O)C(C)CC(C)CC(C)=O,0.74,Na,PF6,S7e691d351329,186.251,167.952,430,64,6.719,6.0454,13842,True,False,not_built
622,624,ela1871a035852,[Na+].F[P-](F)(F)(F)(F)F,CCC(C)C(OOC)C(C)C(C)C,1.01,Na,PF6,S8bb7ec38e979,188.311,167.952,303,64,4.734,5.45,11723,True,False,not_built
623,625,el07b5eec5c1c4,[Na+].F[P-](F)(F)(F)(F)F,CCOC(=O)OCCCS(C)=O,0.83,Na,PF6,S67d9707a7b0d,194.252,167.952,364,64,5.688,5.8185,9976,True,False,not_built
624,626,elb949c66c78b9,[Na+].F[P-](F)(F)(F)(F)F,CC(C)C(=O)C(=O)C(C)(C)CC#N,1.14,Na,PF6,S39eca86e5cae,181.235,167.952,275,64,4.297,5.2344,8212,True,False,not_built
625,627,el600a72e0019c,[Na+].[O-]Cl(=O)(=O)=O,CCC(=O)C(CCC(C)C)OC,0.7,Na,ClO4,S66cc5bdb407d,172.268,122.439,504,64,7.875,6.1585,16512,True,False,not_built
626,628,el601aac132944,[Na+].[O-]Cl(=O)(=O)=O,CCC1C(OC(C)=O)OC(=O)C1C#N,0.52,Na,ClO4,S66c63f162273,197.19,122.439,601,64,9.391,6.7999,15409,True,False,not_built
627,629,elfd7dd4958d06,[Na+].[O-]Cl(=O)(=O)=O,CCCCCCC(=O)CC(C)CCC,1.28,Na,ClO4,S013fdf74fdc1,198.35,122.439,229,64,3.578,5.0362,9544,True,False,not_built
628,630,elad70eb8157e9,[Na+].[O-]Cl(=O)(=O)=O,CCC(CC(C)(F)F)C(=O)CC#N,1.1,Na,ClO4,S226863e83430,189.205,122.439,283,64,4.422,5.2971,7742,True,False,not_built
629,631,el7120c0a35879,[Na+].[O-]Cl(=O)(=O)=O,CC12CCC3CCC(C1)C2COC3,0.52,Na,ClO4,S8f5ff86e310c,180.291,122.439,657,64,10.266,6.7999,22065,True,False,not_built
630,632,el27aa331f8461,[Na+].[O-]Cl(=O)(=O)=O,CCCC(=O)C(=O)OC,0.83,Na,ClO4,S350f767980e6,130.143,122.439,557,64,8.703,5.8185,10967,True,False,not_built
631,633,el98a82f1e129e,[Na+].[O-]Cl(=O)(=O)=O,CC(F)C(=O)C1(C)CCCO1,1.32,Na,ClO4,S689754e2e743,160.188,122.439,274,64,4.281,4.9848,6960,True,False,not_built
632,634,ela4d36f7b0ee6,[Na+].[O-]Cl(=O)(=O)=O,COC(=O)C1(C)CCC12CCCC2,1.46,Na,ClO4,S53881e841fcf,182.263,122.439,215,64,3.359,4.8201,7049,True,False,not_built
633,635,el6f89378482d2,[Na+].[O-]Cl(=O)(=O)=O,COC(=O)C(C)CS(C)(=O)=O,0.92,Na,ClO4,S0daec2fd1c9a,180.225,122.439,360,64,5.625,5.6222,8664,True,False,not_built
634,636,elb6bd47a673e9,[Na+].[O-]Cl(=O)(=O)=O,CC1C(=O)CCC2(C#N)C(C3CC3)C12,1.01,Na,ClO4,Sc049651726c3,189.258,122.439,310,64,4.844,5.45,9374,True,False,not_built
635,637,el82234e8d1996,[Na+].[O-]Cl(=O)(=O)=O,CCCC(=O)C(C)C(C)C(C)C(C)C,1.5,Na,ClO4,S652d24891b1c,198.35,122.439,192,64,3.0,4.7768,8064,True,False,not_built
636,638,el8e5b646ba49c,[Na+].[O-]Cl(=O)(=O)=O,CC(=O)C(C)(C)C(C)C#N,0.52,Na,ClO4,S4e3c54e90875,139.198,122.439,851,64,13.297,6.7999,19957,True,False,not_built
637,639,el5b70ac8ea9c0,[Na+].[O-]Cl(=O)(=O)=O,CCC(=O)N1CCCCC1Cl,0.52,Na,ClO4,S89865e0d679d,175.659,122.439,674,64,10.531,6.7999,17234,True,False,not_built
638,640,el3c44a0a89019,[Na+].[O-]Cl(=O)(=O)=O,CS(=O)(=O)C1CCCCC1,1.1,Na,ClO4,S5300873bc4a7,162.254,122.439,330,64,5.156,5.2971,8304,True,False,not_built
639,641,el9880a79c9bdc,[Na+].[O-]Cl(=O)(=O)=O,COC(=O)OCC1C2CCCC1C2,0.92,Na,ClO4,S0ef33bcac1ff,184.235,122.439,353,64,5.516,5.6222,10621,True,False,not_built
640,642,eld5a5b3a51870,[Na+].[O-]Cl(=O)(=O)=O,COc1cc(-c2ccccc2)c[nH]1,1.19,Na,ClO4,S53b96ba881ae,173.215,122.439,284,64,4.438,5.1601,7200,True,False,not_built
641,643,elf5df25ca4487,[Na+].[O-]Cl(=O)(=O)=O,COC1CCCC(C2CCC3CC32)C1,1.37,Na,ClO4,Sd269ffaefcd5,194.318,122.439,217,64,3.391,4.9234,8196,True,False,not_built
642,644,ele0e6a32f5cd0,[Na+].[O-]Cl(=O)(=O)=O,CC(=O)C1CCCS(=O)(=O)C1,0.3,Na,ClO4,S102a9bcca9d2,176.237,122.439,1184,64,18.5,8.1683,27616,True,False,not_built
643,645,el5084c34475cd,[Na+].[O-]Cl(=O)(=O)=O,CCOC(C)=O,1.19,Na,ClO4,S9c82a341e1dc,88.106,122.439,558,64,8.719,5.1601,8196,True,False,not_built
644,646,el1d389dd5fae1,[Na+].[O-]Cl(=O)(=O)=O,CC(=O)OC1CCC(OC(C)=O)C1,0.52,Na,ClO4,S8d0f73ca7c00,186.207,122.439,636,64,9.938,6.7999,17556,True,False,not_built
645,647,el511f00b46a7d,[Na+].[O-]Cl(=O)(=O)=O,COC(=O)C(=O)C(C)CC(C)Cl,1.32,Na,ClO4,S714db46e8721,192.642,122.439,228,64,3.562,4.9848,6084,True,False,not_built
646,648,ele8b493bfe053,[Na+].[O-]Cl(=O)(=O)=O,CCC(CC)(OC(C)=O)C(C)(C)C,1.14,Na,ClO4,S1c0509a5bc15,186.295,122.439,277,64,4.328,5.2344,10079,True,False,not_built
647,649,el0f98b9e5b747,[Na+].[O-]Cl(=O)(=O)=O,CCC(=O)C(C)CS(=O)C(C)C,1.37,Na,ClO4,S7bbcb126e0fa,190.308,122.439,221,64,3.453,4.9234,7014,True,False,not_built
648,650,elde41b92a1a48,[Na+].[O-]Cl(=O)(=O)=O,CC1CCC(C)C12C(=O)CCCC2=O,0.3,Na,ClO4,S6d81f6960de1,194.274,122.439,1074,64,16.781,8.1683,34752,True,False,not_built
649,651,el50d76652878d,[Na+].[O-]Cl(=O)(=O)=O,CCCC(CCC(F)F)C(=O)OC,0.39,Na,ClO4,S3edf6137d9c9,194.221,122.439,821,64,12.828,7.4843,24193,True,False,not_built
650,652,elea3ecb6362db,[Na+].[O-]S(=O)(=O)C(F)(F)F,COc1cc(-c2ccccc2)c[nH]1,0.7,Na,OTf,S53b96ba881ae,173.215,172.059,490,64,7.656,6.1585,12336,True,False,not_built
651,653,el7859cfdd8f6d,[Na+].[O-]S(=O)(=O)C(F)(F)F,CCOC(=O)C(C#N)(CC)CC(C)C,1.19,Na,OTf,S32d001e3f3b6,197.278,172.059,240,64,3.75,5.1601,8496,True,False,not_built
652,654,el761cf1e3f02d,[Na+].[O-]S(=O)(=O)C(F)(F)F,CCCCCCC(=O)CC(C)CCC,0.34,Na,OTf,S013fdf74fdc1,198.35,172.059,916,64,14.312,7.8345,37216,True,False,not_built
653,655,el35e243242ea2,[Na+].[O-]S(=O)(=O)C(F)(F)F,CCC1CCCC(=O)C1Cl,0.43,Na,OTf,S97aa1623b0ae,160.644,172.059,886,64,13.844,7.2446,20954,True,False,not_built
654,656,eld4049dae0690,[Na+].[O-]S(=O)(=O)C(F)(F)F,CCN(C)S(=O)(=O)CC(C)C,0.88,Na,OTf,S42f2c28623a2,179.285,172.059,370,64,5.781,5.7062,10936,True,False,not_built
655,657,el39e9926d40d3,[Na+].[O-]S(=O)(=O)C(F)(F)F,CCC12CC(CCCCC1=O)C2,0.92,Na,OTf,S6025d9407903,166.264,172.059,379,64,5.922,5.6222,11946,True,False,not_built
656,658,el07f66590ef1a,[Na+].[O-]S(=O)(=O)C(F)(F)F,CC12CC3C4CCC35CC(C1CO5)C42,1.46,Na,OTf,S69efe6872bba,190.286,172.059,196,64,3.062,4.8201,6848,True,False,not_built
657,659,el95297aadbf60,[Na+].[O-]S(=O)(=O)C(F)(F)F,CCCCCC1CC1C(=O)C(=O)C#N,1.19,Na,OTf,Sf307e9b7d786,193.246,172.059,245,64,3.828,5.1601,7681,True,False,not_built
658,660,elbe26cfcb69b1,[Na+].[O-]S(=O)(=O)C(F)(F)F,CCCC1C2CCC(C)C(C)C12OC,1.01,Na,OTf,Sd7bdaf9f3368,196.334,172.059,290,64,4.531,5.45,11596,True,False,not_built
659,661,ele5f41c6467be,[Na+].[O-]S(=O)(=O)C(F)(F)F,CC(C)(C)CC1CCS1(=O)=O,0.39,Na,OTf,S31bb49561b07,176.281,172.059,894,64,13.969,7.4843,24714,True,False,not_built
660,662,el2fa4e850b41b,[Na+].[O-]S(=O)(=O)C(F)(F)F,CC(=O)C1C2CCC(CSC2)C1C,1.46,Na,OTf,S4d0c8ac3ea88,198.331,172.059,188,64,2.938,4.8201,6404,True,False,not_built
661,663,elf2426cb1719a,[Na+].[O-]S(=O)(=O)C(F)(F)F,CC(=O)OC1CCC(OC(C)=O)C1,1.32,Na,OTf,S8d0f73ca7c00,186.207,172.059,226,64,3.531,4.9848,6678,True,False,not_built
662,664,ele5951c84b72b,[Na+].[O-]S(=O)(=O)C(F)(F)F,CCCCC1CC1C1C(=O)CCC1C,1.46,Na,OTf,S36c1e53a8081,194.318,172.059,192,64,3.0,4.8201,7488,True,False,not_built
663,665,eld559b3918bb3,[Na+].[O-]S(=O)(=O)C(F)(F)F,CCS(=O)(=O)C1CCC1,0.7,Na,OTf,S8c52916a9cc4,148.227,172.059,573,64,8.953,6.1585,12609,True,False,not_built
664,666,el11a82ef73b55,[Na+].[O-]S(=O)(=O)C(F)(F)F,CCCCCC(F)C(=O)CN(C)C,1.14,Na,OTf,S215c3dee5440,189.274,172.059,262,64,4.094,5.2344,9222,True,False,not_built
665,667,elf8c9cb1f8caf,[Na+].[O-]S(=O)(=O)C(F)(F)F,CCC1(OOC)CC1C,1.14,Na,OTf,Se3c539fd0daf,130.187,172.059,381,64,5.953,5.2344,9339,True,False,not_built
666,668,elcd489fe63490,[Na+].[O-]S(=O)(=O)C(F)(F)F,CCC1CCC(Cl)C1C(C)=O,0.97,Na,OTf,Sb99841ae74a7,174.671,172.059,341,64,5.328,5.5239,9442,True,False,not_built
667,669,el628ca76d6691,[Na+].[O-]S(=O)(=O)C(F)(F)F,CC(C)CCOC(=O)C(C)(C)F,0.43,Na,OTf,S18cb379914cf,176.231,172.059,808,64,12.625,7.2446,24008,True,False,not_built
668,670,el316c14c9465b,[Na+].[O-]S(=O)(=O)C(F)(F)F,CC(=O)CC1CC1C1CC(C)C2CC21,0.3,Na,OTf,S5abf042b60e2,192.302,172.059,1076,64,16.812,8.1683,37160,True,False,not_built
669,671,elf44ed6e93c02,[Na+].[O-]S(=O)(=O)C(F)(F)F,CCC(=O)C(C)C(CC)SC#N,1.41,Na,OTf,Sca8850f40247,185.292,172.059,210,64,3.281,4.8764,6246,True,False,not_built
670,672,el4d26f57c8a09,[Na+].[O-]S(=O)(=O)C(F)(F)F,CCCCCC(C)C(=O)OCCC,0.34,Na,OTf,S9b643758157f,186.295,172.059,976,64,15.25,7.8345,34736,True,False,not_built
671,673,el9b1aa2b907a8,[Na+].[O-]S(=O)(=O)C(F)(F)F,CC1C(=O)C2CCCC2C1=O,1.01,Na,OTf,S94838a92d05e,152.193,172.059,374,64,5.844,5.45,9178,True,False,not_built
672,674,el8f92de505bd5,[Na+].[O-]S(=O)(=O)C(F)(F)F,CC1(C(=O)Cl)CCCC1CCl,1.1,Na,OTf,S83a035dfd4b7,195.089,172.059,265,64,4.141,5.2971,6671,True,False,not_built
673,675,el30afc4651a07,[Na+].[O-]S(=O)(=O)C(F)(F)F,CCC1(C)CC2C(C)C2C1C(=O)OC,0.66,Na,OTf,Sf7a80b70e1cf,196.29,172.059,461,64,7.203,6.2804,16250,True,False,not_built
674,676,ele2a3cce56aed,[Na+].[O-]S(=O)(=O)C(F)(F)F,CC(=O)CC(C)CCOC(C)=O,1.19,Na,OTf,S306bd578470e,172.224,172.059,275,64,4.297,5.1601,8276,True,False,not_built
675,677,el011a86025467,[Na+].[N-](C#N)C#N,CCN1C(C)CC(=O)C12CC2C,1.06,Na,DCA,Sf4671bf64324,167.252,89.033,341,64,5.328,5.3629,10273,True,False,not_built
676,678,el1d62d5760f4f,[Na+].[N-](C#N)C#N,CCOC(=O)CC1CC1C1CCCC1,1.23,Na,DCA,S7a56115b4c36,196.29,89.033,248,64,3.875,5.1035,8816,True,False,not_built
677,679,ela440e2cabbc3,[Na+].[N-](C#N)C#N,CC(=O)C1CC(C)CCC1C,0.83,Na,DCA,S43e65862d143,154.253,89.033,478,64,7.469,5.8185,14246,True,False,not_built
678,680,el2c045d0ae822,[Na+].[N-](C#N)C#N,COc1cc(-c2ccccc2)c[nH]1,0.92,Na,DCA,S53b96ba881ae,173.215,89.033,382,64,5.969,5.6222,9552,True,False,not_built
679,681,el14b2c29afb88,[Na+].[N-](C#N)C#N,CCC1(C)CC2C(C)C2C1C(=O)OC,1.14,Na,DCA,Sf7a80b70e1cf,196.29,89.033,269,64,4.203,5.2344,9530,True,False,not_built
680,682,elace084ec205c,[Na+].[N-](C#N)C#N,CCCC1(CC)OOOC1C,1.06,Na,DCA,S3edb542cccd8,160.213,89.033,356,64,5.562,5.3629,9996,True,False,not_built
681,683,el6671bd684b67,[Na+].[N-](C#N)C#N,COC(=O)OCC1C2CCCC1C2,0.39,Na,DCA,S0ef33bcac1ff,184.235,89.033,873,64,13.641,7.4843,25701,True,False,not_built
682,684,el7700718eac37,[Na+].[N-](C#N)C#N,COC(=O)C(C)C(C)S(=O)(=O)F,0.66,Na,DCA,Saa5f97f3f22c,198.215,89.033,472,64,7.375,6.2804,11240,True,False,not_built
683,685,el5b1001463fd0,[Na+].[N-](C#N)C#N,CC1C2CCC(C)(C)C1OC(=O)O2,1.41,Na,DCA,Sc48b3e380db0,184.235,89.033,228,64,3.562,4.8764,6996,True,False,not_built
684,686,elb1b0fd482bb6,[Na+].[N-](C#N)C#N,CC(=O)C(C)C1CC(C)C(C)C1,0.7,Na,DCA,Sbb03007c1b66,168.28,89.033,523,64,8.172,6.1585,17120,True,False,not_built
685,687,elf0c8aa34442f,[Na+].[N-](C#N)C#N,CCCCC(=O)C(C)(C)C(C)C,1.41,Na,DCA,S3f15ac81e06e,170.296,89.033,247,64,3.859,4.8764,8782,True,False,not_built
686,688,el7ed052bc75a3,[Na+].[N-](C#N)C#N,CCC(C)(C)CCC(=O)N1CCCO1,0.7,Na,DCA,Sbfb28e1331c0,199.294,89.033,442,64,6.906,6.1585,15854,True,False,not_built
687,689,el320926c08101,[Na+].[N-](C#N)C#N,CC(CF)C1(CF)CCOC1,0.97,Na,DCA,Se980182157d3,164.195,89.033,381,64,5.953,5.5239,9909,True,False,not_built
688,690,el4835c0ec58de,[Na+].[N-](C#N)C#N,COC(=O)C1(C)CCCC(=O)C1C,0.66,Na,DCA,S1a1cf1d818d4,184.235,89.033,508,64,7.938,6.2804,15116,True,False,not_built
689,691,ela533dc35cc4c,[Na+].[N-](C#N)C#N,CCCC(=O)C(CC)S(C)(=O)=O,0.48,Na,DCA,S0963cf231b77,192.28,89.033,676,64,10.562,6.9838,19312,True,False,not_built
690,692,el34180ad77d52,[Na+].[N-](C#N)C#N,COC(=O)OC(CC(C)C)N(C)C,1.01,Na,DCA,S3aadd3bf5860,189.255,89.033,317,64,4.953,5.45,10528,True,False,not_built
691,693,el60e07268768e,[Na+].[N-](C#N)C#N,CCC1C(OC(C)=O)OC(=O)C1C#N,0.57,Na,DCA,S66c63f162273,197.19,89.033,552,64,8.625,6.595,14184,True,False,not_built
692,694,elebf471394888,[Na+].[N-](C#N)C#N,CCCC(C)OC(=O)OC(C)=O,0.66,Na,DCA,Sd65f75c3bea9,174.196,89.033,537,64,8.391,6.2804,14346,True,False,not_built
693,695,el7a1789e87caa,[Na+].[N-](C#N)C#N,CCC(CC(C)=O)C(=O)CC(F)F,1.32,Na,DCA,Sf4b76415d7ab,192.205,89.033,235,64,3.672,4.9848,6729,True,False,not_built
694,696,ela20bf41aaf73,[Na+].[N-](C#N)C#N,CCC(=O)C(C)CS(=O)C(C)C,1.1,Na,DCA,S7bbcb126e0fa,190.308,89.033,288,64,4.5,5.2971,9024,True,False,not_built
695,697,ele5607cbacb5a,[Na+].[N-](C#N)C#N,C=Cc1ccc(C(C)=O)s1,1.19,Na,DCA,Sa86757a9ca26,152.218,89.033,331,64,5.172,5.1601,6342,True,False,not_built
696,698,el16f4bf244aeb,[Na+].[N-](C#N)C#N,CC1C(=O)C2CCCC2C1=O,1.5,Na,DCA,S94838a92d05e,152.193,89.033,258,64,4.031,4.7768,6318,True,False,not_built
697,699,elf62ddf5bf891,[Na+].[N-](C#N)C#N,COC(=O)OCCCSSC,1.23,Na,DCA,S2fe9daef37e6,196.293,89.033,248,64,3.875,5.1035,6088,True,False,not_built
698,700,elf3742612ea40,[Na+].[N-](C#N)C#N,CCCCCC(=O)N(C=O)CCC,1.46,Na,DCA,Sbeca3cf453ae,185.267,89.033,219,64,3.422,4.8201,7392,True,False,not_built
699,701,eldad254f6a7c6,[Na+].[N-](C#N)C#N,CCC(C)OC(=O)CSC,0.66,Na,DCA,Sbb7fa83b9196,162.254,89.033,577,64,9.016,6.2804,14232,True,False,not_built
700,702,elcc59c466d3cd,[Na+].[C-](C#N)(C#N)C#N,CCOC(C)=O,1.41,Na,TCM,S9c82a341e1dc,88.106,113.055,467,64,7.297,4.8764,7050,True,False,not_built
701,703,el0fc723de1c3a,[Na+].[C-](C#N)(C#N)C#N,CCCCC(OC(C)=O)C(C)(C)F,0.74,Na,TCM,S73f7060b1e00,190.258,113.055,432,64,6.75,6.0454,14336,True,False,not_built
702,704,el79355520dee8,[Na+].[C-](C#N)(C#N)C#N,CC1(C(=O)Cl)CCCC1CCl,1.1,Na,TCM,S83a035dfd4b7,195.089,113.055,276,64,4.312,5.2971,6860,True,False,not_built
703,705,elf4b486341094,[Na+].[C-](C#N)(C#N)C#N,CC1(C)CCCCCS(=O)(=O)C1,1.1,Na,TCM,Se4b1fea15fa6,190.308,113.055,283,64,4.422,5.2971,9002,True,False,not_built
704,706,el59bd5f67eb17,[Na+].[C-](C#N)(C#N)C#N,CC1CCC(=O)CC(=O)C12CCCC2,0.97,Na,TCM,S9fc75bb3be25,194.274,113.055,318,64,4.969,5.5239,10688,True,False,not_built
705,707,el01ea3c029085,[Na+].[C-](C#N)(C#N)C#N,CCC1(C)CC(=O)CCC1(C)C,1.41,Na,TCM,S105b713f5a46,168.28,113.055,244,64,3.812,4.8764,8320,True,False,not_built
706,708,el040df95768e1,[Na+].[C-](C#N)(C#N)C#N,CCC(=O)CCC(=O)OC(C)=O,1.01,Na,TCM,Sa6a3d5227fd7,172.18,113.055,343,64,5.359,5.45,8744,True,False,not_built
707,709,el6a82daeb38c9,[Na+].[C-](C#N)(C#N)C#N,CCC(=O)C1(C)CC(C)CCCC1C,0.88,Na,TCM,S563675d9fccf,196.334,113.055,349,64,5.453,5.7062,13774,True,False,not_built
708,710,el3cbed399a7de,[Na+].[C-](C#N)(C#N)C#N,CCCC(CCC(F)F)C(=O)OC,1.23,Na,TCM,S3edf6137d9c9,194.221,113.055,246,64,3.844,5.1035,7646,True,False,not_built
709,711,eld9a4ebfb2f4f,[Na+].[C-](C#N)(C#N)C#N,COC(=O)C(C)CC(C)(C)C(C)C,1.32,Na,TCM,S44b9815d0bb6,186.295,113.055,237,64,3.703,4.9848,8807,True,False,not_built
710,712,el5edcac10816a,[Na+].[C-](C#N)(C#N)C#N,COC(=O)C1CC(C)(F)CC1CF,1.28,Na,TCM,S0e2a3cf7f309,192.205,113.055,238,64,3.719,5.0362,6938,True,False,not_built
711,713,ele5d7ebfee049,[Na+].[C-](C#N)(C#N)C#N,CC(=O)CCCC(C)C(C)(C)C#N,0.88,Na,TCM,S854954286a9b,181.279,113.055,378,64,5.906,5.7062,12608,True,False,not_built
712,714,el42e0dbcada75,[Na+].[C-](C#N)(C#N)C#N,CCCCC1CC1C1C(=O)CCC1C,0.83,Na,TCM,S36c1e53a8081,194.318,113.055,375,64,5.859,5.8185,14012,True,False,not_built
713,715,el352af743882d,[Na+].[C-](C#N)(C#N)C#N,CC1=C[C@H](F)C=CO1,0.66,Na,TCM,Sd88a7ba70eab,114.119,113.055,812,64,12.688,6.2804,12692,True,False,not_built
714,716,elee0da27bd32d,[Na+].[C-](C#N)(C#N)C#N,CC(CS(C)(=O)=O)C(F)CF,0.92,Na,TCM,Sdaeeb9e5227e,186.223,113.055,351,64,5.484,5.6222,8585,True,False,not_built
715,717,elc9e5ef4ca6ef,[Na+].[C-](C#N)(C#N)C#N,CC(CF)C1(CF)CCOC1,0.74,Na,TCM,Se980182157d3,164.195,113.055,501,64,7.828,6.0454,13037,True,False,not_built
716,718,el3c7aef930efd,[Na+].[C-](C#N)(C#N)C#N,CCOC(=O)CC1CC1C1CCCC1,0.39,Na,TCM,S7a56115b4c36,196.29,113.055,814,64,12.719,7.4843,28188,True,False,not_built
717,719,elc65e5d4e5cdd,[Na+].[C-](C#N)(C#N)C#N,CCC(=O)C(C)C(CC)SC#N,0.83,Na,TCM,Sca8850f40247,185.292,113.055,393,64,6.141,5.8185,11123,True,False,not_built
718,720,elde2ac03d6bad,[Na+].[C-](C#N)(C#N)C#N,COCC1C2C(C)C2C(C)CC1(C)C,1.23,Na,TCM,S677f2e1835a5,196.334,113.055,243,64,3.797,5.1035,9746,True,False,not_built
719,721,eld5cb1bb4b08b,[Na+].[C-](C#N)(C#N)C#N,CCCC(OC)C1OC(=O)OC1=O,1.06,Na,TCM,S89917b3a9009,188.179,113.055,298,64,4.656,5.3629,7962,True,False,not_built
720,722,el2d27bdf2b66a,[Na+].[C-](C#N)(C#N)C#N,CC(C)C(C)OC(C)C(F)(F)F,0.57,Na,TCM,Sd3005650658b,184.201,113.055,586,64,9.156,6.595,16334,True,False,not_built
721,723,el96b7a9b398cf,[Na+].[C-](C#N)(C#N)C#N,CCC1CCC(Cl)C1C(C)=O,0.83,Na,TCM,Sb99841ae74a7,174.671,113.055,417,64,6.516,5.8185,11354,True,False,not_built
722,724,el64d72bd48798,[Na+].[C-](C#N)(C#N)C#N,CC(=O)OC1CCC(OC(C)=O)C1,0.97,Na,TCM,S8d0f73ca7c00,186.207,113.055,331,64,5.172,5.5239,9449,True,False,not_built
723,725,el02fef1f8ba62,[Na+].[C-](C#N)(C#N)C#N,CCOC(=O)OCOCC(C)Cl,0.92,Na,TCM,S6500218e7fd1,196.63,113.055,332,64,5.188,5.6222,8812,True,False,not_built
724,726,el86b72bd946b3,[Na+].[C-](C#N)(C#N)C#N,CCCOCCC1CC(C)CCC1C,0.3,Na,TCM,S91316768d2cc,198.35,113.055,1054,64,16.469,8.1683,42672,True,False,not_built
725,727,el5c6a25ef96fb,[Na+].[O-][N+](=O)=O,CN(C)C(=O)CC1(C)CC2CC1C2,0.88,Na,NO3,Saaf6455ac71f,181.279,84.994,384,64,6.0,5.7062,12608,True,False,not_built
726,728,eld5d842ef489e,[Na+].[O-][N+](=O)=O,CCCCCC(F)C(=O)CN(C)C,1.01,Na,NO3,S215c3dee5440,189.274,84.994,318,64,4.969,5.45,10814,True,False,not_built
727,729,ela5b2ea193191,[Na+].[O-][N+](=O)=O,CCOC(=O)OCCCS(C)=O,1.5,Na,NO3,S67d9707a7b0d,194.252,84.994,203,64,3.172,4.7768,5598,True,False,not_built
728,730,el4ffef7f168fb,[Na+].[O-][N+](=O)=O,CCCC(C)CC(=O)OC(C)=O,0.88,Na,NO3,S8af73807eb6d,172.224,84.994,404,64,6.312,5.7062,11632,True,False,not_built
729,731,el517e807eeb0c,[Na+].[O-][N+](=O)=O,CC(=O)C1C2CC3CC(C2)CC1C3,0.43,Na,NO3,S1714f3826520,178.275,84.994,817,64,12.766,7.2446,25647,True,False,not_built
730,732,el7976b5d7438d,[Na+].[O-][N+](=O)=O,CCCCCCCOS(C)(=O)=O,0.88,Na,NO3,S76874b16b9c2,194.296,84.994,358,64,5.594,5.7062,11060,True,False,not_built
731,733,el495fb96c835a,[Na+].[O-][N+](=O)=O,CCCC(C)C(C)S(=O)(=O)F,0.88,Na,NO3,S0dfa37ccb00f,182.26,84.994,381,64,5.953,5.7062,10226,True,False,not_built
732,734,el14d6c3d8a59f,[Na+].[O-][N+](=O)=O,CSCCC(=O)CSC,0.48,Na,NO3,Scd79c24ad6c2,164.295,84.994,792,64,12.375,6.9838,16952,True,False,not_built
733,735,eld046d111dc06,[Na+].[O-][N+](=O)=O,CCCC(C)C(C)CCC(=O)CC#N,1.37,Na,NO3,S5abea7358f4a,195.306,84.994,223,64,3.484,4.9234,8125,True,False,not_built
734,736,elbb720d1b5423,[Na+].[O-][N+](=O)=O,CCOC(=O)OCOCC(C)Cl,1.06,Na,NO3,S6500218e7fd1,196.63,84.994,291,64,4.547,5.3629,7595,True,False,not_built
735,737,el8da2f1f13ab1,[Na+].[O-][N+](=O)=O,CCCC(=O)CCCCC(F)CC,0.43,Na,NO3,Sa6dd15fd0e20,188.286,84.994,773,64,12.078,7.2446,26602,True,False,not_built
736,738,el6696f103673b,[Na+].[O-][N+](=O)=O,CC1CCC12CC2C(=O)OC1(C)CC1,0.3,Na,NO3,S1f168c1db747,194.274,84.994,1082,64,16.906,8.1683,34944,True,False,not_built
737,739,eld1241fd8a5ef,[Na+].[O-][N+](=O)=O,CCC(C)(C)CCC(=O)N1CCCO1,1.19,Na,NO3,Sbfb28e1331c0,199.294,84.994,254,64,3.969,5.1601,9210,True,False,not_built
738,740,ela0558d2bdb8c,[Na+].[O-][N+](=O)=O,COC1CCCC(C2CCC3CC32)C1,1.37,Na,NO3,Sd269ffaefcd5,194.318,84.994,224,64,3.5,4.9234,8384,True,False,not_built
739,741,el7d0b3b73b68a,[Na+].[O-][N+](=O)=O,CCN(C)S(=O)(=O)CC(C)C,0.52,Na,NO3,S42f2c28623a2,179.285,84.994,669,64,10.453,6.7999,19052,True,False,not_built
740,742,ela1e81d7b2004,[Na+].[O-][N+](=O)=O,CCCC1C2CCC(C)C(C)C12OC,1.37,Na,NO3,Sd7bdaf9f3368,196.334,84.994,222,64,3.469,4.9234,8756,True,False,not_built
741,743,el7adc55323e91,[Na+].[O-][N+](=O)=O,CCCC1SOC(C)(C)C1C,0.97,Na,NO3,See7b7915ca26,174.309,84.994,360,64,5.625,5.5239,10760,True,False,not_built
742,744,el35bd0ec2077a,[Na+].[O-][N+](=O)=O,COCS(=O)(=O)C(C)(C)C,0.7,Na,NO3,S7adf30e6977e,166.242,84.994,531,64,8.297,6.1585,13064,True,False,not_built
743,745,el133959968bd9,[Na+].[O-][N+](=O)=O,CC(=O)CCCCC(C)CC(C)=O,0.88,Na,NO3,S6fb169a60611,184.279,84.994,377,64,5.891,5.7062,12761,True,False,not_built
744,746,elec8715b78cd3,[Na+].[O-][N+](=O)=O,CC1CC2CCCC(C(C)C)(C1)C2=O,0.97,Na,NO3,Sba2151eeb424,194.318,84.994,323,64,5.047,5.5239,11948,True,False,not_built
745,747,el370879d922ce,[Na+].[O-][N+](=O)=O,CCC(CCC(C)C(C)C)OC,0.74,Na,NO3,S2d7695c3830d,172.312,84.994,483,64,7.547,6.0454,17708,True,False,not_built
746,748,ela40209045271,[Na+].[O-][N+](=O)=O,CC1CC(C)(C)C(=O)CC1C(C)(C)C,1.28,Na,NO3,Sa28fab30c970,196.334,84.994,238,64,3.719,5.0362,9364,True,False,not_built
747,749,elfc57ccd46382,[Na+].[O-][N+](=O)=O,CC(CC1CCC1)C(=O)Cl,1.19,Na,NO3,Sbf7df6db1f34,160.644,84.994,315,64,4.922,5.1601,7565,True,False,not_built
748,750,el2116301efb01,[Na+].[O-][N+](=O)=O,CCCCC(=O)CCC(C)(C)C#N,0.61,Na,NO3,S8c9ce98c9a2b,181.279,84.994,561,64,8.766,6.4476,18272,True,False,not_built
749,751,el1eee848d8478,[Na+].[O-][N+](=O)=O,CCCCC(OC)C(CC)CC,0.97,Na,NO3,Sc99d9b16dbb5,172.312,84.994,364,64,5.688,5.5239,13424,True,False,not_built
750,752,el01d4c7ff62b2,[Na+].CC(=O)[O-],CCC(CC)OP(=O)(Cl)CC,0.74,Na,OAc,Scac2624e0cf1,198.63,82.034,420,64,6.562,6.0454,11852,True,False,not_built
751,753,elb4868dd0983c,[Na+].CC(=O)[O-],CCC12COC(CC1C)CC2(C)C,0.39,Na,OAc,Sc89b2e9a7cc2,182.307,82.034,883,64,13.797,7.4843,31417,True,False,not_built
752,754,el65d7a4859bc3,[Na+].CC(=O)[O-],CCCC(=O)OC1CCC(CC)C1,1.28,Na,OAc,Sf0ccf2ecc2c6,184.279,82.034,255,64,3.984,5.0362,8927,True,False,not_built
753,755,el894afde32117,[Na+].CC(=O)[O-],CCCCC(C)S(=O)(=O)Cl,0.61,Na,OAc,Sd18aae4c301d,184.688,82.034,551,64,8.609,6.4476,13185,True,False,not_built
754,756,el0b61a5ee6824,[Na+].CC(=O)[O-],CCCCCC(C)S(=O)(=O)CC,1.5,Na,OAc,Sc32ce9edf4f7,192.324,82.034,206,64,3.219,4.7768,7104,True,False,not_built
755,757,el71d594f1f6cf,[Na+].CC(=O)[O-],COC(=O)C1(C)CCC12CCCC2,1.06,Na,OAc,S53881e841fcf,182.263,82.034,314,64,4.906,5.3629,10246,True,False,not_built
756,758,el9206e9b94a34,[Na+].CC(=O)[O-],COC(=O)OC(CC(C)C)N(C)C,0.66,Na,OAc,S3aadd3bf5860,189.255,82.034,496,64,7.75,6.2804,16384,True,False,not_built
757,759,elbbd75528f231,[Na+].CC(=O)[O-],CCCC(C)(C)CC(=O)C(C)C(C)C,1.23,Na,OAc,S2aedd08cf251,198.35,82.034,247,64,3.859,5.1035,10392,True,False,not_built
758,760,elf022a9d803e4,[Na+].CC(=O)[O-],COC1=CSC=CC1,0.92,Na,OAc,S7646c4e68019,128.196,82.034,519,64,8.109,5.6222,8816,True,False,not_built
759,761,el82cc99945db8,[Na+].CC(=O)[O-],COOCC(C)CCC(C)C,1.06,Na,OAc,S3b94a1bccd96,160.257,82.034,357,64,5.578,5.3629,11579,True,False,not_built
760,762,elf5d82b7355fe,[Na+].CC(=O)[O-],CC(=O)OC1(C)CCCC(C)(C)C1C,1.46,Na,OAc,S2dc26f76daea,198.306,82.034,205,64,3.203,4.8201,7892,True,False,not_built
761,763,eld9bb03785fc8,[Na+].CC(=O)[O-],CCC(=O)C(C)CS(=O)C(C)C,0.74,Na,OAc,S7bbcb126e0fa,190.308,82.034,438,64,6.844,6.0454,13652,True,False,not_built
762,764,elae2332566b1e,[Na+].CC(=O)[O-],CCS(=O)(=O)CC(C)CCCl,0.57,Na,OAc,S15e4a5daa0b8,198.715,82.034,549,64,8.578,6.595,14786,True,False,not_built
763,765,elc091968acad1,[Na+].CC(=O)[O-],CC1CC2C3C(C)(C)CCC23O1,1.41,Na,OAc,S189d47b3f15d,166.264,82.034,254,64,3.969,4.8764,8132,True,False,not_built
764,766,el8a32f2490762,[Na+].CC(=O)[O-],CC(F)C(=O)C1(C)CCCO1,0.88,Na,OAc,S689754e2e743,160.188,82.034,435,64,6.797,5.7062,10952,True,False,not_built
765,767,ela50459ff15ef,[Na+].CC(=O)[O-],CCCC(=O)C(C)C(C)C(C)C(C)C,1.01,Na,OAc,S652d24891b1c,198.35,82.034,304,64,4.75,5.45,12672,True,False,not_built
766,768,elb433ddcfcc36,[Na+].CC(=O)[O-],CC(=O)CC1C(C)C2CCC1(C#N)C2,1.1,Na,OAc,S9c808b11287f,191.274,82.034,288,64,4.5,5.2971,9440,True,False,not_built
767,769,elb663f98c3615,[Na+].CC(=O)[O-],CC(C)C(C)CCCC(=O)C#N,0.34,Na,OAc,S11dbf603976a,167.252,82.034,1107,64,17.297,7.8345,32615,True,False,not_built
768,770,el3f81b06bbe07,[Na+].CC(=O)[O-],CCC(Cl)C(=O)C(C)=O,0.3,Na,OAc,Sa32c8c1fefe2,148.589,82.034,1415,64,22.109,8.1683,25982,True,False,not_built
769,771,el89932f663d06,[Na+].CC(=O)[O-],CCCCCC(F)C(=O)CN(C)C,0.66,Na,OAc,S215c3dee5440,189.274,82.034,496,64,7.75,6.2804,16880,True,False,not_built
770,772,el3e43b3539f76,[Na+].CC(=O)[O-],CCCCCS(=O)(=O)CC,1.19,Na,OAc,S6eabb7980054,164.27,82.034,309,64,4.828,5.1601,8546,True,False,not_built
771,773,el62e3b61f8af5,[Na+].CC(=O)[O-],CC(C)(C)CC1CCS1(=O)=O,0.88,Na,OAc,S31bb49561b07,176.281,82.034,395,64,6.172,5.7062,11177,True,False,not_built
772,774,el80387b1a3fe8,[Na+].CC(=O)[O-],CC1CCC(=O)C1C(C)C(C)(C)C,0.97,Na,OAc,Sd29032727b47,182.307,82.034,345,64,5.391,5.5239,12587,True,False,not_built
773,775,el656c92349344,[Na+].CC(=O)[O-],CCCC1CC1(C)C(=O)C#N,0.43,Na,OAc,S1ae25b2e2f71,151.209,82.034,964,64,15.062,7.2446,23648,True,False,not_built
774,776,elfdacf33a22ec,[Na+].CC(=O)[O-],CC1(C(F)F)CCCC1=O,0.3,Na,OAc,S51f19d4718d1,148.152,82.034,1419,64,22.172,8.1683,28892,True,False,not_built
775,777,el6c07eb877b4f,[Na+].[O-]C(=O)C(F)(F)F,CCC(C#N)CS(=O)(=O)CC,0.52,Na,TFA,S98fbd1dc7f19,175.253,136.004,673,64,10.516,6.7999,16664,True,False,not_built
776,778,elafae90d845d0,[Na+].[O-]C(=O)C(F)(F)F,CCCCC(=O)CCC(C)(C)C#N,1.01,Na,TFA,S8c9ce98c9a2b,181.279,136.004,321,64,5.016,5.45,10784,True,False,not_built
777,779,el1da737127f5e,[Na+].[O-]C(=O)C(F)(F)F,COCC(CC(C)C)C12CCCC1C2,0.79,Na,TFA,Sd36c3e562983,196.334,136.004,387,64,6.047,5.9151,15218,True,False,not_built
778,780,el0eb45a97c29f,[Na+].[O-]C(=O)C(F)(F)F,CCC(CC)OC1CC(=O)CC1CC,0.48,Na,TFA,Sd8d51051b665,198.306,136.004,647,64,10.109,6.9838,23804,True,False,not_built
779,781,el972e32fce5e4,[Na+].[O-]C(=O)C(F)(F)F,CCC(=O)C(C)C1SCCS1,1.1,Na,TFA,S5c7048949758,190.333,136.004,279,64,4.359,5.2971,7487,True,False,not_built
780,782,eld62d39cb171b,[Na+].[O-]C(=O)C(F)(F)F,CN(C)C1=COC(C#N)=CO1,0.52,Na,TFA,S773fac990d31,152.153,136.004,775,64,12.109,6.7999,15237,True,False,not_built
781,783,eld07d835dbe3a,[Na+].[O-]C(=O)C(F)(F)F,CC(=O)CC(=O)C1(C)CC1C,1.28,Na,TFA,S2b6667448be0,154.209,136.004,291,64,4.547,5.0362,7787,True,False,not_built
782,784,el9fa7632ae1a4,[Na+].[O-]C(=O)C(F)(F)F,CCCC(C)CC(=O)OC(C)=O,1.19,Na,TFA,S8af73807eb6d,172.224,136.004,283,64,4.422,5.1601,8436,True,False,not_built
783,785,eleea2b41ea7a0,[Na+].[O-]C(=O)C(F)(F)F,CCOC(=O)C(CC(C)=O)C1CC1C,1.32,Na,TFA,S47c98294ff41,198.262,136.004,219,64,3.422,4.9848,7520,True,False,not_built
784,786,elf72a65440d8c,[Na+].[O-]C(=O)C(F)(F)F,CCCC1C(CC)OCC1C1(C)CC1,1.37,Na,TFA,S51a7cc6e236d,196.334,136.004,212,64,3.312,4.9234,8568,True,False,not_built
785,787,el9b62b3ff9dc8,[Na+].[O-]C(=O)C(F)(F)F,CCC(C)C(=O)CCC(C)(C)C(C)=O,1.06,Na,TFA,S50bb80543e6c,198.306,136.004,279,64,4.359,5.3629,10556,True,False,not_built
786,788,ele347ef07ed1e,[Na+].[O-]C(=O)C(F)(F)F,CCCCC(C(C)=O)C(Cl)Cl,1.19,Na,TFA,Sb4b28df0322c,197.105,136.004,247,64,3.859,5.1601,6687,True,False,not_built
787,789,el8e6ce4f344bf,[Na+].[O-]C(=O)C(F)(F)F,CCC(Cl)C(=O)C(C)=O,0.3,Na,TFA,Sa32c8c1fefe2,148.589,136.004,1401,64,21.891,8.1683,25730,True,False,not_built
788,790,eld5494dc872f0,[Na+].[O-]C(=O)C(F)(F)F,CCC(CC(C)=O)C(=O)CC(F)F,1.14,Na,TFA,Sf4b76415d7ab,192.205,136.004,265,64,4.141,5.2344,7667,True,False,not_built
789,791,elf238d21859c0,[Na+].[O-]C(=O)C(F)(F)F,CC(=O)CCCC(C)C(C)(C)C#N,0.88,Na,TFA,S854954286a9b,181.279,136.004,373,64,5.828,5.7062,12448,True,False,not_built
790,792,ela53f512c93ec,[Na+].[O-]C(=O)C(F)(F)F,CCCOCCC1CC(C)CCC1C,0.52,Na,TFA,S91316768d2cc,198.35,136.004,595,64,9.297,6.7999,24312,True,False,not_built
791,793,el5949408c86db,[Na+].[O-]C(=O)C(F)(F)F,CC1OC(=O)OC2C(=O)N(C)C1C2C,0.97,Na,TFA,Se0fb22cee5fe,199.206,136.004,306,64,4.781,5.5239,8774,True,False,not_built
792,794,ela89517a63885,[Na+].[O-]C(=O)C(F)(F)F,CCC(=O)C(C)CS(=O)C(C)C,0.61,Na,TFA,S7bbcb126e0fa,190.308,136.004,524,64,8.188,6.4476,16232,True,False,not_built
793,795,el4db4ce2fb69a,[Na+].[O-]C(=O)C(F)(F)F,CCON(C)C(C)C1CCCS1,1.23,Na,TFA,S25d091ed29f0,189.324,136.004,248,64,3.875,5.1035,8200,True,False,not_built
794,796,elb55e269b8892,[Na+].[O-]C(=O)C(F)(F)F,CCCOC(=O)OCCC(C)OC,0.66,Na,TFA,Sfa9b574ca493,190.239,136.004,483,64,7.547,6.2804,15485,True,False,not_built
795,797,eld9b1748e8592,[Na+].[O-]C(=O)C(F)(F)F,CCN1C(C)CC(=O)C12CC2C,1.14,Na,TFA,Sf4671bf64324,167.252,136.004,305,64,4.766,5.2344,9357,True,False,not_built
796,798,elbf1ce583cdad,[Na+].[O-]C(=O)C(F)(F)F,CCCCCC(=O)OC(C)CCC,1.1,Na,TFA,S2d92c9c846f8,186.295,136.004,285,64,4.453,5.2971,10487,True,False,not_built
797,799,el51a9175acd1e,[Na+].[O-]C(=O)C(F)(F)F,CCC1CCC(C)(C)C(=O)C1,0.43,Na,TFA,S0debb2ea78ce,154.253,136.004,932,64,14.562,7.2446,27540,True,False,not_built
798,800,elea66fee3564c,[Na+].[O-]C(=O)C(F)(F)F,CC(C)CCOC(=O)C(C)(C)F,1.28,Na,TFA,S18cb379914cf,176.231,136.004,255,64,3.984,5.0362,7907,True,False,not_built
799,801,elbc0964625274,[Na+].[O-]C(=O)C(F)(F)F,CCC1CCCC12CC(=O)OC2C,0.57,Na,TFA,S9abea462f31b,182.263,136.004,588,64,9.188,6.595,18740,True,False,not_built
800,802,el6be3f194ac1e,[Na+].CCC(=O)[O-],CC1CCC(=O)C1C(C)C(C)(C)C,0.43,Na,PROP,Sd29032727b47,182.307,96.061,797,64,12.453,7.2446,28599,True,False,not_built
801,803,el675e87d1dc23,[Na+].CCC(=O)[O-],CC1CC(CC(=O)C#N)C1,1.19,Na,PROP,Sb803f99d9dd9,137.182,96.061,366,64,5.719,5.1601,8390,True,False,not_built
802,804,elc57b57f057a5,[Na+].CCC(=O)[O-],CCC1CCC2OC(=O)OC12,1.32,Na,PROP,S44b0ad759a7a,156.181,96.061,287,64,4.484,4.9848,7305,True,False,not_built
803,805,el459a310fa6c7,[Na+].CCC(=O)[O-],CCC(P)CCC(C)=O,0.92,Na,PROP,Scf1923c7a087,146.17,96.061,451,64,7.047,5.6222,11528,True,False,not_built
804,806,eld9edd0cae20d,[Na+].CCC(=O)[O-],CC(=O)CC1C(C)C2CCC1(C#N)C2,1.28,Na,PROP,S9c808b11287f,191.274,96.061,242,64,3.781,5.0362,8206,True,False,not_built
805,807,el0886a9eeb402,[Na+].CCC(=O)[O-],CCCC(=O)C(CC)CC(C)(C)F,1.23,Na,PROP,Se54e5e1458a3,188.286,96.061,257,64,4.016,5.1035,9442,True,False,not_built
806,808,el5c9c14b8b7a1,[Na+].CCC(=O)[O-],CC(=O)C1CC(C)CCC1C,0.34,Na,PROP,S43e65862d143,154.253,96.061,1197,64,18.703,7.8345,35417,True,False,not_built
807,809,el0d0a7f7e9798,[Na+].CCC(=O)[O-],CCCC(=O)OSC,0.52,Na,PROP,Se3f549a5d23b,134.2,96.061,890,64,13.906,6.7999,16724,True,False,not_built
808,810,ela4048d46cfb4,[Na+].CCC(=O)[O-],CSC1(C)CCC(=O)C(C)C1,0.48,Na,PROP,S44dfa170824f,172.293,96.061,753,64,11.766,6.9838,21035,True,False,not_built
809,811,el9edaf40e897e,[Na+].CCC(=O)[O-],CCOC(C)=O,0.52,Na,PROP,S9c82a341e1dc,88.106,96.061,1356,64,21.188,6.7999,19688,True,False,not_built
810,812,ela5578c436245,[Na+].CCC(=O)[O-],CCCOCCCC(C)CCC,1.01,Na,PROP,Sc5c6aa8511cf,172.312,96.061,347,64,5.422,5.45,13196,True,False,not_built
811,813,el09a2d3520d2c,[Na+].CCC(=O)[O-],CCC1CC2C(OC)CC(C)C2(C)C1,1.37,Na,PROP,Sed183be5a1b2,196.334,96.061,220,64,3.438,4.9234,9064,True,False,not_built
812,814,el1ee48d5baab4,[Na+].CCC(=O)[O-],CCON(C)C(C)C1CCCS1,0.88,Na,PROP,S25d091ed29f0,189.324,96.061,365,64,5.703,5.7062,12019,True,False,not_built
813,815,elbbb8e40887e9,[Na+].CCC(=O)[O-],CCCC(=O)C(C)C(C)C(C)C(C)C,0.52,Na,PROP,S652d24891b1c,198.35,96.061,602,64,9.406,6.7999,24784,True,False,not_built
814,816,elaec6bdcd228f,[Na+].CCC(=O)[O-],CN(C)C1=COC(C#N)=CO1,1.46,Na,PROP,S773fac990d31,152.153,96.061,264,64,4.125,4.8201,5720,True,False,not_built
815,817,el259dc4eef120,[Na+].CCC(=O)[O-],CC1(C)CCCCCS(=O)(=O)C1,1.14,Na,PROP,Se4b1fea15fa6,190.308,96.061,276,64,4.312,5.2344,8984,True,False,not_built
816,818,el5d4b38f7b591,[Na+].CCC(=O)[O-],CCC(C)C(=O)C1(C#N)CC1,0.79,Na,PROP,Sfe0a2224b0d6,151.209,96.061,512,64,8.0,5.9151,12992,True,False,not_built
817,819,el2e01c6778249,[Na+].CCC(=O)[O-],CC(=O)CC(C)CCOC(C)=O,1.01,Na,PROP,S306bd578470e,172.224,96.061,347,64,5.422,5.45,10420,True,False,not_built
818,820,el0fbd792467f3,[Na+].CCC(=O)[O-],CCCC1(CC)OOOC1C,0.7,Na,PROP,S3edb542cccd8,160.213,96.061,548,64,8.562,6.1585,15500,True,False,not_built
819,821,el61d210511e71,[Na+].CCC(=O)[O-],CCCC(CCC)C[PH](C)=O,0.97,Na,PROP,S906f14670514,176.24,96.061,354,64,5.531,5.5239,12032,True,False,not_built
820,822,el27f618f78d2d,[Na+].CCC(=O)[O-],CCCC(C)CC(C)S(C)(=O)=O,1.01,Na,PROP,S215eed19c40e,192.324,96.061,311,64,4.859,5.45,10656,True,False,not_built
821,823,el8b4dd7a4d6b1,[Na+].CCC(=O)[O-],CCC1CCC(Cl)C1C(C)=O,0.52,Na,PROP,Sb99841ae74a7,174.671,96.061,684,64,10.688,6.7999,18488,True,False,not_built
822,824,el4158c9e4c392,[Na+].CCC(=O)[O-],COCC(CC(C)C)C12CCCC1C2,0.7,Na,PROP,Sd36c3e562983,196.334,96.061,447,64,6.984,6.1585,17690,True,False,not_built
823,825,eld4948eeccc40,[Na+].CCC(=O)[O-],CCCC(CCC(F)F)C(=O)OC,1.19,Na,PROP,S3edf6137d9c9,194.221,96.061,258,64,4.031,5.1601,8186,True,False,not_built
824,826,elf6b8bd3808bf,[Na+].CCC(=O)[O-],CC(=O)CCC1CC(=O)C1C(C)C,1.5,Na,PROP,S5d41d348fe74,182.263,96.061,214,64,3.344,4.7768,7338,True,False,not_built
825,827,el3485e4a029b4,[Na+].[O-]C(=O)c1ccccc1,COCC(CC(C)C)C12CCCC1C2,0.97,Na,BNZ,Sd36c3e562983,196.334,144.105,308,64,4.812,5.5239,12664,True,False,not_built
826,828,el1233b0053a43,[Na+].[O-]C(=O)c1ccccc1,CCCC(C)OC(=O)OC(C)=O,1.46,Na,BNZ,Sd65f75c3bea9,174.196,144.105,221,64,3.453,4.8201,6706,True,False,not_built
827,829,el3c19f7191c0c,[Na+].[O-]C(=O)c1ccccc1,CCC(P)CCC(C)=O,1.01,Na,BNZ,Scf1923c7a087,146.17,144.105,396,64,6.188,5.45,10464,True,False,not_built
828,830,elaa98d20c151f,[Na+].[O-]C(=O)c1ccccc1,CC(=O)CCC1CC(=O)C1C(C)C,1.41,Na,BNZ,S5d41d348fe74,182.263,144.105,219,64,3.422,4.8764,7749,True,False,not_built
829,831,eleba73630939b,[Na+].[O-]C(=O)c1ccccc1,CCCCC(=O)CCC(C)(C)C#N,0.83,Na,BNZ,S8c9ce98c9a2b,181.279,144.105,395,64,6.172,5.8185,13600,True,False,not_built
830,832,el67558bd13292,[Na+].[O-]C(=O)c1ccccc1,CCCCCC(=O)OC(C)CCC,1.1,Na,BNZ,S2d92c9c846f8,186.295,144.105,283,64,4.422,5.2971,10865,True,False,not_built
831,833,ela67a674121de,[Na+].[O-]C(=O)c1ccccc1,CCC1CC2C(OC)CC(C)C2(C)C1,1.23,Na,BNZ,Sed183be5a1b2,196.334,144.105,237,64,3.703,5.1035,9966,True,False,not_built
832,834,el6a6c51c91f37,[Na+].[O-]C(=O)c1ccccc1,CCC(=O)CCC(=O)OC(C)=O,0.97,Na,BNZ,Sa6a3d5227fd7,172.18,144.105,352,64,5.5,5.5239,9408,True,False,not_built
833,835,el3f7a1ebae05b,[Na+].[O-]C(=O)c1ccccc1,CCC1C2CC3CC1(CC3C#N)C2=O,1.41,Na,BNZ,S1001f6556102,189.258,144.105,211,64,3.297,4.8764,7079,True,False,not_built
834,836,ela7af57b34832,[Na+].[O-]C(=O)c1ccccc1,CC(=O)CCCCC(C)CC(C)=O,0.34,Na,BNZ,S6fb169a60611,184.279,144.105,992,64,15.5,7.8345,33696,True,False,not_built
835,837,elbf72af43bca5,[Na+].[O-]C(=O)c1ccccc1,CC1CC(C)(C)C(=O)CC1C(C)(C)C,0.52,Na,BNZ,Sa28fab30c970,196.334,144.105,599,64,9.359,6.7999,23722,True,False,not_built
836,838,el96c8396a146f,[Na+].[O-]C(=O)c1ccccc1,CC1CC2CCCC3(CCCC3=O)C12,1.41,Na,BNZ,S8b1bf3f51566,192.302,144.105,208,64,3.25,4.8764,8032,True,False,not_built
837,839,el970a11d970d8,[Na+].[O-]C(=O)c1ccccc1,CCCCCC(=O)N(C=O)CCC,1.1,Na,BNZ,Sbeca3cf453ae,185.267,144.105,285,64,4.453,5.2971,10080,True,False,not_built
838,840,elb54f19cd43a0,[Na+].[O-]C(=O)c1ccccc1,CC1CC(C)(C#N)C(=O)C2(C)CC12,1.1,Na,BNZ,Sac66560e7d87,177.247,144.105,298,64,4.656,5.2971,9304,True,False,not_built
839,841,eld6dddb1761cd,[Na+].[O-]C(=O)c1ccccc1,CCCC(F)(CC)C(C)=O,0.34,Na,BNZ,S590d3ec55b88,146.205,144.105,1250,64,19.531,7.8345,32210,True,False,not_built
840,842,ele78ace667c3d,[Na+].[O-]C(=O)c1ccccc1,CC(=O)C1C2CC3CC(C2)CC1C3,0.43,Na,BNZ,S1714f3826520,178.275,144.105,804,64,12.562,7.2446,25884,True,False,not_built
841,843,eld7856b86516f,[Na+].[O-]C(=O)c1ccccc1,CCCC(=O)C(C)C(C)(C)C,1.14,Na,BNZ,S540c9bce5ae8,156.269,144.105,325,64,5.078,5.2344,11035,True,False,not_built
842,844,el49936685da68,[Na+].[O-]C(=O)c1ccccc1,CCCOC(=O)OC(C)N(C)CC,0.79,Na,BNZ,Sc5afdc0d1f96,189.255,144.105,399,64,6.234,5.9151,13728,True,False,not_built
843,845,el4946e7737bd3,[Na+].[O-]C(=O)c1ccccc1,CC(=O)CC(=O)C1(C)CC1C,0.97,Na,BNZ,S2b6667448be0,154.209,144.105,393,64,6.141,5.5239,10785,True,False,not_built
844,846,ela36eaad49205,[Na+].[O-]C(=O)c1ccccc1,CCCC(CC)OOC(=O)Cl,1.5,Na,BNZ,Sd31dbf095844,180.631,144.105,206,64,3.219,4.7768,5904,True,False,not_built
845,847,elcd46eaf15935,[Na+].[O-]C(=O)c1ccccc1,CCCC1(C)CC(=O)C12CCCC2C,0.88,Na,BNZ,Sa6089f35064a,194.318,144.105,346,64,5.406,5.7062,13416,True,False,not_built
846,848,el90dcc271bfed,[Na+].[O-]C(=O)c1ccccc1,CCCCC1CC1C1C(=O)CCC1C,1.23,Na,BNZ,S36c1e53a8081,194.318,144.105,240,64,3.75,5.1035,9600,True,False,not_built
847,849,el505e201b2ee7,[Na+].[O-]C(=O)c1ccccc1,CCC1CC(C)C1C(C)CCOC,0.57,Na,BNZ,Se5d79f034af8,184.323,144.105,580,64,9.062,6.595,22420,True,False,not_built
848,850,ele97cc77bc07a,[Na+].[O-]C(=O)c1ccccc1,CCCCCC(C)S(=O)(=O)CC,1.37,Na,BNZ,Sc32ce9edf4f7,192.324,144.105,215,64,3.359,4.9234,7840,True,False,not_built
849,851,el0814e54df6c3,[Na+].[O-]C(=O)c1ccccc1,CCCC(C(C)C)C(C)C(=O)OC,0.57,Na,BNZ,S154d08ee4719,186.295,144.105,574,64,8.969,6.595,21050,True,False,not_built
850,852,el42f90771b2f6,[Na+].[O-]C=O,CCCC(=O)CCCCC(F)CC,0.48,Na,HCOO,Sa6dd15fd0e20,188.286,68.007,695,64,10.859,6.9838,23950,True,False,not_built
851,853,el0b33f7a332aa,[Na+].[O-]C=O,CCC(C)(C)CCC(=O)N1CCCO1,0.57,Na,HCOO,Sbfb28e1331c0,199.294,68.007,551,64,8.609,6.595,19605,True,False,not_built
852,854,el23b8a3ac169a,[Na+].[O-]C=O,CCC(CC(C)=O)C(=O)CC(F)F,0.92,Na,HCOO,Sf4b76415d7ab,192.205,68.007,349,64,5.453,5.6222,9743,True,False,not_built
853,855,el132642fb4d62,[Na+].[O-]C=O,CC(C)C(C)OC(C)C(F)(F)F,0.74,Na,HCOO,Sd3005650658b,184.201,68.007,456,64,7.125,6.0454,12632,True,False,not_built
854,856,ele30ce4899a2a,[Na+].[O-]C=O,CC1(C(=O)C2CCCCC2=O)CCC1,0.92,Na,HCOO,S2c6db26ab6e2,194.274,68.007,345,64,5.391,5.6222,11360,True,False,not_built
855,857,el924b9479da41,[Na+].[O-]C=O,COC(=O)C(C)CS(C)(=O)=O,0.66,Na,HCOO,S0daec2fd1c9a,180.225,68.007,524,64,8.188,6.2804,12372,True,False,not_built
856,858,ele4faac18d34b,[Na+].[O-]C=O,CCCCC(=O)C(C)(C)C(C)C,1.41,Na,HCOO,S3f15ac81e06e,170.296,68.007,252,64,3.938,4.8764,8888,True,False,not_built
857,859,el9f5987f8c09b,[Na+].[O-]C=O,CC(=O)CCCCCCC(=O)C(C)=O,1.06,Na,HCOO,S7be2ef3249ce,198.262,68.007,292,64,4.562,5.3629,9664,True,False,not_built
858,860,el255deecebf08,[Na+].[O-]C=O,CC(=O)C1(CC(C)C(C)C)CCCC1,0.61,Na,HCOO,Se74c9a4aaac2,196.334,68.007,521,64,8.141,6.4476,20118,True,False,not_built
859,861,ele7070f19e008,[Na+].[O-]C=O,CCC(C)C(=O)CCC(C)(C)C(C)=O,0.74,Na,HCOO,S50bb80543e6c,198.306,68.007,423,64,6.609,6.0454,15548,True,False,not_built
860,862,elec48a0fbb785,[Na+].[O-]C=O,CC1COCCCC1(C)C,0.52,Na,HCOO,S76cb98704df3,142.242,68.007,847,64,13.234,6.7999,24036,True,False,not_built
861,863,el4aef5745163a,[Na+].[O-]C=O,CCC(Cl)C(=O)C(C)=O,0.88,Na,HCOO,Sa32c8c1fefe2,148.589,68.007,472,64,7.375,5.7062,8816,True,False,not_built
862,864,eldd67540323e6,[Na+].[O-]C=O,CCCC(=O)OC1CCC(CC)C1,0.74,Na,HCOO,Sf0ccf2ecc2c6,184.279,68.007,455,64,7.109,6.0454,15335,True,False,not_built
863,865,eldb83b2a248d7,[Na+].[O-]C=O,CCCC(=O)OSC,1.5,Na,HCOO,Se3f549a5d23b,134.2,68.007,299,64,4.672,4.7768,5702,True,False,not_built
864,866,el6a343c5a7237,[Na+].[O-]C=O,CC(C)CCOC(=O)C(C)(C)F,0.57,Na,HCOO,S18cb379914cf,176.231,68.007,623,64,9.734,6.595,18387,True,False,not_built
865,867,el2f311b03149a,[Na+].[O-]C=O,CC1CCC(=O)C1C(C)C(C)(C)C,1.37,Na,HCOO,Sd29032727b47,182.307,68.007,242,64,3.781,4.9234,8790,True,False,not_built
866,868,el4710e7dbf5ca,[Na+].[O-]C=O,CC12CC3(C)CC(C1)(C2)S3(=O)=O,1.19,Na,HCOO,Sb198202ea31d,186.276,68.007,275,64,4.297,5.1601,7470,True,False,not_built
867,869,el61a47ecf9309,[Na+].[O-]C=O,CC1CC(CCC(=O)OC(C)(C)C)C1,1.46,Na,HCOO,Sc3908a32053f,198.306,68.007,208,64,3.25,4.8201,7808,True,False,not_built
868,870,el8cca39150468,[Na+].[O-]C=O,CCCC1(CC)COC(=O)OC1,1.1,Na,HCOO,Sda1cacdbc9c4,172.224,68.007,323,64,5.047,5.2971,9364,True,False,not_built
869,871,el612a916237f7,[Na+].[O-]C=O,CCCC(CC)COC(=O)OCC,0.74,Na,HCOO,S741ce2435b05,188.267,68.007,446,64,6.969,6.0454,15038,True,False,not_built
870,872,elb96a530a9255,[Na+].[O-]C=O,CCCCCCCOS(C)(=O)=O,0.43,Na,HCOO,S76874b16b9c2,194.296,68.007,753,64,11.766,7.2446,22910,True,False,not_built
871,873,el554e80f4fc3c,[Na+].[O-]C=O,COC(=O)OC1CCCC(C)C1,0.79,Na,HCOO,Sc20bd1037f85,172.224,68.007,456,64,7.125,5.9151,13088,True,False,not_built
872,874,el03628158522b,[Na+].[O-]C=O,COC(=O)C(C)CC(C)(C)C(C)C,0.66,Na,HCOO,S44b9815d0bb6,186.295,68.007,507,64,7.922,6.2804,18065,True,False,not_built
873,875,elbdd4a08ce858,[Na+].[O-]C=O,CC1CCC12CC2C(=O)OC1(C)CC1,1.5,Na,HCOO,S1f168c1db747,194.274,68.007,206,64,3.219,4.7768,6912,True,False,not_built
874,876,elf5287f64b1b8,[Na+].[O-]C=O,CCCC12CC(C)C1CC(=O)O2,1.37,Na,HCOO,S10cf9329fa6e,168.236,68.007,262,64,4.094,4.9234,7656,True,False,not_built
875,877,el027f03a2bfe2,[Na+].COS(=O)(=O)[O-],CC(=O)C(C(C)=O)C1CC1C,0.74,Na,MS,Sd631448041a5,154.209,134.088,528,64,8.25,6.0454,13840,True,False,not_built
876,878,el78b3bed4ee11,[Na+].COS(=O)(=O)[O-],CC1COCC2(C1)C(=O)OCC2C#N,1.14,Na,MS,S1c44bbe44955,195.218,134.088,262,64,4.094,5.2344,7714,True,False,not_built
877,879,eld0d601feb51c,[Na+].COS(=O)(=O)[O-],CC1CCC(C)C12C(=O)CCCC2=O,0.57,Na,MS,S6d81f6960de1,194.274,134.088,552,64,8.625,6.595,18304,True,False,not_built
878,880,el7889fbd2c5b3,[Na+].COS(=O)(=O)[O-],CCC1CC(C)C1C(C)CCOC,1.5,Na,MS,Se5d79f034af8,184.323,134.088,204,64,3.188,4.7768,8188,True,False,not_built
879,881,el4a62d5cb4ecf,[Na+].COS(=O)(=O)[O-],CCCCC(C(C)=O)C(Cl)Cl,0.74,Na,MS,Sb4b28df0322c,197.105,134.088,413,64,6.453,6.0454,10965,True,False,not_built
880,882,el17bda3b0c6da,[Na+].COS(=O)(=O)[O-],CC1CC(C)(C)C(C)(C)CC1=O,0.83,Na,MS,S4096ac4c09ea,168.28,134.088,428,64,6.688,5.8185,14336,True,False,not_built
881,883,el3bac37a183dd,[Na+].COS(=O)(=O)[O-],CCOC(C)OC(=O)OC,1.28,Na,MS,Sa65afd9a774c,148.158,134.088,303,64,4.734,5.0362,7306,True,False,not_built
882,884,ela1733523b4af,[Na+].COS(=O)(=O)[O-],CC1(C(=O)C2CCCCC2=O)CCC1,1.14,Na,MS,S2c6db26ab6e2,194.274,134.088,263,64,4.109,5.2344,9056,True,False,not_built
883,885,el5a7696e4daf0,[Na+].COS(=O)(=O)[O-],COC(=O)C(C)CS(C)(=O)=O,1.32,Na,MS,S0daec2fd1c9a,180.225,134.088,241,64,3.766,4.9848,6183,True,False,not_built
884,886,el04840d8f8ef9,[Na+].COS(=O)(=O)[O-],CCC1COC(C)C2CCC2C1C,0.39,Na,MS,S73a7eb833b8f,182.307,134.088,872,64,13.625,7.4843,31160,True,False,not_built
885,887,elce5387f0029c,[Na+].COS(=O)(=O)[O-],CCC(CC)(OC(C)=O)SC,1.1,Na,MS,Sbc26b1321804,176.281,134.088,301,64,4.703,5.2971,8767,True,False,not_built
886,888,el205682c477b3,[Na+].COS(=O)(=O)[O-],CCCCC(C)C(=O)OOCF,0.34,Na,MS,S933ec6c66b81,178.203,134.088,1028,64,16.062,7.8345,28396,True,False,not_built
887,889,el71fdeb30ef65,[Na+].COS(=O)(=O)[O-],CCCC1(C)CC(CC)C(=O)C1C,1.32,Na,MS,S3e91070b9bf6,182.307,134.088,238,64,3.719,4.9848,8970,True,False,not_built
888,890,ela15bca0117d9,[Na+].COS(=O)(=O)[O-],CC1CC(C)(C#N)C(=O)C2(C)CC12,1.41,Na,MS,Sac66560e7d87,177.247,134.088,228,64,3.562,4.8764,7024,True,False,not_built
889,891,el216f638c8882,[Na+].COS(=O)(=O)[O-],CCC(SC)C(=O)OC(C)C,0.3,Na,MS,S12fd33700510,176.281,134.088,1182,64,18.469,8.1683,32554,True,False,not_built
890,892,el73b249beb534,[Na+].COS(=O)(=O)[O-],CCCCCC(C#N)(CC)C(C)=O,0.57,Na,MS,S748cb522d6bf,181.279,134.088,592,64,9.25,6.595,19584,True,False,not_built
891,893,el56c722f0bd24,[Na+].COS(=O)(=O)[O-],CCCC1SOC(C)(C)C1C,0.34,Na,MS,See7b7915ca26,174.309,134.088,1051,64,16.422,7.8345,31119,True,False,not_built
892,894,el1134f2d42df1,[Na+].COS(=O)(=O)[O-],COCCC(C(C)C)C(C)C,1.19,Na,MS,S4bbc75ff2226,158.285,134.088,308,64,4.812,5.1601,10804,True,False,not_built
893,895,el79e360a80434,[Na+].COS(=O)(=O)[O-],CCCCC1C(C)C1CC(C)=O,0.57,Na,MS,Sfd7734abd377,168.28,134.088,637,64,9.953,6.595,21024,True,False,not_built
894,896,el25350faecbb0,[Na+].COS(=O)(=O)[O-],CCCC(=O)OC1CCC(CC)C1,1.01,Na,MS,Sf0ccf2ecc2c6,184.279,134.088,316,64,4.938,5.45,11068,True,False,not_built
895,897,elc2ae6642aee2,[Na+].COS(=O)(=O)[O-],CC1=C[C@H](F)C=CO1,1.01,Na,MS,Sd88a7ba70eab,114.119,134.088,511,64,7.984,5.45,8305,True,False,not_built
896,898,el15b622cc644c,[Na+].COS(=O)(=O)[O-],CN(C)C(=O)CC1(C)CC2CC1C2,0.83,Na,MS,Saaf6455ac71f,181.279,134.088,398,64,6.219,5.8185,13376,True,False,not_built
897,899,elb04cd4fed4e6,[Na+].COS(=O)(=O)[O-],CC(=O)OC1CCC(OC(C)=O)C1,0.83,Na,MS,S8d0f73ca7c00,186.207,134.088,387,64,6.047,5.8185,11089,True,False,not_built
898,900,el64c88b5d9429,[Na+].COS(=O)(=O)[O-],CCCOC(=O)C(C)C1CCC1CC,0.34,Na,MS,S2c3975e95d78,198.306,134.088,924,64,14.438,7.8345,33904,True,False,not_built
899,901,el5258031d8593,[Na+].COS(=O)(=O)[O-],CCCC(=O)OSC,1.5,Na,MS,Se3f549a5d23b,134.2,134.088,280,64,4.375,4.7768,5680,True,False,not_built
900,902,el466d55db3177,[Na+].[S-]C#N,CCCC1(C)CC(CC)C(=O)C1C,1.19,Na,SCN,S3e91070b9bf6,182.307,81.075,278,64,4.344,5.1601,9986,True,False,not_built
901,903,el8f9658ad3a69,[Na+].[S-]C#N,CCCCCC(C)S(=O)(=O)CC,0.79,Na,SCN,Sc32ce9edf4f7,192.324,81.075,405,64,6.328,5.9151,13216,True,False,not_built
902,904,elaa83ab145e77,[Na+].[S-]C#N,CCCC(C)OC(=O)OC(C)=O,0.74,Na,SCN,Sd65f75c3bea9,174.196,81.075,479,64,7.484,6.0454,12710,True,False,not_built
903,905,elfb82866a77c3,[Na+].[S-]C#N,CCC1CCC(Cl)C1C(C)=O,1.1,Na,SCN,Sb99841ae74a7,174.671,81.075,316,64,4.938,5.2971,8472,True,False,not_built
904,906,elf7a96919b6c4,[Na+].[S-]C#N,CCC1CC(C)(CC)C(=O)CC1(C)C,1.37,Na,SCN,S3a7beacdebdd,196.334,81.075,222,64,3.469,4.9234,8692,True,False,not_built
905,907,el60793812c450,[Na+].[S-]C#N,CC(=O)CC1C(C)C2CCC1(C#N)C2,0.61,Na,SCN,S9c808b11287f,191.274,81.075,533,64,8.328,6.4476,16779,True,False,not_built
906,908,eladbee576cb6b,[Na+].[S-]C#N,CCS(=O)(=O)C1CCC1,0.43,Na,SCN,S8c52916a9cc4,148.227,81.075,984,64,15.375,7.2446,20920,True,False,not_built
907,909,el6f901056f362,[Na+].[S-]C#N,CCC(CC(C)=O)C(=O)CC(F)F,0.97,Na,SCN,Sf4b76415d7ab,192.205,81.075,327,64,5.109,5.5239,9085,True,False,not_built
908,910,el349fd5f0dda8,[Na+].[S-]C#N,CCC(CC)OC1CC(=O)CC1CC,1.37,Na,SCN,Sd8d51051b665,198.306,81.075,220,64,3.438,4.9234,8176,True,False,not_built
909,911,el78b18acc34cd,[Na+].[S-]C#N,CCC(CC(C)(F)F)C(=O)CC#N,1.01,Na,SCN,S226863e83430,189.205,81.075,319,64,4.984,5.45,8550,True,False,not_built
910,912,el9b5535b24426,[Na+].[S-]C#N,CCCOC(=O)OCCC(C)OC,1.01,Na,SCN,Sfa9b574ca493,190.239,81.075,317,64,4.953,5.45,10083,True,False,not_built
911,913,elbedf8ce541ad,[Na+].[S-]C#N,CCCC(F)(CC)C(C)=O,1.01,Na,SCN,S590d3ec55b88,146.205,81.075,413,64,6.453,5.45,10581,True,False,not_built
912,914,el52056c8d0b0a,[Na+].[S-]C#N,CCC12CC(CCCCC1=O)C2,1.01,Na,SCN,S6025d9407903,166.264,81.075,363,64,5.672,5.45,11146,True,False,not_built
913,915,el728521b0cb74,[Na+].[S-]C#N,COC1CCCC(C2CCC3CC32)C1,0.52,Na,SCN,Sd269ffaefcd5,194.318,81.075,618,64,9.656,6.7999,22504,True,False,not_built
914,916,el27004f396459,[Na+].[S-]C#N,COC(C)CC1CCCC12CCC2,1.19,Na,SCN,S3c2b9a6b3cbf,182.307,81.075,278,64,4.344,5.1601,9986,True,False,not_built
915,917,el63c36bde8ee4,[Na+].[S-]C#N,CCC(CC)CC(=O)C(C)CC,0.7,Na,SCN,S7bb1936c0770,170.296,81.075,519,64,8.109,6.1585,17902,True,False,not_built
916,918,elf5acfa8a7e6d,[Na+].[S-]C#N,CC1(C(F)F)CCCC1=O,1.46,Na,SCN,S51f19d4718d1,148.152,81.075,275,64,4.297,4.8201,5756,True,False,not_built
917,919,elf329d861c71f,[Na+].[S-]C#N,COC(=O)C1CC(C)(F)CC1CF,0.3,Na,SCN,S0e2a3cf7f309,192.205,81.075,1094,64,17.094,8.1683,29794,True,False,not_built
918,920,elf074576cc388,[Na+].[S-]C#N,CC(=O)C(C)C1CC(C)C(C)C1,1.01,Na,SCN,Sbb03007c1b66,168.28,81.075,358,64,5.594,5.45,11712,True,False,not_built
919,921,el585e27dd5e37,[Na+].[S-]C#N,CC12CC3(C)CC(C1)(C2)S3(=O)=O,0.3,Na,SCN,Sb198202ea31d,186.276,81.075,1129,64,17.641,8.1683,29610,True,False,not_built
920,922,el8522c2055e10,[Na+].[S-]C#N,COC(=O)OC(CC(C)C)N(C)C,0.52,Na,SCN,S3aadd3bf5860,189.255,81.075,634,64,9.906,6.7999,20544,True,False,not_built
921,923,el388e670c7634,[Na+].[S-]C#N,CCC(C)C1CCC(CCOC)C1,1.41,Na,SCN,S4661e232cb14,184.323,81.075,230,64,3.594,4.8764,8766,True,False,not_built
922,924,el5fd2850b8d42,[Na+].[S-]C#N,CCS(=O)(=O)CC(C)CCCl,0.48,Na,SCN,S15e4a5daa0b8,198.715,81.075,656,64,10.25,6.9838,17312,True,False,not_built
923,925,elcda16e3e9d51,[Na+].[S-]C#N,CC1CCC12CC2C(=O)OC1(C)CC1,0.74,Na,SCN,S1f168c1db747,194.274,81.075,429,64,6.703,6.0454,13984,True,False,not_built
924,926,el827747c6fb15,[Na+].[S-]C#N,CCCCCS(=O)(=O)CC,0.39,Na,SCN,S6eabb7980054,164.27,81.075,980,64,15.312,7.4843,25736,True,False,not_built
925,927,el466c84b24eb8,[Na+].[Br-],CC(=O)CCCC(C)C(C)(C)C#N,0.61,Na,Br,S854954286a9b,181.279,102.894,557,64,8.703,6.4476,17952,True,False,not_built
926,928,el5ec8aa060eb8,[Na+].[Br-],CCC(=O)C(C)C1SCCS1,0.97,Na,Br,S5c7048949758,190.333,102.894,326,64,5.094,5.5239,8278,True,False,not_built
927,929,elb9d24e8f05a9,[Na+].[Br-],CC1C(=O)CCC2(C#N)C(C3CC3)C12,1.06,Na,Br,Sc049651726c3,189.258,102.894,299,64,4.672,5.3629,8799,True,False,not_built
928,930,el501c969a816c,[Na+].[Br-],CN(C)C1=COC(C#N)=CO1,0.3,Na,Br,S773fac990d31,152.153,102.894,1377,64,21.516,8.1683,26291,True,False,not_built
929,931,ele0b9317cdd89,[Na+].[Br-],C=Cc1ccc(C(C)=O)s1,0.39,Na,Br,Sa86757a9ca26,152.218,102.894,1053,64,16.453,7.4843,19082,True,False,not_built
930,932,el32942ec061e4,[Na+].[Br-],COCS(=O)(=O)C(C)(C)C,0.48,Na,Br,S7adf30e6977e,166.242,102.894,779,64,12.172,6.9838,18824,True,False,not_built
931,933,elc7f82391d0f0,[Na+].[Br-],CC(=O)CCC1CC(=O)C1C(C)C,1.41,Na,Br,S5d41d348fe74,182.263,102.894,228,64,3.562,4.8764,7196,True,False,not_built
932,934,elf4afab8c03fe,[Na+].[Br-],CSCC(C(=O)F)C(C)C(C)C,0.52,Na,Br,S2b37bc0ab1b1,192.299,102.894,620,64,9.688,6.7999,18108,True,False,not_built
933,935,el0a4f44460886,[Na+].[Br-],CCN(C)S(=O)(=O)CC(C)C,0.52,Na,Br,S42f2c28623a2,179.285,102.894,665,64,10.391,6.7999,18748,True,False,not_built
934,936,el22445c38caf9,[Na+].[Br-],COC(=O)OCCCSSC,1.06,Na,Br,S2fe9daef37e6,196.293,102.894,288,64,4.5,5.3629,6752,True,False,not_built
935,937,el5b05fad212ab,[Na+].[Br-],CC1C(=O)C(C#N)CC2CCCC21,0.3,Na,Br,S6eddb517b5ea,177.247,102.894,1182,64,18.469,8.1683,33224,True,False,not_built
936,938,el02931c7dd292,[Na+].[Br-],CCCCCS(=O)(=O)CC,0.61,Na,Br,S6eabb7980054,164.27,102.894,615,64,9.609,6.4476,16118,True,False,not_built
937,939,el000fbc0aa553,[Na+].[Br-],CCCC(CCC)C[PH](C)=O,0.74,Na,Br,S906f14670514,176.24,102.894,469,64,7.328,6.0454,15136,True,False,not_built
938,940,ele8a61dd1ef72,[Na+].[Br-],CCCC(=O)CC(C)C(C)C,0.3,Na,Br,Sf22199ad84a9,156.269,102.894,1340,64,20.938,8.1683,41668,True,False,not_built
939,941,el0cf212598f6a,[Na+].[Br-],CCCCC(C)C(=O)C1CO1,1.06,Na,Br,Sfcbb517ad521,156.225,102.894,362,64,5.656,5.3629,9902,True,False,not_built
940,942,el895f62d294f7,[Na+].[Br-],CCC(=O)C(C)C(CC)SC#N,0.39,Na,Br,Sca8850f40247,185.292,102.894,865,64,13.516,7.4843,23483,True,False,not_built
941,943,el1df60e5c3973,[Na+].[Br-],CN(C)C(=O)CC1(C)CC2CC1C2,0.48,Na,Br,Saaf6455ac71f,181.279,102.894,714,64,11.156,6.9838,22976,True,False,not_built
942,944,eld870a44bdf73,[Na+].[Br-],CCCC1CC2(CCCCC2)CO1,0.52,Na,Br,S4018fef8453d,182.307,102.894,654,64,10.219,6.7999,23018,True,False,not_built
943,945,el167cf1febf12,[Na+].[Br-],CC(CC1CCC1)C(=O)Cl,0.92,Na,Br,Sbf7df6db1f34,160.644,102.894,409,64,6.391,5.6222,9535,True,False,not_built
944,946,el48b91a78d908,[Na+].[Br-],CCOC(=O)OCCCS(C)=O,1.14,Na,Br,S67d9707a7b0d,194.252,102.894,269,64,4.203,5.2344,7122,True,False,not_built
945,947,el51da1b5742dc,[Na+].[Br-],CC12CC3C4CCC35CC(C1CO5)C42,0.48,Na,Br,S69efe6872bba,190.286,102.894,680,64,10.625,6.9838,21888,True,False,not_built
946,948,el3c1dcaaa8fef,[Na+].[Br-],CC1C2C(=O)C(=O)C(CC(C)(C)C)C12,0.83,Na,Br,S941de040ae01,194.274,102.894,377,64,5.891,5.8185,12192,True,False,not_built
947,949,el0ea1a16e7eb4,[Na+].[Br-],CCCCC(=O)CCC(C)(C)C#N,1.41,Na,Br,S8c9ce98c9a2b,181.279,102.894,229,64,3.578,4.8764,7456,True,False,not_built
948,950,el9cc0dbacd5ba,[Na+].[Br-],CCC(CC(C)(F)F)C(=O)CC#N,0.57,Na,Br,S226863e83430,189.205,102.894,573,64,8.953,6.595,15026,True,False,not_built
949,951,el3934fe13487d,[Na+].[Br-],CCCC1C2CCC(C)C(C)C12OC,1.06,Na,Br,Sd7bdaf9f3368,196.334,102.894,288,64,4.5,5.3629,11072,True,False,not_built
950,952,elee78b17a5a35,[Na+].[Cl-],COCCC(C(C)C)C(C)C,0.34,Na,Cl,S4bbc75ff2226,158.285,58.443,1175,64,18.359,7.8345,38903,True,False,not_built
951,953,elcf93dfa13f08,[Na+].[Cl-],CC(CS(C)(=O)=O)C(F)CF,0.3,Na,Cl,Sdaeeb9e5227e,186.223,58.443,1134,64,17.719,8.1683,26210,True,False,not_built
952,954,el14d7c8c1a8af,[Na+].[Cl-],CC(C)(CS(=O)(=O)F)C1CC1,1.23,Na,Cl,S47844fb1745a,180.244,58.443,276,64,4.312,5.1035,6752,True,False,not_built
953,955,el81946aa2887e,[Na+].[Cl-],CCON(C)C(C)C1CCCS1,1.01,Na,Cl,S25d091ed29f0,189.324,58.443,323,64,5.047,5.45,10141,True,False,not_built
954,956,el744aaabecde6,[Na+].[Cl-],CC(=O)CCCC(C)C(C)(C)C#N,0.88,Na,Cl,S854954286a9b,181.279,58.443,389,64,6.078,5.7062,12576,True,False,not_built
955,957,eld69c18105bcc,[Na+].[Cl-],CC(=O)C1CCCS(=O)(=O)C1,0.61,Na,Cl,S102a9bcca9d2,176.237,58.443,583,64,9.109,6.4476,13537,True,False,not_built
956,958,el0a6d04d5159f,[Na+].[Cl-],CC1CC(C)(C#N)C(=O)C2(C)CC12,0.88,Na,Cl,Sac66560e7d87,177.247,58.443,398,64,6.219,5.7062,11272,True,False,not_built
957,959,el1e2ecf475b35,[Na+].[Cl-],CCCC(=O)C(C)C(C)(C)C,1.41,Na,Cl,S540c9bce5ae8,156.269,58.443,276,64,4.312,4.8764,8684,True,False,not_built
958,960,el6056bd249f46,[Na+].[Cl-],CC(=O)CCC(C)(C)C(C)C(C)C,0.79,Na,Cl,S778694cdca07,184.323,58.443,428,64,6.688,5.9151,15964,True,False,not_built
959,961,eld6a6edf66e51,[Na+].[Cl-],CCC(C)CC(C)=O,0.39,Na,Cl,Sdc50030926ce,114.188,58.443,1418,64,22.156,7.4843,31324,True,False,not_built
960,962,el944fc9f51cd0,[Na+].[Cl-],CCCC(OC)C1OC(=O)OC1=O,0.79,Na,Cl,S89917b3a9009,188.179,58.443,419,64,6.547,5.9151,10603,True,False,not_built
961,963,el12cb9ecf3c40,[Na+].[Cl-],CCCCC(=O)OCCC(C)C,1.06,Na,Cl,S19e8ece671ac,172.268,58.443,338,64,5.281,5.3629,10944,True,False,not_built
962,964,el56613ce9eb5c,[Na+].[Cl-],CCCCC(C)OC(=O)OCC,1.1,Na,Cl,Sf0923465db12,174.24,58.443,321,64,5.016,5.2971,9758,True,False,not_built
963,965,elec4e142c6eda,[Na+].[Cl-],CC1C(=O)CCC2(C#N)C(C3CC3)C12,0.7,Na,Cl,Sc049651726c3,189.258,58.443,471,64,7.359,6.1585,13787,True,False,not_built
964,966,el825c93c4e06b,[Na+].[Cl-],CC1CC(C)C(CCC(=O)N(C)C)C1,0.66,Na,Cl,Sacaced582033,197.322,58.443,480,64,7.5,6.2804,17888,True,False,not_built
965,967,el51a3c7805e7a,[Na+].[Cl-],CCCCC(C(C)=O)C(Cl)Cl,0.39,Na,Cl,Sb4b28df0322c,197.105,58.443,821,64,12.828,7.4843,20653,True,False,not_built
966,968,elf8659417135d,[Na+].[Cl-],CCCC(C)C(C)S(=O)(=O)F,1.23,Na,Cl,S0dfa37ccb00f,182.26,58.443,273,64,4.266,5.1035,7226,True,False,not_built
967,969,elfc1afe082011,[Na+].[Cl-],CCCCCC(F)C(=O)CN(C)C,0.39,Na,Cl,S215c3dee5440,189.274,58.443,855,64,13.359,7.4843,28343,True,False,not_built
968,970,el91f55e9f6e10,[Na+].[Cl-],COC(=O)C1CC(C)(F)CC1CF,0.88,Na,Cl,S0e2a3cf7f309,192.205,58.443,367,64,5.734,5.7062,10037,True,False,not_built
969,971,el11916bee46f4,[Na+].[Cl-],CC1CCC(=O)C(C)(C)CC1C,1.06,Na,Cl,S9a3e48c7329e,168.28,58.443,346,64,5.406,5.3629,11200,True,False,not_built
970,972,el453e1c254b1b,[Na+].[Cl-],CC(C)CCOC(=O)C(C)(C)F,0.83,Na,Cl,S18cb379914cf,176.231,58.443,425,64,6.641,5.8185,12453,True,False,not_built
971,973,el4d0d28e68053,[Na+].[Cl-],CCCCCC1CC1C(=O)C(=O)C#N,1.06,Na,Cl,Sf307e9b7d786,193.246,58.443,301,64,4.703,5.3629,8857,True,False,not_built
972,974,el385918824054,[Na+].[Cl-],CCCCC(=O)C(C)(C)C(C)C,0.43,Na,Cl,S3f15ac81e06e,170.296,58.443,861,64,13.453,7.2446,29402,True,False,not_built
973,975,el4c5ec744d924,[Na+].[Cl-],CCCC12CC(C)C1CC(=O)O2,0.88,Na,Cl,S10cf9329fa6e,168.236,58.443,419,64,6.547,5.7062,11860,True,False,not_built
974,976,eld6fa5907d852,[Na+].[Cl-],CCC(C)(C)CCC(=O)N1CCCO1,1.1,Na,Cl,Sbfb28e1331c0,199.294,58.443,281,64,4.391,5.2971,9963,True,False,not_built
975,977,el3ebfbeb16c8a,[Na+].[O-]S(=O)(=O)c1ccc(C)cc1,CCOC(C)OC(=O)OC,0.48,Na,OTs,Sa65afd9a774c,148.158,194.187,851,64,13.297,6.9838,19938,True,False,not_built
976,978,elb4dce01dc6d4,[Na+].[O-]S(=O)(=O)c1ccc(C)cc1,COOCC(C)CCC(C)C,1.37,Na,OTs,S3b94a1bccd96,160.257,194.187,246,64,3.844,4.9234,8842,True,False,not_built
977,979,ela333f4fd204c,[Na+].[O-]S(=O)(=O)c1ccc(C)cc1,COCS(=O)(=O)C(C)(C)C,0.79,Na,OTs,S7adf30e6977e,166.242,194.187,443,64,6.922,5.9151,11848,True,False,not_built
978,980,el0852b125e4bd,[Na+].[O-]S(=O)(=O)c1ccc(C)cc1,CCC1CCC(C)(C)C(=O)C1,0.61,Na,OTs,S0debb2ea78ce,154.253,194.187,633,64,9.891,6.4476,19573,True,False,not_built
979,981,ela4b638bc14d6,[Na+].[O-]S(=O)(=O)c1ccc(C)cc1,CCCC1CC2(CCCCC2)CO1,0.34,Na,OTs,S4018fef8453d,182.307,194.187,992,64,15.5,7.8345,35936,True,False,not_built
980,982,ele8d0d9c4881a,[Na+].[O-]S(=O)(=O)c1ccc(C)cc1,COC(=O)OCCOC(C)F,1.28,Na,OTs,S4d2f15c975f3,166.148,194.187,257,64,4.016,5.0362,6870,True,False,not_built
981,983,el4a82b9429001,[Na+].[O-]S(=O)(=O)c1ccc(C)cc1,CCCCCC(C)C(=O)OCCC,1.46,Na,OTs,S9b643758157f,186.295,194.187,196,64,3.062,4.8201,8076,True,False,not_built
982,984,el0825f3c2736a,[Na+].[O-]S(=O)(=O)c1ccc(C)cc1,CCCC(=O)CC(CC#N)C(C)(C)C,1.41,Na,OTs,S948c8fb83d94,195.306,194.187,195,64,3.047,4.8764,8041,True,False,not_built
983,985,el433526917118,[Na+].[O-]S(=O)(=O)c1ccc(C)cc1,CC1CC2CCC(C)C(C2)C1=O,1.46,Na,OTs,Sf4642924395b,166.264,194.187,220,64,3.438,4.8201,7816,True,False,not_built
984,986,el4480877b6b0a,[Na+].[O-]S(=O)(=O)c1ccc(C)cc1,COCCC(C(C)C)C(C)C,0.48,Na,OTs,S4bbc75ff2226,158.285,194.187,796,64,12.438,6.9838,27484,True,False,not_built
985,987,el29161b4c520d,[Na+].[O-]S(=O)(=O)c1ccc(C)cc1,CCC1CC(C)C1C(C)CCOC,1.46,Na,OTs,Se5d79f034af8,184.323,194.187,198,64,3.094,4.8201,8542,True,False,not_built
986,988,elf7f7ddb46752,[Na+].[O-]S(=O)(=O)c1ccc(C)cc1,CCC12COC(CC1C)CC2(C)C,0.3,Na,OTs,Sc89b2e9a7cc2,182.307,194.187,1130,64,17.656,8.1683,40766,True,False,not_built
987,989,ele622b35ea313,[Na+].[O-]S(=O)(=O)c1ccc(C)cc1,CCC1CC(C(=O)OC)CC1=O,0.79,Na,OTs,S85cb0914f5eb,170.208,194.187,433,64,6.766,5.9151,12474,True,False,not_built
988,990,elaa7fb0ab1e19,[Na+].[O-]S(=O)(=O)c1ccc(C)cc1,CCC1CCCCC(CC)C(=O)O1,0.79,Na,OTs,S6b77d1171968,184.279,194.187,400,64,6.25,5.9151,14416,True,False,not_built
989,991,elc71d7e151fe2,[Na+].[O-]S(=O)(=O)c1ccc(C)cc1,CC1CC(CCC(=O)OC(C)(C)C)C1,0.97,Na,OTs,Sc3908a32053f,198.306,194.187,296,64,4.625,5.5239,11872,True,False,not_built
990,992,el450da0d85561,[Na+].[O-]S(=O)(=O)c1ccc(C)cc1,CCCCCC(F)C(=O)CN(C)C,1.19,Na,OTs,S215c3dee5440,189.274,194.187,246,64,3.844,5.1601,9334,True,False,not_built
991,993,ele2c289f5a0e1,[Na+].[O-]S(=O)(=O)c1ccc(C)cc1,CCCC12CCOC1(CC)C2,1.32,Na,OTs,S7f239775ead5,154.253,194.187,267,64,4.172,4.9848,8959,True,False,not_built
992,994,el49f5858abfdf,[Na+].[O-]S(=O)(=O)c1ccc(C)cc1,CC1COCCCC1(C)C,0.83,Na,OTs,S76cb98704df3,142.242,194.187,491,64,7.672,5.8185,14964,True,False,not_built
993,995,elf61d392d76d2,[Na+].[O-]S(=O)(=O)c1ccc(C)cc1,CC(=O)C1C2CC3CC(C2)CC1C3,0.79,Na,OTs,S1714f3826520,178.275,194.187,413,64,6.453,5.9151,14019,True,False,not_built
994,996,el0ab83696ea4d,[Na+].[O-]S(=O)(=O)c1ccc(C)cc1,COCC1C2C(C)C2C(C)CC1(C)C,1.32,Na,OTs,S677f2e1835a5,196.334,194.187,210,64,3.281,4.9848,9196,True,False,not_built
995,997,el5971203a3f5b,[Na+].[O-]S(=O)(=O)c1ccc(C)cc1,CCC(C)OC(=O)CSC,1.06,Na,OTs,Sbb7fa83b9196,162.254,194.187,327,64,5.109,5.3629,9064,True,False,not_built
996,998,eld012210287dd,[Na+].[O-]S(=O)(=O)c1ccc(C)cc1,CCC(=O)C(C)CS(=O)C(C)C,0.43,Na,OTs,S7bbcb126e0fa,190.308,194.187,744,64,11.625,7.2446,23536,True,False,not_built
997,999,el9135cfbb8e32,[Na+].[O-]S(=O)(=O)c1ccc(C)cc1,CCC1CC(C)(CC)C(=O)CC1(C)C,0.7,Na,OTs,S3a7beacdebdd,196.334,194.187,428,64,6.688,6.1585,17480,True,False,not_built
998,1000,elbfe950e7d110,[Na+].[O-]S(=O)(=O)c1ccc(C)cc1,CCC(C)C(=O)CCC(C)(C)C(C)=O,0.34,Na,OTs,S50bb80543e6c,198.306,194.187,912,64,14.25,7.8345,34048,True,False,not_built
999,1001,elb92c05d1f225,[Na+].[O-]S(=O)(=O)c1ccc(C)cc1,CC(CS(C)(=O)=O)C(F)CF,1.28,Na,OTs,Sdaeeb9e5227e,186.223,194.187,229,64,3.578,5.0362,6483,True,False,not_built
