salt,solvent,concentration,solv_per_ion_pair
[Li+].[N-](S(=O)(=O)F)S(=O)(=O)F,CCC(CC)(CCl)C1CC1,0.43,13.79
[Li+].[N-](S(=O)(=O)F)S(=O)(=O)F,C[C]1C2CC3(CCC3C2C)C1C,1.32,3.97
[Li+].[N-](S(=O)(=O)F)S(=O)(=O)F,CCCC(F)C(=O)CC,0.52,13.72
[Li+].[N-](S(=O)(=O)F)S(=O)(=O)F,CCCC(=O)CC(CC#N)C(C)(C)C,1.28,3.44
[Li+].[N-](S(=O)(=O)F)S(=O)(=O)F,CCC(C)CC(C)=O,0.3,28.23
[Li+].[N-](S(=O)(=O)F)S(=O)(=O)F,CCCCC(OC)C(CC)CC,1.28,3.9
[Li+].[N-](S(=O)(=O)F)S(=O)(=O)F,CC(C)C1[CH]CCC1,1.28,6.04
[Li+].[N-](S(=O)(=O)F)S(=O)(=O)F,CCCOC(=O)OC(C)N(C)CC,1.23,3.71
[Li+].[N-](S(=O)(=O)F)S(=O)(=O)F,CCC1C(=O)OC(C)C(C)C1C,1.1,4.69
[Li+].[N-](S(=O)(=O)F)S(=O)(=O)F,CC(Cl)CC1CC(C#N)C1,0.88,6.51
[Li+].[N-](S(=O)(=O)F)S(=O)(=O)F,CC(C)(C)c1ccc2c(c1)ON(F)O2,1.14,3.89
[Li+].[N-](S(=O)(=O)F)S(=O)(=O)F,CCC(C)CC1(C2C(C)C2(C)C)CC1,0.61,7.87
[Li+].[N-](S(=O)(=O)F)S(=O)(=O)F,CCCC(=O)CC(C)C(C)C,1.23,4.5
[Li+].[N-](S(=O)(=O)F)S(=O)(=O)F,CC1C2CC3CC14CC32CC4=O,0.97,5.68
[Li+].[N-](S(=O)(=O)F)S(=O)(=O)F,CCC(C)C(=O)C1(C#N)CC1,0.83,7.24
[Li+].[N-](S(=O)(=O)F)S(=O)(=O)F,C#Cc1sccc1C(C)(C)C,0.92,5.95
[Li+].[N-](S(=O)(=O)F)S(=O)(=O)F,CC1CC(C)(C)C(C)(C)CC1=O,0.97,5.47
[Li+].[N-](S(=O)(=O)F)S(=O)(=O)F,CCCSC(C)CC(C)CC,0.34,16.24
[Li+].[N-](S(=O)(=O)F)S(=O)(=O)F,CCC1CC1C1CC(CC(C)C)C1,0.43,12.29
[Li+].[N-](S(=O)(=O)F)S(=O)(=O)F,CCCC(C(C)C)C1(C)CCCC1,0.57,9.02
[Li+].[N-](S(=O)(=O)F)S(=O)(=O)F,CCC(C)CC1C(C)C(C)C1C,0.43,13.16
[Li+].[N-](S(=O)(=O)F)S(=O)(=O)F,CCC(CC(C)=O)C(=O)CC(F)F,0.83,5.7
[Li+].[N-](S(=O)(=O)F)S(=O)(=O)F,CC(C)N(C(C)C)C(C)C1(C)CC1,1.1,4.36
[Li+].[N-](S(=O)(=O)F)S(=O)(=O)F,CS(=O)(=O)C1CCCCC1,1.1,4.92
[Li+].[N-](S(=O)(=O)F)S(=O)(=O)F,CC(C)C(C)C(C)CCC(C)(C)C,0.88,5.57
[Li+].[N-](S(=O)(=O)F)S(=O)(=O)F,CC(=O)C1C2CC3CC(C2)CC1C3,1.32,3.63
[Li+].[N-](S(=O)(=O)F)S(=O)(=O)F,CCC(C)OC(=O)CSC,0.97,5.68
[Li+].[N-](S(=O)(=O)F)S(=O)(=O)F,COCC(CC(C)C)C12CCCC1C2,0.39,12.5
[Li+].[N-](S(=O)(=O)F)S(=O)(=O)F,CC(C)C1CC2CC(C#N)(C2)C(C)C1,1.23,3.67
[Li+].[N-](S(=O)(=O)F)S(=O)(=O)F,CCC(=O)CCC(=O)OC(C)=O,1.01,5.11
[Li+].[N-](S(=O)(=O)F)S(=O)(=O)F,CCCC(C#N)CCF,1.06,6.45
[Li+].[N-](S(=O)(=O)F)S(=O)(=O)F,CCCCC(C)C(=O)OOCF,0.97,5.17
[Li+].[N-](S(=O)(=O)F)S(=O)(=O)F,COC(=O)OC1CCCC(C)C1,0.97,5.35
[Li+].[N-](S(=O)(=O)F)S(=O)(=O)F,CCCCCC(C)C(=O)OCCC,0.39,13.17
[Li+].[N-](S(=O)(=O)F)S(=O)(=O)F,CCC1C2C(C)C(=O)CCCC12OC,0.97,4.69
[Li+].[N-](S(=O)(=O)F)S(=O)(=O)F,CC(C)CC(C)(C)C(C)C1CC1,1.28,3.99
[Li+].[N-](S(=O)(=O)F)S(=O)(=O)F,CCC(C)SC(C#N)C(CC)CC,0.66,7.05
[Li+].[N-](S(=O)(=O)F)S(=O)(=O)F,COC(=O)OCC(=O)C(=O)C(C)C,1.01,4.68
[Li+].[N-](S(=O)(=O)F)S(=O)(=O)F,CCCCC1C(CC)C1(C)Cl,0.3,18.45
[Li+].[N-](S(=O)(=O)F)S(=O)(=O)F,CC1OC(=O)OC2C(=O)N(C)C1C2C,0.7,6.62
[Li+].[N-](S(=O)(=O)F)S(=O)(=O)F,CC1C2CC(=O)C(C#N)C(C)(C)CC12,0.83,5.72
[Li+].[N-](S(=O)(=O)F)S(=O)(=O)F,CCC(C)PCCCPC,1.5,3.12
[Li+].[N-](S(=O)(=O)F)S(=O)(=O)F,CCC(=O)C(C)CS(=O)C(C)C,0.57,8.64
[Li+].[N-](S(=O)(=O)F)S(=O)(=O)F,CC1CC2CC(C2)C(C)C(=O)OC1C,0.61,7.79
[Li+].[N-](S(=O)(=O)F)S(=O)(=O)F,CCC12CC(CN(C)CC1C)C1CC12,0.79,5.98
[Li+].[N-](S(=O)(=O)F)S(=O)(=O)F,CC(F)C(=O)C1(C)CCCO1,1.5,3.47
[Li+].[N-](S(=O)(=O)F)S(=O)(=O)F,CCCC(CCCC#N)C(F)(F)F,1.32,3.35
[Li+].[N-](S(=O)(=O)F)S(=O)(=O)F,C1C2C1C1C2CC2CC21C1CC1,0.3,20.11
[Li+].[N-](S(=O)(=O)F)S(=O)(=O)F,CCCCC(C)C(=O)C(C)(C#N)CC,0.57,8.42
[Li+].[N-](S(=O)(=O)F)S(=O)(=O)F,CCCC(C)CC(=O)OC(C)=O,1.32,3.76
[Li+].[N-](S(=O)(=O)C(F)(F)F)S(=O)(=O)C(F)(F)F,CCCC(C)C(C)S(=O)(=O)F,1.28,3.36
[Li+].[N-](S(=O)(=O)C(F)(F)F)S(=O)(=O)C(F)(F)F,COC(=O)C(C)CS(C)(=O)=O,0.34,15.38
[Li+].[N-](S(=O)(=O)C(F)(F)F)S(=O)(=O)C(F)(F)F,CC1C2C(C)(C)C3CC3(C)C12C,0.52,10.68
[Li+].[N-](S(=O)(=O)C(F)(F)F)S(=O)(=O)C(F)(F)F,COc1cc(-c2ccccc2)c[nH]1,0.88,5.59
[Li+].[N-](S(=O)(=O)C(F)(F)F)S(=O)(=O)C(F)(F)F,CCCCCC(F)C(=O)CN(C)C,0.52,9.27
[Li+].[N-](S(=O)(=O)C(F)(F)F)S(=O)(=O)C(F)(F)F,CCN(C)CC1(CC(C)C)CCC1,0.7,6.87
[Li+].[N-](S(=O)(=O)C(F)(F)F)S(=O)(=O)C(F)(F)F,CCC12C3C4C(C)C5C3C13C4C2C53,1.1,4.3
[Li+].[N-](S(=O)(=O)C(F)(F)F)S(=O)(=O)C(F)(F)F,CCCC(C)C(F)CCC(C)C,0.48,10.98
[Li+].[N-](S(=O)(=O)C(F)(F)F)S(=O)(=O)C(F)(F)F,CCC1CCC1(C)C(C)(C)CC,1.1,4.4
[Li+].[N-](S(=O)(=O)C(F)(F)F)S(=O)(=O)C(F)(F)F,CC1CC2CC(C2)CC1C,0.39,17.32
[Li+].[N-](S(=O)(=O)C(F)(F)F)S(=O)(=O)C(F)(F)F,CCCC(C)(P)CC,0.48,14.48
[Li+].[N-](S(=O)(=O)C(F)(F)F)S(=O)(=O)C(F)(F)F,CCC1CCC(C)(C)C1C1CCCC1,1.01,4.23
[Li+].[N-](S(=O)(=O)C(F)(F)F)S(=O)(=O)C(F)(F)F,CCC1C(C)CC12CCS2(=O)=O,1.28,3.25
[Li+].[N-](S(=O)(=O)C(F)(F)F)S(=O)(=O)C(F)(F)F,CCCC(=O)OC1CCC(CC)C1,0.48,10.39
[Li+].[N-](S(=O)(=O)C(F)(F)F)S(=O)(=O)C(F)(F)F,CCCCC(C)C(=O)C(C)(C#N)CC,0.66,6.89
[Li+].[N-](S(=O)(=O)C(F)(F)F)S(=O)(=O)C(F)(F)F,CCC(C)C1CCC(CCOC)C1,1.41,2.93
[Li+].[N-](S(=O)(=O)C(F)(F)F)S(=O)(=O)C(F)(F)F,CC1CC2CCCC(C(C)C)(C1)C2=O,1.5,2.56
[Li+].[N-](S(=O)(=O)C(F)(F)F)S(=O)(=O)C(F)(F)F,CSCC(C(=O)F)C(C)C(C)C,1.01,4.27
[Li+].[N-](S(=O)(=O)C(F)(F)F)S(=O)(=O)C(F)(F)F,CC12CC34CC5CC3C1(CC54)C2,0.83,6.46
[Li+].[N-](S(=O)(=O)C(F)(F)F)S(=O)(=O)C(F)(F)F,CC(C)C(=O)C(=O)C(C)(C)CC#N,0.7,6.95
[Li+].[N-](S(=O)(=O)C(F)(F)F)S(=O)(=O)C(F)(F)F,CC1(C(=O)Cl)CCCC1CCl,1.06,3.97
[Li+].[N-](S(=O)(=O)C(F)(F)F)S(=O)(=O)C(F)(F)F,CCC(C)CC1CC1C1CCCC1,1.01,4.55
[Li+].[N-](S(=O)(=O)C(F)(F)F)S(=O)(=O)C(F)(F)F,CC1CC2CCSC3CC1C2C3,0.66,7.38
[Li+].[N-](S(=O)(=O)C(F)(F)F)S(=O)(=O)C(F)(F)F,CCC1CC(C)CC1(C)CC,0.3,20.51
[Li+].[N-](S(=O)(=O)C(F)(F)F)S(=O)(=O)C(F)(F)F,CC(Cl)CC(C#N)CC(C)(C)C,0.48,10.2
[Li+].[N-](S(=O)(=O)C(F)(F)F)S(=O)(=O)C(F)(F)F,CCC(C)C(=O)CCC(C)(C)C(C)=O,1.46,2.6
[Li+].[N-](S(=O)(=O)C(F)(F)F)S(=O)(=O)C(F)(F)F,CC1CCC12CC2C(=O)OC1(C)CC1,0.79,5.65
[Li+].[N-](S(=O)(=O)C(F)(F)F)S(=O)(=O)C(F)(F)F,CCCC1SOC(C)(C)C1C,0.88,5.55
[Li+].[N-](S(=O)(=O)C(F)(F)F)S(=O)(=O)C(F)(F)F,CCCC(CC)C(C)C1CC1CC,0.88,5.31
[Li+].[N-](S(=O)(=O)C(F)(F)F)S(=O)(=O)C(F)(F)F,CC(C)N(C(C)C)C(C)C1(C)CC1,1.23,3.51
[Li+].[N-](S(=O)(=O)C(F)(F)F)S(=O)(=O)C(F)(F)F,CCC1(CC)CC(C)CC(C)C1,0.34,16.47
[Li+].[N-](S(=O)(=O)C(F)(F)F)S(=O)(=O)C(F)(F)F,CC1C(CS(C)(=O)=O)C1(C)C,0.39,13.59
[Li+].[N-](S(=O)(=O)C(F)(F)F)S(=O)(=O)C(F)(F)F,CCCCC(CCC)CC(C)C#N,0.61,8.11
[Li+].[N-](S(=O)(=O)C(F)(F)F)S(=O)(=O)C(F)(F)F,CCCP(C)CCC(C)CC,0.88,5.55
[Li+].[N-](S(=O)(=O)C(F)(F)F)S(=O)(=O)C(F)(F)F,CCC(C#N)CCCC(CC)CC,1.1,4.08
[Li+].[N-](S(=O)(=O)C(F)(F)F)S(=O)(=O)C(F)(F)F,CCCC1(C)CC(CC)C(=O)C1C,0.88,5.31
[Li+].[N-](S(=O)(=O)C(F)(F)F)S(=O)(=O)C(F)(F)F,CSCCC(=O)CSC,0.83,6.31
[Li+].[N-](S(=O)(=O)C(F)(F)F)S(=O)(=O)C(F)(F)F,CCCCCC(C)(C)CCC(C)C#N,1.46,2.64
[Li+].[N-](S(=O)(=O)C(F)(F)F)S(=O)(=O)C(F)(F)F,CCCC(C)CC(C)S(C)(=O)=O,0.48,9.95
[Li+].[N-](S(=O)(=O)C(F)(F)F)S(=O)(=O)C(F)(F)F,CC1C2C3CC(C)C45C(CC2C34)CC15,1.01,4.36
[Li+].[N-](S(=O)(=O)C(F)(F)F)S(=O)(=O)C(F)(F)F,CC(CCCC1CC1C)CC(C)(C)C,0.97,4.39
[Li+].[N-](S(=O)(=O)C(F)(F)F)S(=O)(=O)C(F)(F)F,CC1CCCC2CC34CCC1C23C4,0.88,5.49
[Li+].[N-](S(=O)(=O)C(F)(F)F)S(=O)(=O)C(F)(F)F,CC1C(C#N)C2CC1C(C)(C)C2C,1.28,3.45
[Li+].[N-](S(=O)(=O)C(F)(F)F)S(=O)(=O)C(F)(F)F,CCCC(C#N)CC(C)CCC(C)C,0.61,7.53
[Li+].[N-](S(=O)(=O)C(F)(F)F)S(=O)(=O)C(F)(F)F,C1CCCC23CCCC2C(CC1)C3,1.46,2.89
[Li+].[N-](S(=O)(=O)C(F)(F)F)S(=O)(=O)C(F)(F)F,CCCC(C)CC1(C#N)CCC(C)C1,0.7,6.52
[Li+].[N-](S(=O)(=O)C(F)(F)F)S(=O)(=O)C(F)(F)F,CC1CC1C(CC1CC1)C1CCC1,0.97,4.83
[Li+].[N-](S(=O)(=O)C(F)(F)F)S(=O)(=O)C(F)(F)F,CCC(C)CC1(CC(=O)OC)CC1,0.92,4.98
[Li+].[N-](S(=O)(=O)C(F)(F)F)S(=O)(=O)C(F)(F)F,CC1CCCC2CC1COC(C)(C)C2,1.32,3.0
[Li+].[N-](S(=O)(=O)C(F)(F)F)S(=O)(=O)C(F)(F)F,CCC1CC2C(OC)CC(C)C2(C)C1,0.83,5.28
[Li+].[N-](S(=O)(=O)C(F)(F)C(F)(F)F)S(=O)(=O)C(F)(F)C(F)(F)F,CCC(C)C(=O)CCC(C)C(C)(C)C,0.52,8.55
[Li+].[N-](S(=O)(=O)C(F)(F)C(F)(F)F)S(=O)(=O)C(F)(F)C(F)(F)F,CCC(C)C1CCC(CCOC)C1,0.61,7.66
[Li+].[N-](S(=O)(=O)C(F)(F)C(F)(F)F)S(=O)(=O)C(F)(F)C(F)(F)F,CCCC(Cl)C(C#N)CC,0.66,8.06
[Li+].[N-](S(=O)(=O)C(F)(F)C(F)(F)F)S(=O)(=O)C(F)(F)C(F)(F)F,CCCCCC(C)(C)CCC(C)C#N,1.5,2.25
[Li+].[N-](S(=O)(=O)C(F)(F)C(F)(F)F)S(=O)(=O)C(F)(F)C(F)(F)F,CCCC1SOC(C)(C)C1C,1.23,3.36
[Li+].[N-](S(=O)(=O)C(F)(F)C(F)(F)F)S(=O)(=O)C(F)(F)C(F)(F)F,COOCC(C)CCC(C)C,0.66,8.03
[Li+].[N-](S(=O)(=O)C(F)(F)C(F)(F)F)S(=O)(=O)C(F)(F)C(F)(F)F,CCCCC(CCC)CC(C)C#N,1.5,2.42
[Li+].[N-](S(=O)(=O)C(F)(F)C(F)(F)F)S(=O)(=O)C(F)(F)C(F)(F)F,CCC(CCC(C)C(C)C)OC,0.88,5.27
[Li+].[N-](S(=O)(=O)C(F)(F)C(F)(F)F)S(=O)(=O)C(F)(F)C(F)(F)F,CN(C)C(=O)CC1(C)CC2CC1C2,0.92,4.74
[Li+].[N-](S(=O)(=O)C(F)(F)C(F)(F)F)S(=O)(=O)C(F)(F)C(F)(F)F,CCCC(C)CC(=O)OC(C)=O,0.83,5.67
[Li+].[N-](S(=O)(=O)C(F)(F)C(F)(F)F)S(=O)(=O)C(F)(F)C(F)(F)F,CC1CC(OC=O)CCC2(C)CC2C1,0.48,9.45
[Li+].[N-](S(=O)(=O)C(F)(F)C(F)(F)F)S(=O)(=O)C(F)(F)C(F)(F)F,CC12CC34CC5CC3C1(CC54)C2,1.46,2.85
[Li+].[N-](S(=O)(=O)C(F)(F)C(F)(F)F)S(=O)(=O)C(F)(F)C(F)(F)F,CC[CH]C1C(COC)CCC2C(C)C12,0.3,15.9
[Li+].[N-](S(=O)(=O)C(F)(F)C(F)(F)F)S(=O)(=O)C(F)(F)C(F)(F)F,CCC(C(C)C)C1(C)C(C)CCC1C,0.48,9.45
[Li+].[N-](S(=O)(=O)C(F)(F)C(F)(F)F)S(=O)(=O)C(F)(F)C(F)(F)F,CCCCCC(F)C(=O)CN(C)C,0.57,8.07
[Li+].[N-](S(=O)(=O)C(F)(F)C(F)(F)F)S(=O)(=O)C(F)(F)C(F)(F)F,COC(=O)CC1(CC(C)C)CCC1,0.61,7.66
[Li+].[N-](S(=O)(=O)C(F)(F)C(F)(F)F)S(=O)(=O)C(F)(F)C(F)(F)F,CCC(SC)C(=O)OC(C)C,0.43,11.9
[Li+].[N-](S(=O)(=O)C(F)(F)C(F)(F)F)S(=O)(=O)C(F)(F)C(F)(F)F,CCOC(=O)OCCCS(C)=O,0.3,15.99
[Li+].[N-](S(=O)(=O)C(F)(F)C(F)(F)F)S(=O)(=O)C(F)(F)C(F)(F)F,COC1CCCC(C2CCC3CC32)C1,1.1,3.51
[Li+].[N-](S(=O)(=O)C(F)(F)C(F)(F)F)S(=O)(=O)C(F)(F)C(F)(F)F,COC(=O)C1CCCC(C(C)C)C1C,1.5,2.21
[Li+].[N-](S(=O)(=O)C(F)(F)C(F)(F)F)S(=O)(=O)C(F)(F)C(F)(F)F,CC1CCCC2CC1COC(C)(C)C2,0.43,10.69
[Li+].[N-](S(=O)(=O)C(F)(F)C(F)(F)F)S(=O)(=O)C(F)(F)C(F)(F)F,CC(=O)C1CC2CCCC(C2)C1=O,0.66,7.14
[Li+].[N-](S(=O)(=O)C(F)(F)C(F)(F)F)S(=O)(=O)C(F)(F)C(F)(F)F,CCC1C2C(C)C(=O)CCCC12OC,0.92,4.38
[Li+].[N-](S(=O)(=O)C(F)(F)C(F)(F)F)S(=O)(=O)C(F)(F)C(F)(F)F,CCC(Cl)CC(C)C1CCCC1,1.41,2.55
[Li+].[N-](S(=O)(=O)C(F)(F)C(F)(F)F)S(=O)(=O)C(F)(F)C(F)(F)F,CCCC(CCC)C(C)CC#N,1.14,3.88
[Li+].[N-](S(=O)(=O)C(F)(F)C(F)(F)F)S(=O)(=O)C(F)(F)C(F)(F)F,CCCC1(CC)C(COC)C1(C)C,1.23,3.18
[Li+].[N-](S(=O)(=O)C(F)(F)C(F)(F)F)S(=O)(=O)C(F)(F)C(F)(F)F,CC(C)C1CCCC1(C)C#N,1.01,5.04
[Li+].[N-](S(=O)(=O)C(F)(F)C(F)(F)F)S(=O)(=O)C(F)(F)C(F)(F)F,CC1CC(CC(=O)C#N)C1,0.79,7.57
[Li+].[N-](S(=O)(=O)C(F)(F)C(F)(F)F)S(=O)(=O)C(F)(F)C(F)(F)F,CCC(CC)(OC(C)=O)C(C)(C)C,0.52,9.1
[Li+].[N-](S(=O)(=O)C(F)(F)C(F)(F)F)S(=O)(=O)C(F)(F)C(F)(F)F,CC(=O)OC1CCC(OC(C)=O)C1,1.37,2.7
[Li+].[N-](S(=O)(=O)C(F)(F)C(F)(F)F)S(=O)(=O)C(F)(F)C(F)(F)F,CCCC(CC)OOC(=O)Cl,1.28,3.06
[Li+].[N-](S(=O)(=O)C(F)(F)C(F)(F)F)S(=O)(=O)C(F)(F)C(F)(F)F,CCCC(C)(C)CC(=O)C(C)C(C)C,0.3,15.66
[Li+].[N-](S(=O)(=O)C(F)(F)C(F)(F)F)S(=O)(=O)C(F)(F)C(F)(F)F,CCC(=O)N1CCCCC1Cl,1.19,3.49
[Li+].[N-](S(=O)(=O)C(F)(F)C(F)(F)F)S(=O)(=O)C(F)(F)C(F)(F)F,CCC1CCC(C)(C)C(=O)C1,0.39,15.15
[Li+].[N-](S(=O)(=O)C(F)(F)C(F)(F)F)S(=O)(=O)C(F)(F)C(F)(F)F,CCC(C(C)C)C1CCC(C)(C)C1C,1.19,3.12
[Li+].[N-](S(=O)(=O)C(F)(F)C(F)(F)F)S(=O)(=O)C(F)(F)C(F)(F)F,CCC(CC)(OC(C)=O)SC,1.32,3.01
[Li+].[N-](S(=O)(=O)C(F)(F)C(F)(F)F)S(=O)(=O)C(F)(F)C(F)(F)F,CCCCCCC(=O)CC(C)CCC,0.43,10.58
[Li+].[N-](S(=O)(=O)C(F)(F)C(F)(F)F)S(=O)(=O)C(F)(F)C(F)(F)F,CCCC(F)(F)CCCC#N,0.83,6.06
[Li+].[N-](S(=O)(=O)C(F)(F)C(F)(F)F)S(=O)(=O)C(F)(F)C(F)(F)F,COC1C(C(C)=O)C2CCC3CC31C2,0.43,10.8
[Li+].[N-](S(=O)(=O)C(F)(F)C(F)(F)F)S(=O)(=O)C(F)(F)C(F)(F)F,C1CC2CC2CC2CCC3(C1)CC3C2,0.97,4.22
[Li+].[N-](S(=O)(=O)C(F)(F)C(F)(F)F)S(=O)(=O)C(F)(F)C(F)(F)F,CC1CCC(CCCCC2CC2C)C1,1.41,2.48
[Li+].[N-](S(=O)(=O)C(F)(F)C(F)(F)F)S(=O)(=O)C(F)(F)C(F)(F)F,CCCC1C2CCC(C)C(C)C12OC,0.39,11.9
[Li+].[N-](S(=O)(=O)C(F)(F)C(F)(F)F)S(=O)(=O)C(F)(F)C(F)(F)F,CCC(P)CCC(C)=O,0.79,7.1
[Li+].[N-](S(=O)(=O)C(F)(F)C(F)(F)F)S(=O)(=O)C(F)(F)C(F)(F)F,COP(C)(=O)CC(=O)CC(C)C,1.5,2.28
[Li+].[N-](S(=O)(=O)C(F)(F)C(F)(F)F)S(=O)(=O)C(F)(F)C(F)(F)F,CC(C#N)C1CCC(C)C1(C)C,0.66,7.79
[Li+].[N-](S(=O)(=O)C(F)(F)C(F)(F)F)S(=O)(=O)C(F)(F)C(F)(F)F,CC(CC1CC1)CC12CC1C2,0.43,13.96
[Li+].[N-](S(=O)(=O)C(F)(F)C(F)(F)F)S(=O)(=O)C(F)(F)C(F)(F)F,CC1CC2CCCC3CCC1C32,0.88,5.53
[Li+].[N-](S(=O)(=O)C(F)(F)C(F)(F)F)S(=O)(=O)C(F)(F)C(F)(F)F,CCCCC(OC(C)=O)C(C)(C)F,0.92,4.52
[Li+].[N-](S(=O)(=O)C(F)(F)C(F)(F)F)S(=O)(=O)C(F)(F)C(F)(F)F,CCCCCS(=O)(=O)CC,1.1,4.15
[Li+].[N-](S(=O)(=O)C(F)(F)C(F)(F)F)S(=O)(=O)C(F)(F)C(F)(F)F,CC(Cl)CC(C)CC(C)CCF,0.66,6.61
[Li+].[B-](F)(F)(F)F,CCC1C2CC3CC1(CC3C#N)C2=O,0.83,6.07
[Li+].[B-](F)(F)(F)F,C1CC2CC2CC2CCC3(C1)CC3C2,1.01,4.91
[Li+].[B-](F)(F)(F)F,CC1CC2CC3(C)CC(C1)(C2)C3,0.92,6.28
[Li+].[B-](F)(F)(F)F,CC1CC12CCC1CCC3C(CC1)C32,1.14,4.32
[Li+].[B-](F)(F)(F)F,C1C2C1C1C2CC2CC21C1CC1,1.28,4.53
[Li+].[B-](F)(F)(F)F,CCC1CCC2OC(=O)OC12,0.79,7.75
[Li+].[B-](F)(F)(F)F,CC1C2C(=O)C(=O)C(CC(C)(C)C)C12,1.32,3.62
[Li+].[B-](F)(F)(F)F,CC(C)C(C)C(C)CCC(C)(C)C,0.66,7.92
[Li+].[B-](F)(F)(F)F,CCC1CC(C(=O)OC)CC1=O,1.5,3.59
[Li+].[B-](F)(F)(F)F,CCCCCC(F)(F)C(C)C,0.92,6.28
[Li+].[B-](F)(F)(F)F,CCC(C)CC1(CC(=O)OC)CC1,1.19,4.26
[Li+].[B-](F)(F)(F)F,COCS(=O)(=O)C(C)(C)C,1.37,4.06
[Li+].[B-](F)(F)(F)F,c1csc(CCCC2CC2)c1,1.28,4.37
[Li+].[B-](F)(F)(F)F,CCCC12CC(C1CC)N(C)C2CC,1.32,3.6
[Li+].[B-](F)(F)(F)F,CCCC(Cl)(CC)CC,0.97,6.56
[Li+].[B-](F)(F)(F)F,CCCC(CCC#N)C(C)(CC)CC,0.34,14.77
[Li+].[B-](F)(F)(F)F,CCC1(OC(=O)OC)CCC(C)C1,0.88,5.81
[Li+].[B-](F)(F)(F)F,CC(C)C1CCC(CCC#N)C1C,0.52,10.42
[Li+].[B-](F)(F)(F)F,CCCC(C)(C1CCC1)C1CCC1C,1.37,3.47
[Li+].[B-](F)(F)(F)F,CCC1C(COC)C2C3CC3CC12C,0.57,8.74
[Li+].[B-](F)(F)(F)F,CCC12CC(CN(C)CC1C)C1CC12,0.57,8.79
[Li+].[B-](F)(F)(F)F,CC(=O)OCP,0.57,16.02
[Li+].[B-](F)(F)(F)F,CC(CF)C1(CF)CCOC1,1.06,5.41
[Li+].[B-](F)(F)(F)F,N#CC1=CCC=C(F)S1,0.97,6.91
[Li+].[B-](F)(F)(F)F,CCC(C)C(P)CCCN(C)C,1.46,3.33
[Li+].[B-](F)(F)(F)F,CCCC(CC)(CC)CCl,0.79,7.44
[Li+].[B-](F)(F)(F)F,COC(=O)C(C)CC(C)CC(C)=O,0.61,8.51
[Li+].[B-](F)(F)(F)F,CCC1OC(=O)CCC1C(C)C,0.34,16.95
[Li+].[B-](F)(F)(F)F,CCCCC(CC)CC(=O)C1CC1,0.3,17.98
[Li+].[B-](F)(F)(F)F,CC1CC(C)(C)C(C)(C)CC1=O,0.74,7.7
[Li+].[B-](F)(F)(F)F,CCC(C#N)CC(C)C1CCC(C)C1,1.41,3.38
[Li+].[B-](F)(F)(F)F,CCC(CC)CC(=O)C(C)CC,0.92,6.06
[Li+].[B-](F)(F)(F)F,CS(=O)(=O)C1CCCCC1,1.41,4.03
[Li+].[B-](F)(F)(F)F,CC(=O)C1(CC(C)C(C)C)CCCC1,0.39,12.78
[Li+].[B-](F)(F)(F)F,CCC(Cl)C(=O)C(C)=O,0.39,16.89
[Li+].[B-](F)(F)(F)F,CCC1CCC(CC)C1,1.32,5.56
[Li+].[B-](F)(F)(F)F,CCCC1CC1CC(C)(C)CC,0.39,14.91
[Li+].[B-](F)(F)(F)F,CC(Cl)CC(C)CC(C)CCF,0.34,14.82
[Li+].[B-](F)(F)(F)F,CC1CC2CCC(C)C(C2)C1=O,0.79,7.28
[Li+].[B-](F)(F)(F)F,CC1CC(C2C(C)C(C)CC2(C)C)C1,1.41,3.37
[Li+].[B-](F)(F)(F)F,CCC(C#N)CS(=O)(=O)CC,1.14,4.69
[Li+].[B-](F)(F)(F)F,CC(Cl)CC(C#N)CC(C)(C)C,0.39,13.37
[Li+].[B-](F)(F)(F)F,CCC(CC)C(C)C1CC(C)C1C,1.32,3.85
[Li+].[B-](F)(F)(F)F,CC(=O)C1CC2CCCC(C2)C1=O,1.32,3.9
[Li+].[B-](F)(F)(F)F,CC(CC1CCC1)C(=O)Cl,1.28,4.52
[Li+].[B-](F)(F)(F)F,CCCCC(C(C)=O)C(Cl)Cl,1.41,3.32
[Li+].[B-](F)(F)(F)F,COC(=O)OCC1C2CCCC1C2,0.57,9.22
[Li+].[B-](F)(F)(F)F,CCC(C#N)C1CCC1,1.5,4.96
[Li+].[B-](F)(F)(F)F,CCCCC1CC(C2(C)CC2C)C1,0.66,8.1
[Li+].[B-](F)(F)(F)F,CCC1(C#N)CCCCC(=O)O1,1.28,4.34
[Li+].F[P-](F)(F)(F)(F)F,CCCC(C)(C#N)CCl,0.61,10.64
[Li+].F[P-](F)(F)(F)(F)F,CC1C2CC(=O)C(C#N)C(C)(C)CC12,1.19,3.93
[Li+].F[P-](F)(F)(F)(F)F,CCC(C)C(=O)C1(C#N)CC1,1.01,5.96
[Li+].F[P-](F)(F)(F)(F)F,CCCCCCC(C)CC#N,0.34,18.61
[Li+].F[P-](F)(F)(F)(F)F,CC(C#N)CC1CCCC1,0.39,18.03
[Li+].F[P-](F)(F)(F)(F)F,CC12CC3CC(C1)C2C3,0.92,8.16
[Li+].F[P-](F)(F)(F)(F)F,CCCC(F)C(=O)CC,1.06,6.46
[Li+].F[P-](F)(F)(F)(F)F,CS(=O)(=O)CCCC1CCC1,0.48,11.31
[Li+].F[P-](F)(F)(F)(F)F,CCOC(=O)C(CC(C)=O)C1CC1C,0.48,10.06
[Li+].F[P-](F)(F)(F)(F)F,CCC(C#N)C1CCC1,0.43,18.15
[Li+].F[P-](F)(F)(F)(F)F,CCC(C)C(=O)CCC(C)C(C)(C)C,0.97,4.75
[Li+].F[P-](F)(F)(F)(F)F,CCC12CC3CC4COC3C(C1)C42,0.3,18.2
[Li+].F[P-](F)(F)(F)(F)F,CCCCC(C)C12CCCCCC1C2,1.01,4.63
[Li+].F[P-](F)(F)(F)(F)F,C[C]1C2CC3(CCC3C2C)C1C,0.88,6.41
[Li+].F[P-](F)(F)(F)(F)F,CC(C)(CCl)CCCl,0.88,6.75
[Li+].F[P-](F)(F)(F)(F)F,CCCCCCCCC(C)PC,1.14,4.18
[Li+].F[P-](F)(F)(F)(F)F,CC1CC2CCCC3(CCCC3=O)C12,0.92,5.19
[Li+].F[P-](F)(F)(F)(F)F,CCCC(=O)C(C#N)C(CC)CC,1.19,4.14
[Li+].F[P-](F)(F)(F)(F)F,CC(C)C(C1CC1)C(C)(C)C,1.23,4.69
[Li+].F[P-](F)(F)(F)(F)F,COCC1C2C(C)C2C(C)CC1(C)C,1.41,3.16
[Li+].F[P-](F)(F)(F)(F)F,CCCCCCC(CC)CC,1.28,4.43
[Li+].F[P-](F)(F)(F)(F)F,CCCOC(=O)C(C)C1CCC1CC,0.92,5.03
[Li+].F[P-](F)(F)(F)(F)F,CCCC(CC)C(C)(C)CSC,0.88,5.56
[Li+].F[P-](F)(F)(F)(F)F,CCC(C)OC(=O)CSC,0.57,10.26
[Li+].F[P-](F)(F)(F)(F)F,CCCC(C1CC1)C1CC1,1.01,6.52
[Li+].F[P-](F)(F)(F)(F)F,CC(=O)CC1C(C)C2CCC1(C#N)C2,0.43,11.69
[Li+].F[P-](F)(F)(F)(F)F,CC1CC(OC=O)CCC2(C)CC2C1,1.46,3.03
[Li+].F[P-](F)(F)(F)(F)F,CCCC(CCC(F)F)C(=O)OC,1.32,3.44
[Li+].F[P-](F)(F)(F)(F)F,CC1CCC(=O)CC(=O)C12CCCC2,0.43,11.51
[Li+].F[P-](F)(F)(F)(F)F,CCCCC(SC)SSC,1.28,3.52
[Li+].F[P-](F)(F)(F)(F)F,CCSCC1CCCCCC1,0.43,12.98
[Li+].F[P-](F)(F)(F)(F)F,CCC(=O)C1(C)CC(C)CCCC1C,1.19,3.83
[Li+].F[P-](F)(F)(F)(F)F,CC(F)C(C)S(C)(C)CF,0.39,14.53
[Li+].F[P-](F)(F)(F)(F)F,CC(C)C1CCCCCCCCCC1,0.88,5.33
[Li+].F[P-](F)(F)(F)(F)F,COC(=O)OCC1C2CCCC1C2,1.1,4.45
[Li+].F[P-](F)(F)(F)(F)F,CCC1CCC(C)(C)C1C1CCCC1,1.19,3.86
[Li+].F[P-](F)(F)(F)(F)F,CC1CCCC2CC34CCC1C23C4,0.79,6.67
[Li+].F[P-](F)(F)(F)(F)F,CCCC(CC#N)CCC(C)CC,1.41,3.42
[Li+].F[P-](F)(F)(F)(F)F,CCCC12CC(C1CC)N(C)C2CC,1.23,3.7
[Li+].F[P-](F)(F)(F)(F)F,CCCC(CCC)C[PH](C)=O,0.52,10.4
[Li+].F[P-](F)(F)(F)(F)F,CCC(CC)OC1CC(=O)CC1CC,1.1,4.13
[Li+].F[P-](F)(F)(F)(F)F,CC1CC2CCCC3CCC1C32,1.19,4.57
[Li+].F[P-](F)(F)(F)(F)F,CCC(C)C1C(C(C)C)CC12CC2C,0.7,6.89
[Li+].F[P-](F)(F)(F)(F)F,CCCC(F)(CC)C(C)=O,1.19,5.14
[Li+].F[P-](F)(F)(F)(F)F,CCC1C(OC(C)=O)OC(=O)C1C#N,1.41,3.14
[Li+].F[P-](F)(F)(F)(F)F,CC(C)CCC1C(C)CC(C)C1(C)C,1.28,3.52
[Li+].F[P-](F)(F)(F)(F)F,CCCC(C)CC(C)S(C)(=O)=O,1.23,3.76
[Li+].F[P-](F)(F)(F)(F)F,COC(C)CC1CCCC12CCC2,1.06,4.68
[Li+].F[P-](F)(F)(F)(F)F,CC(Cl)CC(C#N)CC(C)(C)C,0.61,8.26
[Li+].F[P-](F)(F)(F)(F)F,CC(=O)CC(C)CCOC(C)=O,1.28,4.02
[Li+].[O-]Cl(=O)(=O)=O,CCC(C)CCCC1C2CCC12C,0.3,18.14
[Li+].[O-]Cl(=O)(=O)=O,CC1CC(CC(=O)C#N)C1,0.3,23.84
[Li+].[O-]Cl(=O)(=O)=O,CC1C(=O)C(C#N)CC2CCCC21,0.48,11.4
[Li+].[O-]Cl(=O)(=O)=O,CCOC(=O)CC1CC1C1CCCC1,0.34,14.67
[Li+].[O-]Cl(=O)(=O)=O,CCC1(OC(=O)OC)CCC(C)C1,1.28,3.86
[Li+].[O-]Cl(=O)(=O)=O,CCC(=O)CCC(=O)OC(C)=O,1.01,5.39
[Li+].[O-]Cl(=O)(=O)=O,CC(=O)CC(C)CCOC(C)=O,1.5,3.51
[Li+].[O-]Cl(=O)(=O)=O,COC(=O)OC1CCCC(C)C1,1.28,4.17
[Li+].[O-]Cl(=O)(=O)=O,CSC(Cl)(Cl)SC,1.46,3.51
[Li+].[O-]Cl(=O)(=O)=O,CCC(=O)C(C)CS(=O)C(C)C,0.57,8.89
[Li+].[O-]Cl(=O)(=O)=O,CCC(C#N)CC1CCCCC1,0.66,8.79
[Li+].[O-]Cl(=O)(=O)=O,CCCC(C)C(C)S(=O)(=O)F,1.32,3.81
[Li+].[O-]Cl(=O)(=O)=O,CCC1CC(C)C2(CC)CC12C,0.57,10.17
[Li+].[O-]Cl(=O)(=O)=O,CC(=O)C(C)C1CC(C)C(C)C1,0.34,17.11
[Li+].[O-]Cl(=O)(=O)=O,CCC1CC(C)CC1(C)CC,1.1,5.49
[Li+].[O-]Cl(=O)(=O)=O,CCCCCC(=O)OC(C)CCC,1.28,3.86
[Li+].[O-]Cl(=O)(=O)=O,CCCCCC1CCCC1CCC,1.5,3.31
[Li+].[O-]Cl(=O)(=O)=O,CCC1CCCCC1C(=O)OC(C)C,1.41,3.26
[Li+].[O-]Cl(=O)(=O)=O,CCCCCCCCC(C)PC,0.43,12.02
[Li+].[O-]Cl(=O)(=O)=O,CC1CC2CCSC3CC1C2C3,1.23,4.12
[Li+].[O-]Cl(=O)(=O)=O,CCC(C)CC1C(C)C(C)C1C,1.32,4.13
[Li+].[O-]Cl(=O)(=O)=O,CCCC1CC1CC(C)(C)CC,1.14,4.84
[Li+].[O-]Cl(=O)(=O)=O,CCC1(C#N)CCCCC(=O)O1,1.28,4.3
[Li+].[O-]Cl(=O)(=O)=O,CCCC1(C)CC(=O)C12CCCC2C,1.32,3.58
[Li+].[O-]Cl(=O)(=O)=O,CC(C)CCCC(C)C(C)SC#N,0.83,5.73
[Li+].[O-]Cl(=O)(=O)=O,CCCC(C)(C)CC(=O)C(C)C(C)C,0.34,14.51
[Li+].[O-]Cl(=O)(=O)=O,CC(=O)C1C2CC3CC(C2)CC1C3,0.83,6.41
[Li+].[O-]Cl(=O)(=O)=O,CN(C)C1=COC(C#N)=CO1,0.52,12.23
[Li+].[O-]Cl(=O)(=O)=O,CCCCCCCC(C)P,0.43,14.12
[Li+].[O-]Cl(=O)(=O)=O,CC1C2C(C)(C)C3CC3(C)C12C,0.43,13.77
[Li+].[O-]Cl(=O)(=O)=O,CC12CC3(C)CC(C1)(C2)S3(=O)=O,1.14,4.37
[Li+].[O-]Cl(=O)(=O)=O,CC12CC34CC5CC3C1(CC54)C2,0.92,6.39
[Li+].[O-]Cl(=O)(=O)=O,CCC(C)CC1(C2C(C)C2(C)C)CC1,0.97,4.98
[Li+].[O-]Cl(=O)(=O)=O,CCCCC(C(C)=O)C(Cl)Cl,1.19,3.95
[Li+].[O-]Cl(=O)(=O)=O,COc1cc(-c2ccccc2)c[nH]1,0.97,5.59
[Li+].[O-]Cl(=O)(=O)=O,CCCC1(CC)COC(=O)OC1,1.06,5.11
[Li+].[O-]Cl(=O)(=O)=O,CC1C2C(=O)C(=O)C(CC(C)(C)C)C12,0.39,12.88
[Li+].[O-]Cl(=O)(=O)=O,C1CC2CC2C(C2CC2)C1,1.32,5.1
[Li+].[O-]Cl(=O)(=O)=O,CC(=O)CC1C(C)C2CCC1(C#N)C2,0.83,5.97
[Li+].[O-]Cl(=O)(=O)=O,CCCCCCC(CC)C(C)(C)C,0.48,10.96
[Li+].[O-]Cl(=O)(=O)=O,CC(CF)CCCF,1.28,5.88
[Li+].[O-]Cl(=O)(=O)=O,CCCCC(CC)CC1CCCC1C,1.19,3.96
[Li+].[O-]Cl(=O)(=O)=O,CCC(CC(C)(F)F)C(=O)CC#N,0.34,15.21
[Li+].[O-]Cl(=O)(=O)=O,C1C2C1C1C2CC2CC21C1CC1,0.52,11.61
[Li+].[O-]Cl(=O)(=O)=O,CC1CC2CCCC3CCC1C32,0.3,19.91
[Li+].[O-]Cl(=O)(=O)=O,CCCCCC1CC1C(=O)C(=O)C#N,0.61,8.16
[Li+].[O-]Cl(=O)(=O)=O,CCCCC(SC)SSC,0.39,12.74
[Li+].[O-]Cl(=O)(=O)=O,CCCCC(=O)C(C)(C)C(C)C,1.14,4.78
[Li+].[O-]Cl(=O)(=O)=O,CC(=O)CCC(C)(C)C(C)C(C)C,0.92,5.56
[Li+].[O-]Cl(=O)(=O)=O,COC(=O)CC1CCCCCC(C)C1,1.5,3.05
[Li+].[O-]S(=O)(=O)C(F)(F)F,CCCCC(CC)C1CC(=O)N1C,0.83,6.07
[Li+].[O-]S(=O)(=O)C(F)(F)F,CCC1CCC2C3CCC3OC(=O)C12,0.92,5.12
[Li+].[O-]S(=O)(=O)C(F)(F)F,CCCCCC(C)C(=O)OCCC,1.06,4.57
[Li+].[O-]S(=O)(=O)C(F)(F)F,CC1C2CC(=O)C(C#N)C(C)(C)CC12,0.92,5.2
[Li+].[O-]S(=O)(=O)C(F)(F)F,CCCC(C)N(CC)CC(=O)CC,0.74,6.8
[Li+].[O-]S(=O)(=O)C(F)(F)F,CCCC(CC)COC(=O)OCC,1.46,3.15
[Li+].[O-]S(=O)(=O)C(F)(F)F,CCCC(C#N)CC(C)CCC(C)C,0.92,5.09
[Li+].[O-]S(=O)(=O)C(F)(F)F,CCC(CC)C(C)C(=O)OC(C)C,1.28,3.7
[Li+].[O-]S(=O)(=O)C(F)(F)F,CCS(=O)(=O)CCCC(C)(C)C,1.19,3.89
[Li+].[O-]S(=O)(=O)C(F)(F)F,CC(C#N)C1CCC(C)C1(C)C,0.97,5.68
[Li+].[O-]S(=O)(=O)C(F)(F)F,CC(C)CC(C)(C#N)CC1CC1(C)C,1.37,3.3
[Li+].[O-]S(=O)(=O)C(F)(F)F,CCC1CCC(C)CC1(C)CC(C)C,0.43,11.38
[Li+].[O-]S(=O)(=O)C(F)(F)F,CC(CF)C1(CF)CCOC1,1.41,3.76
[Li+].[O-]S(=O)(=O)C(F)(F)F,CCC(C#N)C1CCC1,1.32,5.4
[Li+].[O-]S(=O)(=O)C(F)(F)F,COC(=O)C1CC(C)(F)CC1CF,0.92,5.18
[Li+].[O-]S(=O)(=O)C(F)(F)F,CCCC1(CC)C(COC)C1(C)C,1.19,4.06
[Li+].[O-]S(=O)(=O)C(F)(F)F,CCCCC(=O)C(C)C(C)OC,0.92,5.78
[Li+].[O-]S(=O)(=O)C(F)(F)F,CCON(C)C(C)C1CCCS1,0.61,8.17
[Li+].[O-]S(=O)(=O)C(F)(F)F,CCC(CC)OP(=O)(Cl)CC,1.28,3.47
[Li+].[O-]S(=O)(=O)C(F)(F)F,CCC1CCCC(=O)C1Cl,0.57,10.35
[Li+].[O-]S(=O)(=O)C(F)(F)F,CCSCC(CC)SSC,0.66,7.25
[Li+].[O-]S(=O)(=O)C(F)(F)F,CCCC(F)C(=O)CC,0.92,7.53
[Li+].[O-]S(=O)(=O)C(F)(F)F,CCCCC(C(C)=O)C(Cl)Cl,1.32,3.38
[Li+].[O-]S(=O)(=O)C(F)(F)F,CC1CC(CCC(=O)OC(C)(C)C)C1,0.74,6.35
[Li+].[O-]S(=O)(=O)C(F)(F)F,CCC1CCC(C)(C)C1C1CCCC1,0.88,5.37
[Li+].[O-]S(=O)(=O)C(F)(F)F,CCCC1CC1CC(C)(C)CC,0.34,16.93
[Li+].[O-]S(=O)(=O)C(F)(F)F,CC1CCC1(C)C1(C(C)C)CC1(C)C,0.43,11.49
[Li+].[O-]S(=O)(=O)C(F)(F)F,CC(=O)CCC(C)(C)C(C)C(C)C,0.34,15.46
[Li+].[O-]S(=O)(=O)C(F)(F)F,CCC(C)CC1CC1C1CCCC1,0.39,13.71
[Li+].[O-]S(=O)(=O)C(F)(F)F,CC(F)CC(C)(F)C#N,1.37,4.79
[Li+].[O-]S(=O)(=O)C(F)(F)F,CSC(Cl)(Cl)SC,1.32,3.76
[Li+].[O-]S(=O)(=O)C(F)(F)F,CC1C(CS(C)(=O)=O)C1(C)C,1.32,3.78
[Li+].[O-]S(=O)(=O)C(F)(F)F,CC(C)C(=O)C(=O)C(C)(C)CC#N,0.34,15.72
[Li+].[O-]S(=O)(=O)C(F)(F)F,CCC(Cl)C(=O)C(C)=O,0.39,16.64
[Li+].[O-]S(=O)(=O)C(F)(F)F,CC12CCC3CCC(C1)C2COC3,0.61,8.58
[Li+].[O-]S(=O)(=O)C(F)(F)F,CC(C)(C)CC1CCS1(=O)=O,0.97,5.33
[Li+].[O-]S(=O)(=O)C(F)(F)F,CCC(CC)OC1CC(=O)CC1CC,0.7,6.74
[Li+].[O-]S(=O)(=O)C(F)(F)F,CCC1C(C)CC12CCS2(=O)=O,0.88,5.55
[Li+].[O-]S(=O)(=O)C(F)(F)F,CC1CC2CC(C2)C(C)C(=O)OC1C,0.48,10.15
[Li+].[O-]S(=O)(=O)C(F)(F)F,C1CCC23CC2C2CC2(C1)C3,1.19,5.05
[Li+].[O-]S(=O)(=O)C(F)(F)F,CCC(C#N)CS(=O)(=O)CC,0.66,8.12
[Li+].[O-]S(=O)(=O)C(F)(F)F,CC1CC2CC(C2)CC1C,0.34,20.61
[Li+].[O-]S(=O)(=O)C(F)(F)F,CC(C)CC(F)(F)C(C)CF,1.19,4.45
[Li+].[O-]S(=O)(=O)C(F)(F)F,CCC(C)SC(C#N)C(CC)CC,1.41,3.1
[Li+].[O-]S(=O)(=O)C(F)(F)F,CCCCC(=O)OCCC(C)C,0.3,18.82
[Li+].[O-]S(=O)(=O)C(F)(F)F,CCCC(C)CC1(C#N)CCC(C)C1,0.83,5.76
[Li+].[O-]S(=O)(=O)C(F)(F)F,COCC1C2C(C)C2C(C)CC1(C)C,1.32,3.39
[Li+].[O-]S(=O)(=O)C(F)(F)F,CC1CC2CCSC3CC1C2C3,1.14,4.31
[Li+].[O-]S(=O)(=O)C(F)(F)F,CCC(=O)C(C)C(CC)SC#N,1.32,3.59
[Li+].[O-]S(=O)(=O)C(F)(F)F,CCOC(=O)CC1CC1C1CCCC1,0.79,5.98
[Li+].[N-](C#N)C#N,CCOC(=O)C(CC(C)=O)C1CC1C,1.46,3.24
[Li+].[N-](C#N)C#N,CCC(CC(C)=O)C(=O)CC(F)F,1.32,3.72
[Li+].[N-](C#N)C#N,COC(=O)C(=O)C(C)CC(C)Cl,0.7,7.19
[Li+].[N-](C#N)C#N,CCCCCCCC(C)(C)C(C)(C)C,0.88,5.51
[Li+].[N-](C#N)C#N,CCCC1CCC1CCl,0.92,7.12
[Li+].[N-](C#N)C#N,CCCC(CC)COC(=O)OCC,1.23,4.09
[Li+].[N-](C#N)C#N,CCCC(C)OC(=O)OC(C)=O,1.14,4.79
[Li+].[N-](C#N)C#N,CCP(C)CCCC(C)C,1.32,4.46
[Li+].[N-](C#N)C#N,CCCC(C#N)CC(C)CCC(C)C,0.74,6.7
[Li+].[N-](C#N)C#N,CC1CCC(CCCCC2CC2C)C1,0.92,5.37
[Li+].[N-](C#N)C#N,CCC1CC(C)C2(CC)CC12C,0.83,6.99
[Li+].[N-](C#N)C#N,CCCCC(C)S(=O)(=O)Cl,1.41,3.61
[Li+].[N-](C#N)C#N,C1CCC2CCC[C](C1)C2,0.66,10.73
[Li+].[N-](C#N)C#N,CCCC1(CCC(C)C)CCCC1,1.01,5.19
[Li+].[N-](C#N)C#N,CCCC1CC(=O)C(C(C)C)C1(C)C,0.43,11.63
[Li+].[N-](C#N)C#N,c1csc(CCCC2CC2)c1,1.32,4.3
[Li+].[N-](C#N)C#N,CC(=O)CCC(C)(C)C(C)C(C)C,0.74,7.1
[Li+].[N-](C#N)C#N,CCOC(C)=O,0.7,15.73
[Li+].[N-](C#N)C#N,CCC1CCCC12CC(=O)OC2C,1.01,5.2
[Li+].[N-](C#N)C#N,CC(CF)C1(CF)CCOC1,0.88,6.66
[Li+].[N-](C#N)C#N,CC1CCC1(C)C1(C(C)C)CC1(C)C,1.32,3.68
[Li+].[N-](C#N)C#N,CCCCCC(C)C(C)C(C)CCC,0.92,5.26
[Li+].[N-](C#N)C#N,CC1CC(C)(C#N)C(=O)C2(C)CC12,0.92,5.89
[Li+].[N-](C#N)C#N,CC(C)C(C1CC1)C(C)(C)C,0.39,16.34
[Li+].[N-](C#N)C#N,CC1(C(C#N)CCC2CC2)CCCC1,0.3,17.2
[Li+].[N-](C#N)C#N,CCCC(=O)CC(C)C(C)C,0.79,7.83
[Li+].[N-](C#N)C#N,CCCCCOC(=O)C(C)C,1.5,3.94
[Li+].[N-](C#N)C#N,CCC1COC(C)C2CCC2C1C,1.41,3.65
[Li+].[N-](C#N)C#N,CCC(CC)OP(=O)(Cl)CC,1.06,4.53
[Li+].[N-](C#N)C#N,CC(CCCC(C)C(C)C)SC#N,1.06,4.52
[Li+].[N-](C#N)C#N,C1CC2CC1CC1CC21,0.74,10.71
[Li+].[N-](C#N)C#N,CCCP(C)CCC(C)CC,0.48,11.71
[Li+].[N-](C#N)C#N,COC(=O)OCCOC(C)F,0.3,19.8
[Li+].[N-](C#N)C#N,CCN1C(C)CC(=O)C12CC2C,0.7,8.28
[Li+].[N-](C#N)C#N,CCCC(=O)C(C)C(=O)CC(C)=O,0.66,7.99
[Li+].[N-](C#N)C#N,CCC1CC(C)(CC)C(=O)CC1(C)C,0.52,9.58
[Li+].[N-](C#N)C#N,CCC1CCCC(=O)C1Cl,0.61,9.94
[Li+].[N-](C#N)C#N,CCCCC(C)(CC)CCC(C)=O,0.3,17.85
[Li+].[N-](C#N)C#N,CC(C)C(C)C(F)(F)C(F)C(C)C,1.06,4.59
[Li+].[N-](C#N)C#N,CC1CCC1CC1(C#N)CC(C)(C)C1,1.41,3.48
[Li+].[N-](C#N)C#N,CC(C)C1CCC(Cl)CC1C,1.14,4.77
[Li+].[N-](C#N)C#N,CCC1C2CCCC(C3(C)CC3)C12,0.83,6.52
[Li+].[N-](C#N)C#N,CCCC(C1CC1)C1CC1,0.79,8.85
[Li+].[N-](C#N)C#N,CC1COCC2(C1)C(=O)OCC2C#N,0.66,7.54
[Li+].[N-](C#N)C#N,COC(=O)C1(C)CCC12CCCC2,0.43,12.52
[Li+].[N-](C#N)C#N,CC(C)CC(F)(F)C(C)CF,1.01,5.63
[Li+].[N-](C#N)C#N,CCC1CC(C)C1C(C)CCOC,0.97,5.36
[Li+].[N-](C#N)C#N,CCCCCCC1(CC)CCC(C)C1,0.3,16.76
[Li+].[N-](C#N)C#N,CCCC1(CC)C(COC)C1(C)C,0.79,6.63
[Li+].[N-](C#N)C#N,CC1CC(CC(=O)C#N)C1,0.61,11.64
[Li+].[C-](C#N)(C#N)C#N,CCOC(=O)CC1CC1C1CCCC1,1.37,3.43
[Li+].[C-](C#N)(C#N)C#N,CCCCC(CC)CC(=O)C1CC1,0.83,6.3
[Li+].[C-](C#N)(C#N)C#N,CC(=O)CCC1CCC(C)O1,0.3,20.97
[Li+].[C-](C#N)(C#N)C#N,CCCC(C)C1OC(=O)C1C,1.46,4.02
[Li+].[C-](C#N)(C#N)C#N,CCCC(C(=O)CC)C(CC)C(C)C,0.92,5.19
[Li+].[C-](C#N)(C#N)C#N,CCCCC(C)C12CCCCCC1C2,0.61,8.14
[Li+].[C-](C#N)(C#N)C#N,CCC1C2C(C)C(=O)CCCC12OC,1.1,4.34
[Li+].[C-](C#N)(C#N)C#N,CC(=O)N(OC(=O)OCF)C(C)=O,0.92,5.33
[Li+].[C-](C#N)(C#N)C#N,COOCC(C)CCC(C)C,0.3,20.44
[Li+].[C-](C#N)(C#N)C#N,CCCC(C#N)CCCC(C)(C)CC,1.23,3.87
[Li+].[C-](C#N)(C#N)C#N,CC1C(C#N)C2CC1C(C)(C)C2C,0.79,6.82
[Li+].[C-](C#N)(C#N)C#N,CCC1(C(C)(C)C)OOC1=O,1.14,5.18
[Li+].[C-](C#N)(C#N)C#N,CC(=O)C1CC2(C(C)=O)CC2C1C,1.41,3.62
[Li+].[C-](C#N)(C#N)C#N,CSC(Cl)(Cl)SC,1.06,5.0
[Li+].[C-](C#N)(C#N)C#N,C#Cc1ccc(N(C)C)s1,1.1,5.63
[Li+].[C-](C#N)(C#N)C#N,CCC(C)C(CC#N)CCCC(C)=O,0.61,8.1
[Li+].[C-](C#N)(C#N)C#N,CCCC(CC)(CC)CCl,0.57,10.43
[Li+].[C-](C#N)(C#N)C#N,CCCC12CC(C)C1CC(=O)O2,0.79,7.18
[Li+].[C-](C#N)(C#N)C#N,CCCCC(CCC)CCF,1.32,4.37
[Li+].[C-](C#N)(C#N)C#N,CCC1CC(C)C1C(C)CCOC,0.92,5.59
[Li+].[C-](C#N)(C#N)C#N,CC(C#N)CC1CCCC1,0.7,9.99
[Li+].[C-](C#N)(C#N)C#N,CCC1CC(C)C(C)(C)C1(C)C,1.23,4.49
[Li+].[C-](C#N)(C#N)C#N,CCCC(Cl)(CC)CC,1.32,4.71
[Li+].[C-](C#N)(C#N)C#N,CC(C)C(C)C(F)(F)C(F)C(C)C,1.41,3.32
[Li+].[C-](C#N)(C#N)C#N,CCC1(C)CC1CCC(C)C(C)C#N,0.66,7.54
[Li+].[C-](C#N)(C#N)C#N,CC1C(=O)C2CCCC(C)(C2)C1(C)C,1.14,4.22
[Li+].[C-](C#N)(C#N)C#N,CCCC(Cl)(Cl)C(F)(F)F,1.01,4.78
[Li+].[C-](C#N)(C#N)C#N,CCC(C)C(=O)C1(C#N)CC1,0.83,7.59
[Li+].[C-](C#N)(C#N)C#N,CCC(CC)C(C)C1CC(C)C1C,0.79,6.63
[Li+].[C-](C#N)(C#N)C#N,CCCCCC1(C(C)C)CC1,0.43,14.7
[Li+].[C-](C#N)(C#N)C#N,CC(CC1CC1)CC12CC1C2,0.61,10.53
[Li+].[C-](C#N)(C#N)C#N,CCCC(C)CC(=O)OC(C)=O,0.97,5.65
[Li+].[C-](C#N)(C#N)C#N,CCCOC(=O)OCOC,1.37,4.54
[Li+].[C-](C#N)(C#N)C#N,CC1CC2CCC(C)C(C2)C1=O,1.37,4.05
[Li+].[C-](C#N)(C#N)C#N,CCCCCC1CC1C(=O)C(=O)C#N,0.52,9.66
[Li+].[C-](C#N)(C#N)C#N,CCCC(CC#N)CCC(C)CC,1.14,4.52
[Li+].[C-](C#N)(C#N)C#N,CCC(C(=O)OC)S(=O)(=O)CC,0.39,12.91
[Li+].[C-](C#N)(C#N)C#N,COc1cc(-c2ccccc2)c[nH]1,1.1,4.92
[Li+].[C-](C#N)(C#N)C#N,CC(C)CC(C)(C#N)CC1CC1(C)C,0.7,7.09
[Li+].[C-](C#N)(C#N)C#N,CCC1(C2(C)CC3C(C)C3C2)CC1C,0.83,5.97
[Li+].[C-](C#N)(C#N)C#N,CC(=O)C1C2CCC(CSC2)C1C,1.19,3.95
[Li+].[C-](C#N)(C#N)C#N,CCC1(C#N)CCCCC(=O)O1,0.79,7.23
[Li+].[C-](C#N)(C#N)C#N,CC(=O)C1CC(C)CCC1C,1.28,4.69
[Li+].[C-](C#N)(C#N)C#N,C[C]1C2CC3(CCC3C2C)C1C,0.92,6.31
[Li+].[C-](C#N)(C#N)C#N,CCC(C)CC1CC1C1CCCC1,1.5,3.38
[Li+].[C-](C#N)(C#N)C#N,CC(=O)CCC(C)(C)C(C)C(C)C,1.06,4.81
[Li+].[C-](C#N)(C#N)C#N,CCS(=O)(=O)C1CCC1,0.66,9.84
[Li+].[C-](C#N)(C#N)C#N,CCC1C2C3CC4CCC(C)C4(C3)C12,1.23,3.97
[Li+].[C-](C#N)(C#N)C#N,CC1CCC1CC1(C#N)CC(C)(C)C1,0.79,6.32
[Li+].[C-](C#N)(C#N)C#N,CC(C)C1CCC2C(C1)C1C2N1C,0.92,5.74
[Li+].[O-][N+](=O)=O,CC(C)C1CCC(CCC#N)C1C,1.23,4.31
[Li+].[O-][N+](=O)=O,CC(CF)C1(CF)CCOC1,0.92,6.37
[Li+].[O-][N+](=O)=O,CC(C)CSC1CC2CCCC2C1,1.46,3.25
[Li+].[O-][N+](=O)=O,CCCCC(=O)OCCC(C)C,0.83,6.76
[Li+].[O-][N+](=O)=O,CCC(C)C(=O)C1(C#N)CC1,0.43,15.11
[Li+].[O-][N+](=O)=O,CCCC(=O)C(C)C(=O)CC(C)=O,0.34,15.74
[Li+].[O-][N+](=O)=O,CC1CC12CCC1CCC3C(CC1)C32,1.46,3.39
[Li+].[O-][N+](=O)=O,CCC1(OC(=O)OC)CCC(C)C1,1.46,3.46
[Li+].[O-][N+](=O)=O,CC(=O)C1CC2(C(C)=O)CC2C1C,1.19,4.44
[Li+].[O-][N+](=O)=O,CC(C)(CS(=O)(=O)F)C1CC1,0.39,14.0
[Li+].[O-][N+](=O)=O,CCC(C#N)CC(C)C1CCC(C)C1,0.66,7.63
[Li+].[O-][N+](=O)=O,CCCCC(OC)C(CC)CC,0.34,16.83
[Li+].[O-][N+](=O)=O,CC1C(=O)C2CCCC2C1=O,0.34,19.06
[Li+].[O-][N+](=O)=O,COC(=O)C(C)CC(C)(C)C(C)C,0.57,9.2
[Li+].[O-][N+](=O)=O,CC(=O)C(C(C)=O)C1CC1C,1.01,6.16
[Li+].[O-][N+](=O)=O,CC1C2CC3C(C2)C3C1CC#N,0.34,17.99
[Li+].[O-][N+](=O)=O,CCC1(C#N)CCCCC(=O)O1,1.5,3.74
[Li+].[O-][N+](=O)=O,CCC(C(C)C)C1(C)C(C)CCC1C,0.83,5.93
[Li+].[O-][N+](=O)=O,CCCC(F)(F)CCCC#N,0.61,9.92
[Li+].[O-][N+](=O)=O,CCC(P)CCC(C)=O,0.92,7.16
[Li+].[O-][N+](=O)=O,CCCC(CC)C(C)C1CC1CC,1.28,4.06
[Li+].[O-][N+](=O)=O,CC(C)CCC1CC1CC1CCC1C,0.66,7.59
[Li+].[O-][N+](=O)=O,CC(C)C(C)OC(C)C(F)(F)F,0.34,15.75
[Li+].[O-][N+](=O)=O,CC1CCC2CC1(C1CC3CC1C3)C2,0.34,15.24
[Li+].[O-][N+](=O)=O,CCC(C)CC1(CC)CCCCC1,1.32,3.93
[Li+].[O-][N+](=O)=O,CCC(C)SC(C#N)C(CC)CC,0.43,11.46
[Li+].[O-][N+](=O)=O,CCCC(C)C(C)(C)CCC(C)=O,1.06,4.9
[Li+].[O-][N+](=O)=O,CC1=C[C@H](F)C=CO1,0.74,11.49
[Li+].[O-][N+](=O)=O,CCCC(C)CC(C)S(C)(=O)=O,1.23,4.02
[Li+].[O-][N+](=O)=O,CC1C2CC3CC3C(C#N)C(C2)C1C,0.34,15.32
[Li+].[O-][N+](=O)=O,CCC(SC)C(=O)OC(C)C,1.41,3.79
[Li+].[O-][N+](=O)=O,CC1(C(=O)C2CCCCC2=O)CCC1,1.14,4.31
[Li+].[O-][N+](=O)=O,CC(C#N)CC1CCCC1,0.83,8.48
[Li+].[O-][N+](=O)=O,CC(=O)CC(C(C)=O)C(=O)C(C)=O,0.52,10.22
[Li+].[O-][N+](=O)=O,C1C2CC3C4CC5CC4C3C1CC25,1.5,3.59
[Li+].[O-][N+](=O)=O,CCCC(CCC(F)F)C(=O)OC,0.66,7.59
[Li+].[O-][N+](=O)=O,COC(=O)C1(C)CCC12CCCC2,0.88,6.01
[Li+].[O-][N+](=O)=O,CC1(C(=O)Cl)CCCC1CCl,0.79,6.28
[Li+].[O-][N+](=O)=O,CCC(C)(C)CCCC(F)CF,0.57,9.61
[Li+].[O-][N+](=O)=O,CC(Cl)CCC(C)C(F)(F)F,0.79,6.5
[Li+].[O-][N+](=O)=O,CCCCCC(C#N)(CC)C(C)=O,0.48,11.27
[Li+].[O-][N+](=O)=O,CCOC(=O)C(C#N)(CC)CC(C)C,0.3,16.69
[Li+].[O-][N+](=O)=O,CCCOC(=O)OCCC(C)OC,0.66,7.75
[Li+].[O-][N+](=O)=O,CC(=O)C1(CC(C)C(C)C)CCCC1,0.43,11.64
[Li+].[O-][N+](=O)=O,CCCC1(Cl)CC2CCC1C2,0.79,7.09
[Li+].[O-][N+](=O)=O,CCCC(C#N)CC(C)CCC(C)C,1.37,3.53
[Li+].[O-][N+](=O)=O,CCCCCCC(C)CC#N,0.48,13.33
[Li+].[O-][N+](=O)=O,CCC(=O)N1CCCCC1Cl,0.3,18.75
[Li+].[O-][N+](=O)=O,CCC(Cl)C(=O)C(C)=O,0.43,15.38
[Li+].[O-][N+](=O)=O,CCCCCC(C)C(=O)OCCC,0.92,5.62
[Li+].CC(=O)[O-],CCCCCC(=O)N(C=O)CCC,0.3,17.78
[Li+].CC(=O)[O-],CCC12C3C4C(C)C5C3C13C4C2C53,1.19,4.65
[Li+].CC(=O)[O-],COCC(CC(C)C)C12CCCC1C2,0.7,7.08
[Li+].CC(=O)[O-],CC1CC2CCC(C)C(C2)C1=O,0.74,7.89
[Li+].CC(=O)[O-],CC1(C)C2C3CCC4C3CC2C41C,0.3,18.69
[Li+].CC(=O)[O-],CCC(CC)(OC(C)=O)C(C)(C)C,1.14,4.5
[Li+].CC(=O)[O-],CCC1CCC1(C)C(C)(C)CC,0.48,12.15
[Li+].CC(=O)[O-],CCC1CC1C1CC(CC(C)C)C1,1.1,4.83
[Li+].CC(=O)[O-],C1CCCC23CCCC2C(CC1)C3,1.19,4.49
[Li+].CC(=O)[O-],CC(C)C1CCC2C(C)C2(C)C1,1.32,4.32
[Li+].CC(=O)[O-],CCC(C)C(OOC)C(C)C(C)C,1.14,4.45
[Li+].CC(=O)[O-],CCCC(C)(C#N)CCl,0.66,10.14
[Li+].CC(=O)[O-],CCCCCC1CCCC1CCC,1.19,4.4
[Li+].CC(=O)[O-],CCCC1CC1(C)C(=O)C#N,1.32,4.75
[Li+].CC(=O)[O-],CCCC(Cl)C(C#N)CC,0.66,9.25
[Li+].CC(=O)[O-],CCCC(=O)C(CC)CC(C)(C)F,0.43,12.15
[Li+].CC(=O)[O-],CC1CCC(CCCCC2CC2C)C1,1.37,3.56
[Li+].CC(=O)[O-],CC(C)N(C)C(CCF)CC(F)F,0.48,10.37
[Li+].CC(=O)[O-],CCCCC(C#N)CC(C)CC(C)C,1.01,4.87
[Li+].CC(=O)[O-],CC(Cl)CC1CC(C#N)C1,0.57,10.88
[Li+].CC(=O)[O-],CC1C(C#N)C23CC(C)C(C)(C2)C13,0.43,13.05
[Li+].CC(=O)[O-],CC1CC(CC(=O)C#N)C1,1.23,5.64
[Li+].CC(=O)[O-],CCCCC(C)(C)C(Cl)C#N,0.48,11.77
[Li+].CC(=O)[O-],CC1C2C(C)(C)C3CC3(C)C12C,1.1,5.3
[Li+].CC(=O)[O-],CCC1C2C(C)C(=O)CCCC12OC,1.14,4.27
[Li+].CC(=O)[O-],CCCC1(Cl)CC2CCC1C2,0.34,16.81
[Li+].CC(=O)[O-],CC1CC2CCCC3(CCCC3=O)C12,0.48,10.63
[Li+].CC(=O)[O-],CC(C)(C)CC1CCCCC1C#N,1.28,4.14
[Li+].CC(=O)[O-],CCC(C)C1C(C(C)C)CC12CC2C,0.92,5.39
[Li+].CC(=O)[O-],CC12CC3C4CCC35CC(C1CO5)C42,0.43,12.02
[Li+].CC(=O)[O-],CCC(CC)(OC(C)=O)SC,1.5,3.56
[Li+].CC(=O)[O-],CCCCCC(C)(C)CCC(C)C#N,0.61,8.19
[Li+].CC(=O)[O-],CCC(SC)C(=O)OC(C)C,0.3,18.69
[Li+].CC(=O)[O-],CC(=O)CC1CC1C1CC(C)C2CC21,1.41,3.49
[Li+].CC(=O)[O-],CCC(C#N)C(C)CCC(C)C,0.3,19.69
[Li+].CC(=O)[O-],CCCC1(CC)COC(=O)OC1,0.97,5.76
[Li+].CC(=O)[O-],C#Cc1ccc(N(C)C)s1,1.5,4.15
[Li+].CC(=O)[O-],COC1CCCC(C2CCC3CC32)C1,1.01,4.9
[Li+].CC(=O)[O-],CCC1CCC(CCCCCl)C1,1.01,5.04
[Li+].CC(=O)[O-],CC(C)C1CCCCCCCCCC1,0.74,6.68
[Li+].CC(=O)[O-],CCCCCC(CC)C(C)(C)C,0.43,13.42
[Li+].CC(=O)[O-],CC1CCC12CC2C(=O)OC1(C)CC1,1.01,4.9
[Li+].CC(=O)[O-],CCC1CCC(C)(C)C(=O)C1,1.41,4.35
[Li+].CC(=O)[O-],CCC1CCS12CC2,0.39,19.39
[Li+].CC(=O)[O-],CCCC(Cl)(Cl)C(F)(F)F,1.37,3.54
[Li+].CC(=O)[O-],CSC(C#N)CC(C)(C)C,0.79,7.8
[Li+].CC(=O)[O-],CCC1CCCC(=O)C1Cl,0.97,6.18
[Li+].CC(=O)[O-],CCCC(=O)OC1CCC(CC)C1,0.48,11.09
[Li+].CC(=O)[O-],CCC1CCC2C3CCC3OC(=O)C12,1.06,4.66
[Li+].CC(=O)[O-],CCCC1CC2(CCCCC2)CO1,0.52,10.34
[Li+].[O-]C(=O)C(F)(F)F,CCCCC(C)CC(=O)CC,0.3,20.88
[Li+].[O-]C(=O)C(F)(F)F,CCCCCC(CC)C(C)(C)C,0.52,10.88
[Li+].[O-]C(=O)C(F)(F)F,CC(=O)CCC1CCC(C)O1,0.83,7.26
[Li+].[O-]C(=O)C(F)(F)F,CCCC(=O)C(C)C(=O)CC(C)=O,1.19,4.18
[Li+].[O-]C(=O)C(F)(F)F,CCC1CCC(CCCCCl)C1,0.83,6.01
[Li+].[O-]C(=O)C(F)(F)F,CC12CCCC1(C)C(C(=O)C#N)CC2,0.3,17.06
[Li+].[O-]C(=O)C(F)(F)F,CCC1C2CCCC(C3(C)CC3)C12,0.52,10.39
[Li+].[O-]C(=O)C(F)(F)F,CCCCCC(=O)OC(C)CCC,1.5,3.2
[Li+].[O-]C(=O)C(F)(F)F,COC1C(C(C)=O)C2CCC3CC31C2,1.5,3.07
[Li+].[O-]C(=O)C(F)(F)F,CCCCCCCCC(C)PC,0.74,6.8
[Li+].[O-]C(=O)C(F)(F)F,CCC1CC(C)C1C(C)CCOC,1.28,3.86
[Li+].[O-]C(=O)C(F)(F)F,CCCCCC1CC1C(=O)C(=O)C#N,1.19,3.98
[Li+].[O-]C(=O)C(F)(F)F,CC(C)C1CCC(CCC#N)C1C,1.46,3.43
[Li+].[O-]C(=O)C(F)(F)F,COOCC(C)CCC(C)C,1.37,4.11
[Li+].[O-]C(=O)C(F)(F)F,CC(F)CC(C)(F)C#N,1.06,6.56
[Li+].[O-]C(=O)C(F)(F)F,CC(C)CCC1CC1CC1CCC1C,0.79,6.15
[Li+].[O-]C(=O)C(F)(F)F,CCC(C)CC(C(C)C#N)C(C)(C)C,1.06,4.47
[Li+].[O-]C(=O)C(F)(F)F,CC(=O)CCC(C)(C)C(C)C(C)C,0.66,7.84
[Li+].[O-]C(=O)C(F)(F)F,CC(=O)CCCCC(C)CC(C)=O,0.7,7.37
[Li+].[O-]C(=O)C(F)(F)F,CC1C2C3CC(C)C45C(CC2C34)CC15,1.06,4.63
[Li+].[O-]C(=O)C(F)(F)F,COC(=O)C(C)CS(C)(=O)=O,0.97,5.33
[Li+].[O-]C(=O)C(F)(F)F,C1CC2CC1CC1CC21,1.01,7.52
[Li+].[O-]C(=O)C(F)(F)F,CCC(CC)OP(=O)(Cl)CC,0.74,6.45
[Li+].[O-]C(=O)C(F)(F)F,CC1CC2CCC(C)C(C2)C1=O,0.79,7.19
[Li+].[O-]C(=O)C(F)(F)F,CCCCCCC1(CC)CCC(C)C1,0.3,16.61
[Li+].[O-]C(=O)C(F)(F)F,CCCCCCC(=O)CC(C)CCC,1.01,4.64
[Li+].[O-]C(=O)C(F)(F)F,CCCOCCC1CC(C)CCC1C,1.01,4.64
[Li+].[O-]C(=O)C(F)(F)F,CCCC(C)N(CC)CC(=O)CC,1.46,3.32
[Li+].[O-]C(=O)C(F)(F)F,CC(C)C1CCC(Cl)CC1C,0.92,5.82
[Li+].[O-]C(=O)C(F)(F)F,CCC(Cl)C(=O)C(C)=O,0.88,7.17
[Li+].[O-]C(=O)C(F)(F)F,CCCC(Cl)(CC)CC,0.34,19.31
[Li+].[O-]C(=O)C(F)(F)F,CCC1C(COC)C2C3CC3CC12C,0.52,9.53
[Li+].[O-]C(=O)C(F)(F)F,CC(C)CCC1(C)N(C(C)C)C1(C)C,0.7,6.88
[Li+].[O-]C(=O)C(F)(F)F,CC12CC34CC5CC3C1(CC54)C2,0.74,7.99
[Li+].[O-]C(=O)C(F)(F)F,CC(CF)C1(CF)CCOC1,0.74,7.8
[Li+].[O-]C(=O)C(F)(F)F,CCC(CC)(OC(C)=O)SC,0.79,6.78
[Li+].[O-]C(=O)C(F)(F)F,CCCC1CCC1CCl,1.23,5.06
[Li+].[O-]C(=O)C(F)(F)F,CCC(=O)C(C)C1SCCS1,0.43,11.85
[Li+].[O-]C(=O)C(F)(F)F,CCCOC(=O)OCOC,0.7,9.17
[Li+].[O-]C(=O)C(F)(F)F,CCCC12CC(C1CC)N(C)C2CC,0.48,10.3
[Li+].[O-]C(=O)C(F)(F)F,CCCC1(Cl)CC2CCC1C2,0.66,8.36
[Li+].[O-]C(=O)C(F)(F)F,CCCCOS(C)(C)C(C)(C)C,1.14,4.19
[Li+].[O-]C(=O)C(F)(F)F,CCC1CCC(C)CC1(C)CC(C)C,0.34,14.62
[Li+].[O-]C(=O)C(F)(F)F,CCC1CCCCC1C(=O)OC(C)C,0.7,6.85
[Li+].[O-]C(=O)C(F)(F)F,CC1CCC12CC2C(=O)OC1(C)CC1,0.3,16.79
[Li+].[O-]C(=O)C(F)(F)F,CCC1(C(C)(C)C)OOC1=O,1.46,3.88
[Li+].[O-]C(=O)C(F)(F)F,CCC12CC(CN(C)CC1C)C1CC12,1.19,3.98
[Li+].[O-]C(=O)C(F)(F)F,CC(C)CCCC(C)C(C)SC#N,0.57,8.45
[Li+].[O-]C(=O)C(F)(F)F,CCCC(C)CC1(C#N)CCC(C)C1,0.52,9.58
[Li+].[O-]C(=O)C(F)(F)F,CCCC(CCC)CC(C)CC#N,0.39,13.75
[Li+].CCC(=O)[O-],CCCC(C)(P)CC,0.79,9.22
[Li+].CCC(=O)[O-],CCC(C)CC1CC1C1CCCC1,0.34,16.05
[Li+].CCC(=O)[O-],CCCCC(C)C12CCCCCC1C2,0.83,5.96
[Li+].CCC(=O)[O-],CN(C)C1=COC(C#N)=CO1,0.52,12.33
[Li+].CCC(=O)[O-],CCCC(=O)C(C)C(=O)CC(C)=O,0.57,9.27
[Li+].CCC(=O)[O-],CC1CC(OC=O)CCC2(C)CC2C1,1.37,3.48
[Li+].CCC(=O)[O-],CC1CC2CCCC(C(C)C)(C1)C2=O,1.14,4.27
[Li+].CCC(=O)[O-],CCCC1(CC)COC(=O)OC1,0.43,13.23
[Li+].CCC(=O)[O-],CCCCC(CC)C(C)CC(C)C,1.32,3.85
[Li+].CCC(=O)[O-],CC(=O)CC(=O)C1(C)CC1C,1.01,6.12
[Li+].CCC(=O)[O-],CCCC(C#N)CCF,1.37,5.29
[Li+].CCC(=O)[O-],CC(=O)C(C)C1CC(C)C(C)C1,1.19,4.71
[Li+].CCC(=O)[O-],COC(=O)OC1CCCC(C)C1,0.7,8.02
[Li+].CCC(=O)[O-],CCCCCCC(CC)CC,0.92,6.65
[Li+].CCC(=O)[O-],CC1CC2CC3(C)CC(C1)(C2)C3,0.92,6.33
[Li+].CCC(=O)[O-],CC1CC(C)(C)C(C)(C)CC1=O,1.19,4.71
[Li+].CCC(=O)[O-],CC1CCC2C(C)CC(C)C2C1,0.57,10.27
[Li+].CCC(=O)[O-],CCCCC(=O)C(C)(C)C(C)C,0.7,8.11
[Li+].CCC(=O)[O-],CCCC(F)C(=O)CC,0.57,12.92
[Li+].CCC(=O)[O-],CC(F)CC(C)(F)C#N,0.66,11.03
[Li+].CCC(=O)[O-],CCC1C2CC3CC1(CC3C#N)C2=O,0.48,10.76
[Li+].CCC(=O)[O-],CCCC(F)(F)CCCC#N,0.34,17.95
[Li+].CCC(=O)[O-],CS(=O)(=O)C1CCCCC1,1.46,3.93
[Li+].CCC(=O)[O-],CCC1CC(C)C1C(C)CCOC,0.39,13.66
[Li+].CCC(=O)[O-],N#CC1=CCC=C(F)S1,1.37,4.84
[Li+].CCC(=O)[O-],CCCCC(CCC)CCF,0.3,20.5
[Li+].CCC(=O)[O-],CCC1CC1C1CC(CC(C)C)C1,1.23,4.25
[Li+].CCC(=O)[O-],CCCCCC1(C2CC2)CC1,0.7,9.07
[Li+].CCC(=O)[O-],CC1C2C3CC(C)C45C(CC2C34)CC15,0.92,5.52
[Li+].CCC(=O)[O-],CCC1CCC2C3CCC3OC(=O)C12,0.61,8.2
[Li+].CCC(=O)[O-],COC1CCCC(C2CCC3CC32)C1,0.88,5.61
[Li+].CCC(=O)[O-],CC1CCC(=O)C1C(C)C(C)(C)C,0.83,6.35
[Li+].CCC(=O)[O-],CC(C)C1CCC2C(C)C2(C)C1,0.92,6.25
[Li+].CCC(=O)[O-],CC(C)C(C)C(F)(F)C(F)C(C)C,0.79,6.21
[Li+].CCC(=O)[O-],CC(=O)OC1(C)CCCC(C)(C)C1C,0.97,4.96
[Li+].CCC(=O)[O-],CC(C)C(C1CC1)C(C)(C)C,1.32,4.6
[Li+].CCC(=O)[O-],CCC(C#N)CS(=O)(=O)CC,0.83,6.61
[Li+].CCC(=O)[O-],CCCC12CCOC1(CC)C2,0.74,8.46
[Li+].CCC(=O)[O-],CCC1C(C2C3CCCC32)C1(C)C,0.43,12.78
[Li+].CCC(=O)[O-],CC1CC(C2C(C)C(C)CC2(C)C)C1,0.74,6.71
[Li+].CCC(=O)[O-],CCSCC1CCCCCC1,0.43,13.22
[Li+].CCC(=O)[O-],C1C2C1C1C2CC2CC21C1CC1,0.52,11.71
[Li+].CCC(=O)[O-],CC1COCC2(C1)C(=O)OCC2C#N,1.46,3.27
[Li+].CCC(=O)[O-],CCC(CC)(OC(C)=O)C(C)(C)C,0.39,13.51
[Li+].CCC(=O)[O-],COC(=O)CC1(CC(C)C)CCC1,0.88,5.91
[Li+].CCC(=O)[O-],CC1(C)CC2CCCC(C#N)(C2)C1,1.32,4.01
[Li+].CCC(=O)[O-],CCCC1CC2(CCCCC2)CO1,1.46,3.5
[Li+].CCC(=O)[O-],CCC1C(C)CC12CCS2(=O)=O,0.48,10.81
[Li+].CCC(=O)[O-],CCCC(CC)(CC)CCl,0.48,12.52
[Li+].CCC(=O)[O-],CCN(C)CC1(CC(C)C)CCC1,0.74,7.11
[Li+].[O-]C(=O)c1ccccc1,CC(C)C1C(C)CCCC1C#N,1.01,5.53
[Li+].[O-]C(=O)c1ccccc1,CCCCC1CC1C1C(=O)CCC1C,0.34,14.75
[Li+].[O-]C(=O)c1ccccc1,CCCC(C(=O)CC)C(CC)C(C)C,1.5,2.98
[Li+].[O-]C(=O)c1ccccc1,CC(CC1CC1)CC12CC1C2,0.83,7.52
[Li+].[O-]C(=O)c1ccccc1,CC1C(=O)C2CCCC(C)(C2)C1(C)C,0.66,7.41
[Li+].[O-]C(=O)c1ccccc1,CC(=O)C(C)(C)C(C)C#N,1.37,4.7
[Li+].[O-]C(=O)c1ccccc1,CCCCC1CC(C2(C)CC2C)C1,1.19,4.24
[Li+].[O-]C(=O)c1ccccc1,CCC(C#N)CCCC(CC)CC,1.19,4.22
[Li+].[O-]C(=O)c1ccccc1,CC12CC3(C)CC(C1)(C2)S3(=O)=O,0.61,8.4
[Li+].[O-]C(=O)c1ccccc1,CCCC1C2CCC(C)C(C)C12OC,1.5,3.01
[Li+].[O-]C(=O)c1ccccc1,CCCC(=O)C(CC)CC(C)(C)F,0.83,6.0
[Li+].[O-]C(=O)c1ccccc1,CCC(C)CC1CC1C1CCCC1,0.92,5.61
[Li+].[O-]C(=O)c1ccccc1,CC(C)CCC1C(C)CC(C)C1(C)C,1.23,3.76
[Li+].[O-]C(=O)c1ccccc1,CCC(CC(C)=O)C(=O)CC(F)F,1.1,4.34
[Li+].[O-]C(=O)c1ccccc1,CCC1CCC(CCCCCl)C1,0.48,10.64
[Li+].[O-]C(=O)c1ccccc1,CC1CC(CC(=O)C#N)C1,0.66,10.5
[Li+].[O-]C(=O)c1ccccc1,CCC1(C)CC(=O)CCC1(C)C,0.74,7.58
[Li+].[O-]C(=O)c1ccccc1,CC1CC2CCCC(C(C)C)(C1)C2=O,1.46,3.14
[Li+].[O-]C(=O)c1ccccc1,CCCCC(=O)CCC(C)(C)C#N,1.19,4.22
[Li+].[O-]C(=O)c1ccccc1,CCCOCCC1CC(C)CCC1C,0.74,6.43
[Li+].[O-]C(=O)c1ccccc1,CC1CCC1CC1(C#N)CC(C)(C)C1,1.19,4.0
[Li+].[O-]C(=O)c1ccccc1,CC(=O)CC(=O)C1(C)CC1C,1.19,4.96
[Li+].[O-]C(=O)c1ccccc1,CC1CCCC2C(C1)CC(C)C2(C)C,0.79,6.13
[Li+].[O-]C(=O)c1ccccc1,CC(=O)CCC1CCC(C)O1,0.79,7.62
[Li+].[O-]C(=O)c1ccccc1,CCC(CC)C(=O)CS(C)(=O)=O,1.41,3.3
[Li+].[O-]C(=O)c1ccccc1,CCCCCCCC(C)(C)C(C)(C)C,0.97,4.82
[Li+].[O-]C(=O)c1ccccc1,CC1C2C(=O)C(=O)C(CC(C)(C)C)C12,0.48,10.34
[Li+].[O-]C(=O)c1ccccc1,CC(C)(CCl)CCCl,1.19,4.93
[Li+].[O-]C(=O)c1ccccc1,COC(=O)C(C)C(C)S(=O)(=O)F,1.01,4.62
[Li+].[O-]C(=O)c1ccccc1,CCC(C)C(OOC)C(C)C(C)C,0.92,5.37
[Li+].[O-]C(=O)c1ccccc1,CC1C2CCC(C)(C)C1OC(=O)O2,1.19,4.15
[Li+].[O-]C(=O)c1ccccc1,CCSCC1CCCCCC1,1.41,3.68
[Li+].[O-]C(=O)c1ccccc1,CCCC(CCC(F)F)C(=O)OC,0.7,6.97
[Li+].[O-]C(=O)c1ccccc1,CC1C2CC3CC14CC32CC4=O,0.79,7.34
[Li+].[O-]C(=O)c1ccccc1,COC(C)CC1CCCC12CCC2,0.52,10.14
[Li+].[O-]C(=O)c1ccccc1,CCCC(=O)C(=O)OC,1.1,6.41
[Li+].[O-]C(=O)c1ccccc1,CC(C)C1CC2CC(C#N)(C2)C(C)C1,0.79,6.22
[Li+].[O-]C(=O)c1ccccc1,CCCC(C)N(CC)CC(=O)CC,0.7,7.3
[Li+].[O-]C(=O)c1ccccc1,CCC1C2CCCC(C3(C)CC3)C12,1.14,4.5
[Li+].[O-]C(=O)c1ccccc1,CCCC1(CC)OOOC1C,0.79,7.43
[Li+].[O-]C(=O)c1ccccc1,CC(C)C(C)CCCC(=O)C#N,0.88,6.34
[Li+].[O-]C(=O)c1ccccc1,CCCC1CCC1CCl,0.83,7.7
[Li+].[O-]C(=O)c1ccccc1,CCCC(C)CC1(C#N)CCC(C)C1,0.61,8.09
[Li+].[O-]C(=O)c1ccccc1,CCOC(=O)C(CC(C)=O)C1CC1C,0.43,11.35
[Li+].[O-]C(=O)c1ccccc1,CC1CCCC2CC34CCC1C23C4,1.32,3.87
[Li+].[O-]C(=O)c1ccccc1,CC(=O)C(C)C1CC(C)C(C)C1,0.39,14.79
[Li+].[O-]C(=O)c1ccccc1,CCC1CC(C)C1C(C)CCOC,0.7,7.34
[Li+].[O-]C(=O)c1ccccc1,CN(C)C(=O)CC1(C)CC2CC1C2,1.1,4.6
[Li+].[O-]C(=O)c1ccccc1,COC(=O)OCCOC(C)F,0.43,13.54
[Li+].[O-]C(=O)c1ccccc1,CC(=O)CC(C(C)=O)C(=O)C(C)=O,1.1,4.53
[Li+].[O-]C=O,CC(C)CC(C)(C#N)CC1CC1(C)C,0.66,7.68
[Li+].[O-]C=O,CCC(C)OC(=O)CSC,0.66,9.15
[Li+].[O-]C=O,CCC(CC)(OC(C)=O)SC,0.61,9.13
[Li+].[O-]C=O,COC(C)CC1CCCC12CCC2,0.83,6.44
[Li+].[O-]C=O,CC(C)CC1(C)CC(C)C12CC2,1.01,5.77
[Li+].[O-]C=O,CC(=O)C(C)(C)C(C)C#N,0.74,9.49
[Li+].[O-]C=O,CC(C)C1CCC(CCC#N)C1C,0.79,6.89
[Li+].[O-]C=O,CC1CCCC2CC34CCC1C23C4,0.66,8.42
[Li+].[O-]C=O,CCCC(C)CC(=O)OC(C)=O,0.57,10.01
[Li+].[O-]C=O,CCC1(C)CC1CCC(C)C(C)C#N,1.1,4.54
[Li+].[O-]C=O,CCC(CC)C(=O)CS(C)(=O)=O,1.28,3.9
[Li+].[O-]C=O,CCCCCS(=O)(=O)CC,0.66,9.04
[Li+].[O-]C=O,CCCCOS(C)(C)C(C)(C)C,1.37,3.64
[Li+].[O-]C=O,COC(=O)CC1CCCCCC(C)C1,0.97,5.04
[Li+].[O-]C=O,CCCCC1CC(C2(C)CC2C)C1,0.48,11.38
[Li+].[O-]C=O,CC(C)CC(C)CC#N,0.74,10.55
[Li+].[O-]C=O,CCCC(C)SCC(C)(C#N)CC,0.3,16.57
[Li+].[O-]C=O,CCOC(=O)C(CC(C)=O)C1CC1C,0.34,14.68
[Li+].[O-]C=O,CC(C)CC(F)(F)C(C)CF,0.7,8.31
[Li+].[O-]C=O,CCCC(C)C(F)CCC(C)C,0.83,6.74
[Li+].[O-]C=O,CCC1C(COC)C2C3CC3CC12C,1.28,3.86
[Li+].[O-]C=O,CCCCCC(C)(C)CCC(C)C#N,0.43,11.75
[Li+].[O-]C=O,CCCC(C)OC(=O)OC(C)=O,1.32,4.17
[Li+].[O-]C=O,CCC1CCCC12CC(=O)OC2C,0.57,9.46
[Li+].[O-]C=O,CCCCCC1CC1C(=O)C(=O)C#N,0.43,11.88
[Li+].[O-]C=O,CC1CC2CC3(C)CC(C1)(C2)C3,1.14,5.15
[Li+].[O-]C=O,CCC(C)C1C(C(C)C)CC12CC2C,1.23,4.03
[Li+].[O-]C=O,CCCC(=O)CCCCC(F)CC,1.01,5.1
[Li+].[O-]C=O,CCC(CC)(OC(C)=O)C(C)(C)C,0.43,12.32
[Li+].[O-]C=O,CC1CCC(C)(C)CC1,0.43,18.18
[Li+].[O-]C=O,CCCC1SOC(C)(C)C1C,0.74,7.58
[Li+].[O-]C=O,CC(=O)C1C2CCC(CSC2)C1C,0.83,5.92
[Li+].[O-]C=O,CC12CCCC1(C)C(C(=O)C#N)CC2,1.5,3.33
[Li+].[O-]C=O,CC(F)CC1CC(C)C(C)C(C)C1,0.66,7.97
[Li+].[O-]C=O,CCC(=O)C(C)C1SCCS1,0.52,9.94
[Li+].[O-]C=O,CCCOC(=O)C(C)C1CCC1CC,1.46,3.3
[Li+].[O-]C=O,CC1C2CC(=O)C(C#N)C(C)(C)CC12,0.48,10.73
[Li+].[O-]C=O,CC(C)CCC1(C)N(C(C)C)C1(C)C,0.3,16.73
[Li+].[O-]C=O,CC1CCC(C)(CC2CC2)C1(C)C,0.79,6.85
[Li+].[O-]C=O,CC(=O)CCC1CC(=O)C1C(C)C,0.79,6.78
[Li+].[O-]C=O,CCC1CCCCC1C(=O)OC(C)C,1.06,4.6
[Li+].[O-]C=O,CC(CC1CC1)CC12CC1C2,1.37,4.65
[Li+].[O-]C=O,CCCCC(OC(C)=O)C(C)(C)F,1.46,3.44
[Li+].[O-]C=O,CCC(C)SC(C#N)C(CC)CC,0.66,7.45
[Li+].[O-]C=O,CCC(CC)OC1CC(=O)CC1CC,1.5,3.21
[Li+].[O-]C=O,CC1CC2CC3CCC(C1)C3C2,1.06,5.56
[Li+].[O-]C=O,CCC(CCC(C)C(C)C)OC,0.34,16.89
[Li+].[O-]C=O,CCCC(C)(C#N)CCl,1.46,4.49
[Li+].[O-]C=O,CCC(C)CC1(CC(=O)OC)CC1,0.43,12.45
[Li+].[O-]C=O,CCC(CC)CC(=O)C(C)CC,1.01,5.63
[Li+].COS(=O)(=O)[O-],CCC1COC(C)C2CCC2C1C,0.97,5.27
[Li+].COS(=O)(=O)[O-],CN(C)C(=O)CC1(C)CC2CC1C2,0.97,5.3
[Li+].COS(=O)(=O)[O-],CC1CC(C)(C)C(C)(C)CC1=O,0.83,6.75
[Li+].COS(=O)(=O)[O-],CC(CS(C)(=O)=O)C(F)CF,1.28,3.82
[Li+].COS(=O)(=O)[O-],CC1C2CC3C(C2)C3C1CC#N,0.34,17.81
[Li+].COS(=O)(=O)[O-],CC1C2C(=O)C(=O)C(CC(C)(C)C)C12,0.39,12.84
[Li+].COS(=O)(=O)[O-],CC(=O)OCP,0.79,11.28
[Li+].COS(=O)(=O)[O-],CCCCC(CC#N)C(C)(C)F,0.79,6.99
[Li+].COS(=O)(=O)[O-],CCCCCC(C)C(=O)OCCC,0.97,5.16
[Li+].COS(=O)(=O)[O-],CCC12COC(CC1C)CC2(C)C,1.19,4.23
[Li+].COS(=O)(=O)[O-],CC1C(C#N)C2CC1C(C)(C)C2C,1.01,5.19
[Li+].COS(=O)(=O)[O-],CCCC(CCCC#N)C(F)(F)F,0.61,8.13
[Li+].COS(=O)(=O)[O-],CCCOCCCC(C)CCC,0.7,7.89
[Li+].COS(=O)(=O)[O-],CCCC1(C)CCC(C)CC1(C)C,1.23,4.08
[Li+].COS(=O)(=O)[O-],CCC1CCC(C)(C)C(=O)C1,0.52,12.02
[Li+].COS(=O)(=O)[O-],CC(C)N(C(C)C)C(C)C1(C)CC1,0.92,5.55
[Li+].COS(=O)(=O)[O-],CC1CCCC2(C#N)CCC(C1)C2,0.97,5.42
[Li+].COS(=O)(=O)[O-],CCOC(=O)OCCCS(C)=O,1.23,3.83
[Li+].COS(=O)(=O)[O-],C1CC2CC2CC2CCC3(C1)CC3C2,1.19,4.05
[Li+].COS(=O)(=O)[O-],CC1(C)CCCCCS(=O)(=O)C1,0.88,5.61
[Li+].COS(=O)(=O)[O-],CCCCCC1CCCC1CCC,0.66,7.93
[Li+].COS(=O)(=O)[O-],CCCCC1CC1C1C(=O)CCC1C,0.74,6.6
[Li+].COS(=O)(=O)[O-],CCCC12CC(C)C1CC(=O)O2,0.79,7.11
[Li+].COS(=O)(=O)[O-],CC(C)C1CCC2C(C)C2(C)C1,0.57,10.13
[Li+].COS(=O)(=O)[O-],CCC(C)(C)CCC(=O)N1CCCO1,1.06,4.39
[Li+].COS(=O)(=O)[O-],CCC1CCC(CCCCCl)C1,0.52,9.82
[Li+].COS(=O)(=O)[O-],CCCC1CC1CC(C)(C)CC,1.1,4.99
[Li+].COS(=O)(=O)[O-],CCC1CC(C)CC1(C)CC,1.23,4.82
[Li+].COS(=O)(=O)[O-],CCCOCCC1CC(C)CCC1C,1.46,3.1
[Li+].COS(=O)(=O)[O-],CCCCC(CC)CC(C)C(C)CC,0.43,11.37
[Li+].COS(=O)(=O)[O-],COC(=O)OC1CCCC(C)C1,1.23,4.32
[Li+].COS(=O)(=O)[O-],CC(=O)C1CCCS(=O)(=O)C1,0.39,14.16
[Li+].COS(=O)(=O)[O-],CCCC(CCC#N)C(C)(CC)CC,0.7,6.96
[Li+].COS(=O)(=O)[O-],COCS(=O)(=O)C(C)(C)C,0.48,12.11
[Li+].COS(=O)(=O)[O-],CCCCC(CC)C1CC(=O)N1C,0.48,10.99
[Li+].COS(=O)(=O)[O-],CC1CCC2CC1(C1CC3CC1C3)C2,0.48,10.58
[Li+].COS(=O)(=O)[O-],COC(=O)CC1(CC(C)C)CCC1,0.34,15.58
[Li+].COS(=O)(=O)[O-],CCC(C#N)CC1CCCCC1,1.32,4.16
[Li+].COS(=O)(=O)[O-],CC(=O)C1(CC(C)C(C)C)CCCC1,0.34,14.63
[Li+].COS(=O)(=O)[O-],C#Cc1ccc(N(C)C)s1,0.79,7.91
[Li+].COS(=O)(=O)[O-],CCC(C)C1CCC(CCOC)C1,1.14,4.38
[Li+].COS(=O)(=O)[O-],CCCC12CCCC(C1)C(Cl)C2,1.5,3.2
[Li+].COS(=O)(=O)[O-],CCC12CC(CCCCC1=O)C2,1.32,4.14
[Li+].COS(=O)(=O)[O-],CCC(C#N)C(C)CCC(C)C,0.43,13.49
[Li+].COS(=O)(=O)[O-],CC1CCC(C)(C)CC1,1.5,4.73
[Li+].COS(=O)(=O)[O-],CCCCCS(=O)(=O)CC,1.1,5.11
[Li+].COS(=O)(=O)[O-],COC(=O)C1(C)CCCC(=O)C1C,0.52,10.06
[Li+].COS(=O)(=O)[O-],CCC(C)CC(C(C)C#N)C(C)(C)C,0.83,5.81
[Li+].COS(=O)(=O)[O-],CCCC(C1CC1)C1CC1,1.41,4.63
[Li+].COS(=O)(=O)[O-],CC1CC12CC1(CC1)C2,0.79,9.79
[Li+].[S-]C#N,C1CCC2CCC[C](C1)C2,0.66,10.76
[Li+].[S-]C#N,CC(C)C(C)CCCC(=O)C#N,0.7,8.31
[Li+].[S-]C#N,CC(C)N(C(C)C)C(C)C1(C)CC1,0.74,7.16
[Li+].[S-]C#N,CC(C)C1CC2CC(C#N)(C2)C(C)C1,0.57,8.97
[Li+].[S-]C#N,CCCC12CC(C)C1CC(=O)O2,0.34,17.26
[Li+].[S-]C#N,CCCCC(=O)OCCC(C)C,0.92,6.09
[Li+].[S-]C#N,CCC1CCCCC1C(=O)OC(C)C,0.74,6.62
[Li+].[S-]C#N,CCCC(C)(C1CCC1)C1CCC1C,0.7,7.15
[Li+].[S-]C#N,CCCC(C)C(C)(CC(C)C)C(C)C,0.61,8.07
[Li+].[S-]C#N,CCC(CC)OC1CC(=O)CC1CC,1.46,3.26
[Li+].[S-]C#N,CCCCC1CC(C2(C)CC2C)C1,1.06,5.02
[Li+].[S-]C#N,CC1CCC12CC2C(=O)OC1(C)CC1,0.79,6.32
[Li+].[S-]C#N,CCC(C)CC1(CC(=O)OC)CC1,0.52,10.23
[Li+].[S-]C#N,CCCCCCC(C)CC#N,1.28,4.85
[Li+].[S-]C#N,CCC12CC(CN(C)CC1C)C1CC12,1.37,3.58
[Li+].[S-]C#N,CCON(C)C(C)C1CCCS1,0.3,17.4
[Li+].[S-]C#N,CC(=O)C1(CC(C)C(C)C)CCCC1,1.46,3.29
[Li+].[S-]C#N,CCC1(C)CC(=O)CCC1(C)C,1.14,4.99
[Li+].[S-]C#N,CC1CC2CC3(C)CC(C1)(C2)C3,0.39,15.37
[Li+].[S-]C#N,CC1C2CC3C(C2)C3C1CC#N,1.23,4.8
[Li+].[S-]C#N,CC(C)C1CCC2C(C1)C1C2N1C,0.43,12.76
[Li+].[S-]C#N,CCC1C(C2C3CCCC32)C1(C)C,0.34,16.28
[Li+].[S-]C#N,C[C]1[CH][C]C2CC[C](CC1)C2(C)C,0.43,13.05
[Li+].[S-]C#N,CC(=O)C1CC2(C(C)=O)CC2C1C,0.83,6.47
[Li+].[S-]C#N,CCCC(=O)C(C)C(C)(C)C,1.06,5.79
[Li+].[S-]C#N,CCC1CC(C)C2(CC)CC12C,0.79,7.38
[Li+].[S-]C#N,C=Cc1ccc(C(C)=O)s1,0.43,15.03
[Li+].[S-]C#N,CCCC1CC1CC(C)(C)CC,0.52,11.2
[Li+].[S-]C#N,CCCCOS(C)(C)C(C)(C)C,1.32,3.74
[Li+].[S-]C#N,CCCC(C)(P)CC,1.46,4.89
[Li+].[S-]C#N,CC1CC2CCCC3(CCCC3=O)C12,1.23,4.03
[Li+].[S-]C#N,CCC(SC)C(=O)OC(C)C,0.39,14.33
[Li+].[S-]C#N,C1CC2CC3C4CC4C3C3CC(C1)C23,1.28,3.95
[Li+].[S-]C#N,CCCC(=O)C(C)C(=O)CC(C)=O,1.14,4.55
[Li+].[S-]C#N,CCC(C)(C)CCC(=O)N1CCCO1,0.92,5.26
[Li+].[S-]C#N,C1CC(C2CC3CC4(CCC24)C3)C1,0.48,11.6
[Li+].[S-]C#N,CCCC(=O)C1CCCC(=O)C1CC,1.5,3.2
[Li+].[S-]C#N,CCCCCC(=O)OC(C)CCC,0.83,6.26
[Li+].[S-]C#N,CCC(C#N)CC(C)C1CCC(C)C1,0.34,15.02
[Li+].[S-]C#N,CCCC(C)CC(C)S(C)(=O)=O,0.52,9.8
[Li+].[S-]C#N,CC1CCC(C)(CC2CC2)C1(C)C,0.79,6.81
[Li+].[S-]C#N,CC(C)C(=O)C(=O)C(C)(C)CC#N,0.34,16.02
[Li+].[S-]C#N,CCCC1(C)CC(=O)C12CCCC2C,0.7,7.15
[Li+].[S-]C#N,CCCCCC(C)(C)CCC(C)C#N,0.88,5.62
[Li+].[S-]C#N,CC(C)CC1(C)CCCC(C)C1C#N,1.46,3.34
[Li+].[S-]C#N,CCC(C)C1CCC(CCOC)C1,0.39,13.7
[Li+].[S-]C#N,CCC(C#N)CC1CCCCC1,1.01,5.76
[Li+].[S-]C#N,CC12CC3(C)CC(C1)(C2)S3(=O)=O,1.41,3.6
[Li+].[S-]C#N,CCCCC(C#N)CC(C)CC(C)C,1.28,3.8
[Li+].[S-]C#N,CCCC(CCCC#N)C(F)(F)F,1.41,3.47
[Li+].[Br-],CC(=O)C1C2CCC(CSC2)C1C,1.41,3.32
[Li+].[Br-],CCCC(CCCC#N)C(F)(F)F,0.97,5.07
[Li+].[Br-],CCCCCC(C#N)(CC)C(C)=O,0.39,13.86
[Li+].[Br-],C#Cc1sccc1C(C)(C)C,0.3,19.98
[Li+].[Br-],CCCC(C)C(C)CCC(=O)CC#N,0.7,7.05
[Li+].[Br-],CCCC1(C)CC(CC)C(=O)C1C,1.19,4.33
[Li+].[Br-],CCC1C(C)C(C)CC1C(C)(C)CC,0.48,10.35
[Li+].[Br-],CC1CCCC2C(C1)CC(C)C2(C)C,1.32,3.63
[Li+].[Br-],C1CC(C2CC3CC4(CCC24)C3)C1,0.57,9.66
[Li+].[Br-],CCC12C3C4C(C)C5C3C13C4C2C53,0.88,6.3
[Li+].[Br-],CCCCCCCCC(C#N)C(C)C,0.52,9.58
[Li+].[Br-],CCCCC(=O)C(C)(C)C(C)C,0.88,6.37
[Li+].[Br-],CCCC1(C)CCC(C)CC1(C)C,0.83,6.33
[Li+].[Br-],CCC(C#N)C(C)CCC(C)C,0.3,19.62
[Li+].[Br-],CCC(=O)CCC(=O)OC(C)=O,0.97,5.69
[Li+].[Br-],CCCC(Cl)(Cl)C(F)(F)F,1.28,3.74
[Li+].[Br-],COC(=O)C1(C)CCC12CCCC2,1.46,3.48
[Li+].[Br-],CCCCCC(CSC)C(C)C,0.7,7.31
[Li+].[Br-],CCC(Cl)CC(C)C1CCCC1,1.37,3.6
[Li+].[Br-],CCCC1(CC)OOOC1C,1.37,4.24
[Li+].[Br-],CCC(C)C1C(C(C)C)CC12CC2C,1.5,3.17
[Li+].[Br-],CCCCC(C)(C)CCCC(C)C,0.74,7.05
[Li+].[Br-],COC(=O)C(C)CC(C)(C)C(C)C,1.32,3.79
[Li+].[Br-],CC1C2CC3C(C2)C3C1CC#N,0.97,6.08
[Li+].[Br-],CCCC1SOC(C)(C)C1C,0.34,16.58
[Li+].[Br-],CCCC(F)C(=O)CC,0.61,12.02
[Li+].[Br-],CC(C)(CS(=O)(=O)F)C1CC1,1.1,4.76
[Li+].[Br-],CCCC1(CC)C(COC)C1(C)C,0.48,11.03
[Li+].[Br-],COC1=CSC=CC1,0.83,9.0
[Li+].[Br-],C1C2C1C1C2CC2CC21C1CC1,1.23,4.75
[Li+].[Br-],CCC(CC(C)(F)F)C(=O)CC#N,0.48,10.74
[Li+].[Br-],CC(C)C1CC2CC(C#N)(C2)C(C)C1,0.88,5.67
[Li+].[Br-],CC(=O)C1CC2(C(C)=O)CC2C1C,0.57,9.45
[Li+].[Br-],CCC(C)C(CC#N)CCCC(C)=O,0.97,5.02
[Li+].[Br-],CCC12CC3CC4COC3C(C1)C42,0.57,9.55
[Li+].[Br-],CCC(CC)(CCl)C1CC1,1.5,3.83
[Li+].[Br-],CC1CCCC2CC1COC(C)(C)C2,0.39,12.8
[Li+].[Br-],CC1C2C(=O)C(=O)C(CC(C)(C)C)C12,1.46,3.26
[Li+].[Br-],CCCSC(C)CC(C)CC,1.28,4.19
[Li+].[Br-],CCCC(CCC)C[PH](C)=O,1.32,4.01
[Li+].[Br-],CCC(=O)C(C)C1SCCS1,1.32,3.71
[Li+].[Br-],CCCCC(C)S(=O)(=O)Cl,0.52,10.14
[Li+].[Br-],CC1CCCC2CC34CCC1C23C4,1.46,3.6
[Li+].[Br-],CCC1(C)CC1CCC(C)C(C)C#N,1.01,4.86
[Li+].[Br-],CCCC(C)C(F)CCC(C)C,1.46,3.64
[Li+].[Br-],CCCC(=O)C(C)C(C)C(C)C(C)C,1.37,3.42
[Li+].[Br-],CCC1CCCC(=O)C1Cl,1.01,5.85
[Li+].[Br-],CCC(=O)C(C)C(CC)SC#N,0.74,7.02
[Li+].[Br-],CC(C)C1[CH]CCC1,0.43,20.45
[Li+].[Br-],CCC1COC(C)C2CCC2C1C,0.39,13.78
[Li+].[Cl-],CCCCC(CC)CC(=O)C1CC1,1.46,3.62
[Li+].[Cl-],CC1CC(CCC(=O)OC(C)(C)C)C1,1.23,3.97
[Li+].[Cl-],CC1(C)C2C3CCC4C3CC2C41C,1.32,4.16
[Li+].[Cl-],CCC(C)C(=O)C1(C#N)CC1,1.41,4.53
[Li+].[Cl-],CCC(C#N)C(C)CCC(C)C,0.43,13.75
[Li+].[Cl-],CC(=O)OCP,0.61,15.22
[Li+].[Cl-],CC12CCCC1(C)C(C(=O)C#N)CC2,0.34,15.25
[Li+].[Cl-],CCC1C(OC(C)=O)OC(=O)C1C#N,0.3,16.78
[Li+].[Cl-],CC(=O)C1CC2(C(C)=O)CC2C1C,1.32,4.06
[Li+].[Cl-],CCC1C(C)CC1C(C)C,1.46,4.71
[Li+].[Cl-],CCCC(C)C1OC(=O)C1C,0.48,13.18
[Li+].[Cl-],CCCCC1CC(C2(C)CC2C)C1,1.19,4.52
[Li+].[Cl-],CSCCC(=O)CSC,0.92,6.46
[Li+].[Cl-],CC1C2CC(=O)C(C#N)C(C)(C)CC12,0.34,15.25
[Li+].[Cl-],CC1CCC(CCCCC2CC2C)C1,1.41,3.52
[Li+].[Cl-],CCCCC(CC#N)C(C)(C)F,1.37,4.12
[Li+].[Cl-],CCCCC(CC)C1CC(=O)N1C,0.97,5.49
[Li+].[Cl-],CCN1C(C)CC(=O)C12CC2C,1.14,5.1
[Li+].[Cl-],CCCC(CCCC#N)C(F)(F)F,0.79,6.42
[Li+].[Cl-],CCCC1CCC1CCl,1.28,5.16
[Li+].[Cl-],CCCC(CCC#N)C(C)(CC)CC,0.83,6.04
[Li+].[Cl-],CC1C2C3CC(C)C45C(CC2C34)CC15,1.5,3.41
[Li+].[Cl-],CC1CC(C)C(CCC(=O)N(C)C)C1,0.34,14.78
[Li+].[Cl-],CCC12C3C4C(C)C5C3C13C4C2C53,0.48,11.95
[Li+].[Cl-],CSCC(C(=O)F)C(C)C(C)C,1.5,3.34
[Li+].[Cl-],CCCCC(C)C(=O)C1CO1,0.66,9.54
[Li+].[Cl-],CCCCOS(C)(C)C(C)(C)C,0.66,7.75
[Li+].[Cl-],CC1OC(=O)OC2C(=O)N(C)C1C2C,1.28,3.8
[Li+].[Cl-],COC(=O)OCCOC(C)F,0.52,11.42
[Li+].[Cl-],CCCC(Cl)C(C#N)CC,0.92,6.65
[Li+].[Cl-],CCS(=O)(=O)CCCC(C)(C)C,0.66,7.75
[Li+].[Cl-],CCC1CC(C)(CC)C(=O)CC1(C)C,0.52,9.67
[Li+].[Cl-],CSC(C#N)CC(C)(C)C,1.5,4.08
[Li+].[Cl-],CC(C)C1[CH]CCC1,0.52,17.07
[Li+].[Cl-],CCC(C)SC(C#N)C(CC)CC,0.39,12.74
[Li+].[Cl-],CC1CC(CC(=O)C#N)C1,1.1,6.45
[Li+].[Cl-],CCC(C)CC(C)=O,1.37,6.17
[Li+].[Cl-],CCCC(CC)C(C)(C)CSC,0.43,12.21
[Li+].[Cl-],CC1CCCC2C(C1)CC(C)C2(C)C,1.14,4.38
[Li+].[Cl-],CCCCCCCOS(C)(=O)=O,0.97,5.18
[Li+].[Cl-],CCC1C(C2C3CCCC32)C1(C)C,1.32,4.11
[Li+].[Cl-],CC(C)C1CCC(Cl)CC1C,0.43,13.17
[Li+].[Cl-],C1C2C1C1C2CC2CC21C1CC1,1.5,4.0
[Li+].[Cl-],CCC(C)(C)CCCC(F)CF,1.06,5.15
[Li+].[Cl-],CCCC(=O)C(CC)S(C)(=O)=O,1.32,3.81
[Li+].[Cl-],CCCC(Cl)(CC)CC,0.74,8.92
[Li+].[Cl-],CC1CC(OC=O)CCC2(C)CC2C1,1.46,3.36
[Li+].[Cl-],CCCC(=O)C(C)C(C)(C)C,1.06,5.88
[Li+].[Cl-],CCCCCC1(C(C)C)CC1,0.43,14.91
[Li+].[Cl-],CCCCCC(=O)OC(C)CCC,1.41,3.67
[Li+].[O-]S(=O)(=O)c1ccc(C)cc1,CCC(C(C)C)C1(C)C(C)CCC1C,0.48,10.08
[Li+].[O-]S(=O)(=O)c1ccc(C)cc1,CC1CCC1(C)C1(C(C)C)CC1(C)C,1.1,4.14
[Li+].[O-]S(=O)(=O)c1ccc(C)cc1,CCC1CC2C3CCC2(C1)CC1CC13,0.48,10.4
[Li+].[O-]S(=O)(=O)c1ccc(C)cc1,CC1(C)CC2CCCC(C#N)(C2)C1,0.83,6.2
[Li+].[O-]S(=O)(=O)c1ccc(C)cc1,CC(=O)CCC1CCC(C)O1,1.28,4.33
[Li+].[O-]S(=O)(=O)c1ccc(C)cc1,CCCC(C)C(C)S(=O)(=O)F,0.57,9.05
[Li+].[O-]S(=O)(=O)c1ccc(C)cc1,CCCCCC(CSC)C(C)C,1.23,3.76
[Li+].[O-]S(=O)(=O)c1ccc(C)cc1,CCCCC(C)S(=O)(=O)Cl,1.19,3.98
[Li+].[O-]S(=O)(=O)c1ccc(C)cc1,CCC(C)CC1(CC)CCCCC1,1.41,3.31
[Li+].[O-]S(=O)(=O)c1ccc(C)cc1,CCC1CC1C1CC(CC(C)C)C1,0.48,10.97
[Li+].[O-]S(=O)(=O)c1ccc(C)cc1,CCC(CC)C(C)C(=O)OC(C)C,1.19,3.95
[Li+].[O-]S(=O)(=O)c1ccc(C)cc1,CC1(C(F)F)CCCC1=O,1.46,3.92
[Li+].[O-]S(=O)(=O)c1ccc(C)cc1,CC(=O)C1CC(C)CCC1C,1.23,4.59
[Li+].[O-]S(=O)(=O)c1ccc(C)cc1,CCCC(F)C(=O)CC,0.52,13.76
[Li+].[O-]S(=O)(=O)c1ccc(C)cc1,CCCC(Cl)(Cl)C(F)(F)F,1.32,3.35
[Li+].[O-]S(=O)(=O)c1ccc(C)cc1,CC1CCC(=O)C(C)(C)CC1C,0.43,13.2
[Li+].[O-]S(=O)(=O)c1ccc(C)cc1,COCS(=O)(=O)C(C)(C)C,1.01,5.33
[Li+].[O-]S(=O)(=O)c1ccc(C)cc1,CC(C)(CCl)CCCl,0.88,6.65
[Li+].[O-]S(=O)(=O)c1ccc(C)cc1,CC12CC34CC5CC3C1(CC54)C2,0.92,6.13
[Li+].[O-]S(=O)(=O)c1ccc(C)cc1,CCC1C(=O)OC(C)C(C)C1C,0.92,5.77
[Li+].[O-]S(=O)(=O)c1ccc(C)cc1,CCCCCC1(C(C)C)CC1,0.3,20.92
[Li+].[O-]S(=O)(=O)c1ccc(C)cc1,CCCC12CCCC(C1)C(Cl)C2,0.92,5.26
[Li+].[O-]S(=O)(=O)c1ccc(C)cc1,CCC1(CC)CC(C)CC(C)C1,1.46,3.45
[Li+].[O-]S(=O)(=O)c1ccc(C)cc1,CC(F)CC(C)(F)C#N,0.83,8.26
[Li+].[O-]S(=O)(=O)c1ccc(C)cc1,CCCCC(C)C12CCCCCC1C2,0.61,7.9
[Li+].[O-]S(=O)(=O)c1ccc(C)cc1,CCCCCS(=O)(=O)CC,1.5,3.42
[Li+].[O-]S(=O)(=O)c1ccc(C)cc1,CCC(C)CCCC1C2CCC12C,0.39,13.64
[Li+].[O-]S(=O)(=O)c1ccc(C)cc1,CCCC(C)(C)CC(=O)C(C)C(C)C,0.88,5.2
[Li+].[O-]S(=O)(=O)c1ccc(C)cc1,CCCC(CCC)CC(C)CC#N,0.92,5.42
[Li+].[O-]S(=O)(=O)c1ccc(C)cc1,CCCCC(C)C(C)SOC,0.88,5.85
[Li+].[O-]S(=O)(=O)c1ccc(C)cc1,CCCC(C(=O)CC)C(CC)C(C)C,1.41,3.05
[Li+].[O-]S(=O)(=O)c1ccc(C)cc1,CC1(C)C2C3CCC4C3CC2C41C,0.79,6.59
[Li+].[O-]S(=O)(=O)c1ccc(C)cc1,CC1CC2CC(C2)C(C)C(=O)OC1C,1.5,2.86
[Li+].[O-]S(=O)(=O)c1ccc(C)cc1,CCCOC(=O)OCCC(C)OC,0.34,14.91
[Li+].[O-]S(=O)(=O)c1ccc(C)cc1,CC1CC2CCSC3CC1C2C3,1.19,4.03
[Li+].[O-]S(=O)(=O)c1ccc(C)cc1,CCCCC(C)(C)CCCC(C)C,1.01,4.8
[Li+].[O-]S(=O)(=O)c1ccc(C)cc1,CSC(Cl)(Cl)SC,0.57,9.31
[Li+].[O-]S(=O)(=O)c1ccc(C)cc1,COC1C(C(C)=O)C2CCC3CC31C2,0.57,8.49
[Li+].[O-]S(=O)(=O)c1ccc(C)cc1,CCCCC1C(CC)C1(C)Cl,1.19,4.21
[Li+].[O-]S(=O)(=O)c1ccc(C)cc1,CCC1C(C)CC12CCS2(=O)=O,1.06,4.45
[Li+].[O-]S(=O)(=O)c1ccc(C)cc1,CC1C(C#N)C23CC(C)C(C)(C2)C13,1.06,4.78
[Li+].[O-]S(=O)(=O)c1ccc(C)cc1,CC1C2CCC(C)(C)C1OC(=O)O2,0.34,15.4
[Li+].[O-]S(=O)(=O)c1ccc(C)cc1,CC(=O)CCCC(C)C(C)(C)C#N,1.01,4.88
[Li+].[O-]S(=O)(=O)c1ccc(C)cc1,CC(=O)C(C)(C)C(C)C#N,1.5,4.04
[Li+].[O-]S(=O)(=O)c1ccc(C)cc1,CCCC(=O)OSC,0.3,24.06
[Li+].[O-]S(=O)(=O)c1ccc(C)cc1,COC(=O)C(=O)C(C)CC(C)Cl,0.88,5.35
[Li+].[O-]S(=O)(=O)c1ccc(C)cc1,CCCCCCC(C)CC#N,0.88,6.73
[Li+].[O-]S(=O)(=O)c1ccc(C)cc1,CC(=O)C1CCCS(=O)(=O)C1,1.41,3.43
[Li+].[O-]S(=O)(=O)c1ccc(C)cc1,CCC1(C)CC2C(C)C2C1C(=O)OC,0.61,7.82
[Li+].[O-]S(=O)(=O)c1ccc(C)cc1,COC(=O)OCC(=O)C(=O)C(C)C,0.88,5.48
[Na+].[N-](S(=O)(=O)F)S(=O)(=O)F,CCC1CC2C3CCC2(C1)CC1CC13,0.83,5.7
[Na+].[N-](S(=O)(=O)F)S(=O)(=O)F,CC1CN2C(C)C3OC(=O)OC3C12,0.83,5.92
[Na+].[N-](S(=O)(=O)F)S(=O)(=O)F,CC(=O)N(OC(=O)OCF)C(C)=O,1.28,3.43
[Na+].[N-](S(=O)(=O)F)S(=O)(=O)F,CCCC(C)C1OC(=O)C1C,0.61,9.73
[Na+].[N-](S(=O)(=O)F)S(=O)(=O)F,CCCC(CCC)C[PH](C)=O,0.57,9.28
[Na+].[N-](S(=O)(=O)F)S(=O)(=O)F,CCC(=O)CCC(=O)OC(C)=O,0.7,7.6
[Na+].[N-](S(=O)(=O)F)S(=O)(=O)F,CCCCCCC(CC)C(C)(C)C,0.74,6.68
[Na+].[N-](S(=O)(=O)F)S(=O)(=O)F,CC(C)C1CCC2C(C)C2(C)C1,0.52,10.84
[Na+].[N-](S(=O)(=O)F)S(=O)(=O)F,CCC(C)C(F)CCCCC(C)C,0.48,10.43
[Na+].[N-](S(=O)(=O)F)S(=O)(=O)F,C1CCC23CC2C2CC2(C1)C3,0.57,11.03
[Na+].[N-](S(=O)(=O)F)S(=O)(=O)F,CCCOCCCC(C)CCC,0.88,5.9
[Na+].[N-](S(=O)(=O)F)S(=O)(=O)F,CC(Cl)CCC(C)C(F)(F)F,0.7,6.94
[Na+].[N-](S(=O)(=O)F)S(=O)(=O)F,CCC(CC#N)CCF,0.74,9.54
[Na+].[N-](S(=O)(=O)F)S(=O)(=O)F,CC1CC1C(CC1CC1)C1CCC1,1.19,4.04
[Na+].[N-](S(=O)(=O)F)S(=O)(=O)F,CCCSC(C)CC(C)CC,0.57,9.38
[Na+].[N-](S(=O)(=O)F)S(=O)(=O)F,CC1(C)CCCCCS(=O)(=O)C1,1.41,3.1
[Na+].[N-](S(=O)(=O)F)S(=O)(=O)F,CCC(Cl)CC(C)C1CCCC1,1.23,3.67
[Na+].[N-](S(=O)(=O)F)S(=O)(=O)F,CCCC(CC)C(C)(C)CSC,0.48,10.42
[Na+].[N-](S(=O)(=O)F)S(=O)(=O)F,CCC(C)CC(C)=O,0.66,12.22
[Na+].[N-](S(=O)(=O)F)S(=O)(=O)F,CC1C2C(C)(C)C3CC3(C)C12C,0.52,10.98
[Na+].[N-](S(=O)(=O)F)S(=O)(=O)F,CCCCC(CCC)CCF,0.61,9.48
[Na+].[N-](S(=O)(=O)F)S(=O)(=O)F,CC(=O)C1CC2(C(C)=O)CC2C1C,0.74,6.83
[Na+].[N-](S(=O)(=O)F)S(=O)(=O)F,CCCCC1CC(C2(C)CC2C)C1,0.43,12.23
[Na+].[N-](S(=O)(=O)F)S(=O)(=O)F,CCCCC(C)C12CCCCCC1C2,0.3,16.54
[Na+].[N-](S(=O)(=O)F)S(=O)(=O)F,CC1CC2CCC(C)C(C2)C1=O,0.83,6.53
[Na+].[N-](S(=O)(=O)F)S(=O)(=O)F,CCC(C)C(=O)C1(C#N)CC1,1.14,5.01
[Na+].[N-](S(=O)(=O)F)S(=O)(=O)F,CCC(C#N)C(C)CCC(C)C,0.66,8.34
[Na+].[N-](S(=O)(=O)F)S(=O)(=O)F,COCC1C2C(C)C2C(C)CC1(C)C,1.37,3.11
[Na+].[N-](S(=O)(=O)F)S(=O)(=O)F,CC12CC3CC(C1)C2C3,0.74,10.08
[Na+].[N-](S(=O)(=O)F)S(=O)(=O)F,CCCCC(C)CC(=O)CC,1.41,3.77
[Na+].[N-](S(=O)(=O)F)S(=O)(=O)F,CC1C(=O)C2CCCC(C)(C2)C1(C)C,0.57,8.41
[Na+].[N-](S(=O)(=O)F)S(=O)(=O)F,CCCCCCCCC(C)CCF,0.97,4.84
[Na+].[N-](S(=O)(=O)F)S(=O)(=O)F,CCC(CC)C(C)C(=O)OC(C)C,1.23,3.72
[Na+].[N-](S(=O)(=O)F)S(=O)(=O)F,CCCC(=O)C(CC)S(C)(=O)=O,0.34,14.67
[Na+].[N-](S(=O)(=O)F)S(=O)(=O)F,CCCCCCCCC(C)PC,1.46,3.0
[Na+].[N-](S(=O)(=O)F)S(=O)(=O)F,CCCCC(=O)OCCC(C)C,0.74,7.15
[Na+].[N-](S(=O)(=O)F)S(=O)(=O)F,CC(CC1CC1)CC12CC1C2,0.88,6.77
[Na+].[N-](S(=O)(=O)F)S(=O)(=O)F,CC1CCC(=O)CC(=O)C12CCCC2,1.06,4.24
[Na+].[N-](S(=O)(=O)F)S(=O)(=O)F,COC(=O)C1CCCC(C(C)C)C1C,1.1,3.98
[Na+].[N-](S(=O)(=O)F)S(=O)(=O)F,CCC(C(C)C)C1(C)C(C)CCC1C,0.3,16.37
[Na+].[N-](S(=O)(=O)F)S(=O)(=O)F,CCC12CC1OC(=O)CCCCC2C,1.37,3.11
[Na+].[N-](S(=O)(=O)F)S(=O)(=O)F,CCS(=O)(=O)CC(C)CCCl,1.06,4.15
[Na+].[N-](S(=O)(=O)F)S(=O)(=O)F,CC(C#N)C1CCC(C)C1(C)C,1.5,3.31
[Na+].[N-](S(=O)(=O)F)S(=O)(=O)F,CCCCC(C)S(=O)(=O)Cl,0.88,5.51
[Na+].[N-](S(=O)(=O)F)S(=O)(=O)F,COC(=O)C(=O)C(C)CC(C)Cl,1.06,4.28
[Na+].[N-](S(=O)(=O)F)S(=O)(=O)F,CCCCC(CC)C1CC(=O)N1C,0.83,5.92
[Na+].[N-](S(=O)(=O)F)S(=O)(=O)F,CC1(C(F)F)CCCC1=O,1.37,4.12
[Na+].[N-](S(=O)(=O)F)S(=O)(=O)F,CCCC(=O)C(C)C(=O)CC(C)=O,1.32,3.46
[Na+].[N-](S(=O)(=O)F)S(=O)(=O)F,CCCOC(=O)C(C)C1CCC1CC,1.41,2.97
[Na+].[N-](S(=O)(=O)F)S(=O)(=O)F,CCCC(C)C(C)(CC(C)C)C(C)C,0.92,4.88
[Na+].[N-](S(=O)(=O)C(F)(F)F)S(=O)(=O)C(F)(F)F,CCC1OC(=O)CCC1C(C)C,1.19,3.89
[Na+].[N-](S(=O)(=O)C(F)(F)F)S(=O)(=O)C(F)(F)F,COC(=O)C(C)CS(C)(=O)=O,1.32,3.21
[Na+].[N-](S(=O)(=O)C(F)(F)F)S(=O)(=O)C(F)(F)F,CCCC(CCC)C[PH](C)=O,1.32,3.29
[Na+].[N-](S(=O)(=O)C(F)(F)F)S(=O)(=O)C(F)(F)F,CCCC(F)(F)CCCC#N,0.52,10.82
[Na+].[N-](S(=O)(=O)C(F)(F)F)S(=O)(=O)C(F)(F)F,CCCC1CC2C3CCC3C3C1C23,1.1,4.14
[Na+].[N-](S(=O)(=O)C(F)(F)F)S(=O)(=O)C(F)(F)F,CC(C)C1[CH]CCC1,0.3,28.37
[Na+].[N-](S(=O)(=O)C(F)(F)F)S(=O)(=O)C(F)(F)F,CC(CC1CCC1)C(=O)Cl,1.01,5.05
[Na+].[N-](S(=O)(=O)C(F)(F)F)S(=O)(=O)C(F)(F)F,CCCC(C)SCC(C)(C#N)CC,0.97,4.28
[Na+].[N-](S(=O)(=O)C(F)(F)F)S(=O)(=O)C(F)(F)F,CCON(C)C(C)C1CCCS1,0.74,6.2
[Na+].[N-](S(=O)(=O)C(F)(F)F)S(=O)(=O)C(F)(F)F,CCCC(C)CC(C)S(C)(=O)=O,1.5,2.54
[Na+].[N-](S(=O)(=O)C(F)(F)F)S(=O)(=O)C(F)(F)F,CCS(=O)(=O)C1CCC1,1.37,3.72
[Na+].[N-](S(=O)(=O)C(F)(F)F)S(=O)(=O)C(F)(F)F,CC(=O)CC1CC1C1CC(C)C2CC21,0.34,14.37
[Na+].[N-](S(=O)(=O)C(F)(F)F)S(=O)(=O)C(F)(F)F,CCCC(C)(C)CC(=O)C(C)C(C)C,0.52,8.8
[Na+].[N-](S(=O)(=O)C(F)(F)F)S(=O)(=O)C(F)(F)F,CCC(C)C(CC#N)CCCC(C)=O,0.52,8.93
[Na+].[N-](S(=O)(=O)C(F)(F)F)S(=O)(=O)C(F)(F)F,CC1(C(=O)Cl)CCCC1CCl,1.41,2.72
[Na+].[N-](S(=O)(=O)C(F)(F)F)S(=O)(=O)C(F)(F)F,CCOC(=O)C(CC(C)=O)C1CC1C,0.92,4.58
[Na+].[N-](S(=O)(=O)C(F)(F)F)S(=O)(=O)C(F)(F)F,COCS(=O)(=O)C(C)(C)C,1.19,3.98
[Na+].[N-](S(=O)(=O)C(F)(F)F)S(=O)(=O)C(F)(F)F,CCC(C(C)C)C1(C)C(C)CCC1C,1.28,3.07
[Na+].[N-](S(=O)(=O)C(F)(F)F)S(=O)(=O)C(F)(F)F,COC(=O)C1(C)CCCC(=O)C1C,1.23,3.45
[Na+].[N-](S(=O)(=O)C(F)(F)F)S(=O)(=O)C(F)(F)F,CCCCC(C)C(C)SOC,0.39,13.53
[Na+].[N-](S(=O)(=O)C(F)(F)F)S(=O)(=O)C(F)(F)F,CC1C(C#N)C23CC(C)C(C)(C2)C13,0.43,12.25
[Na+].[N-](S(=O)(=O)C(F)(F)F)S(=O)(=O)C(F)(F)F,CCC(=O)C1(C)CC(C)CCCC1C,0.79,5.54
[Na+].[N-](S(=O)(=O)C(F)(F)F)S(=O)(=O)C(F)(F)F,CCCCCC(=O)N(C=O)CCC,0.7,6.75
[Na+].[N-](S(=O)(=O)C(F)(F)F)S(=O)(=O)C(F)(F)F,CC(F)CC(C)(F)C#N,1.19,4.97
[Na+].[N-](S(=O)(=O)C(F)(F)F)S(=O)(=O)C(F)(F)F,COC(=O)C1(C)CCC12CCCC2,0.48,10.45
[Na+].[N-](S(=O)(=O)C(F)(F)F)S(=O)(=O)C(F)(F)F,CCCOC(=O)OC(C)N(C)CC,0.74,6.2
[Na+].[N-](S(=O)(=O)C(F)(F)F)S(=O)(=O)C(F)(F)F,COC(=O)CC1(CC(C)C)CCC1,0.57,8.55
[Na+].[N-](S(=O)(=O)C(F)(F)F)S(=O)(=O)C(F)(F)F,CCC1CC(C)CC1(C)CC,0.52,11.31
[Na+].[N-](S(=O)(=O)C(F)(F)F)S(=O)(=O)C(F)(F)F,CCC(C)C(OOC)C(C)C(C)C,0.48,10.12
[Na+].[N-](S(=O)(=O)C(F)(F)F)S(=O)(=O)C(F)(F)F,CC(C)CC(C)(C#N)CC1CC1(C)C,0.52,9.02
[Na+].[N-](S(=O)(=O)C(F)(F)F)S(=O)(=O)C(F)(F)F,CCCCCC1(C(C)C)CC1,0.97,5.53
[Na+].[N-](S(=O)(=O)C(F)(F)F)S(=O)(=O)C(F)(F)F,CC1CCC(=O)C1C(C)C(C)(C)C,0.79,5.97
[Na+].[N-](S(=O)(=O)C(F)(F)F)S(=O)(=O)C(F)(F)F,CCCC12CC(C)C1CC(=O)O2,0.83,6.1
[Na+].[N-](S(=O)(=O)C(F)(F)F)S(=O)(=O)C(F)(F)F,CCCOCCCC(C)CCC,0.88,5.56
[Na+].[N-](S(=O)(=O)C(F)(F)F)S(=O)(=O)C(F)(F)F,CC1CC1C(CC1CC1)C1CCC1,1.19,3.71
[Na+].[N-](S(=O)(=O)C(F)(F)F)S(=O)(=O)C(F)(F)F,CC1CCCC(C)S(=O)(=O)CC1,1.37,2.9
[Na+].[N-](S(=O)(=O)C(F)(F)F)S(=O)(=O)C(F)(F)F,N#CC1=CCC=C(F)S1,0.92,6.44
[Na+].[N-](S(=O)(=O)C(F)(F)F)S(=O)(=O)C(F)(F)F,CCCCC(C)C(=O)C1CO1,1.06,4.9
[Na+].[N-](S(=O)(=O)C(F)(F)F)S(=O)(=O)C(F)(F)F,CC1(C)CCCCCS(=O)(=O)C1,1.19,3.48
[Na+].[N-](S(=O)(=O)C(F)(F)F)S(=O)(=O)C(F)(F)F,CC(C)C(=O)C(=O)C(C)(C)CC#N,1.14,3.86
[Na+].[N-](S(=O)(=O)C(F)(F)F)S(=O)(=O)C(F)(F)F,CC(C)(C)c1ccc2c(c1)ON(F)O2,0.43,10.89
[Na+].[N-](S(=O)(=O)C(F)(F)F)S(=O)(=O)C(F)(F)F,CCCCC(CC#N)C(C)(C)F,1.5,2.85
[Na+].[N-](S(=O)(=O)C(F)(F)F)S(=O)(=O)C(F)(F)F,CCC1(OC(=O)OC)CCC(C)C1,0.48,10.23
[Na+].[N-](S(=O)(=O)C(F)(F)F)S(=O)(=O)C(F)(F)F,CCCC(C#N)CCF,0.79,8.42
[Na+].[N-](S(=O)(=O)C(F)(F)F)S(=O)(=O)C(F)(F)F,CC1C(C#N)C2CC1C(C)(C)C2C,1.1,4.12
[Na+].[N-](S(=O)(=O)C(F)(F)F)S(=O)(=O)C(F)(F)F,CCC1COC(C)C2CCC2C1C,0.79,5.97
[Na+].[N-](S(=O)(=O)C(F)(F)F)S(=O)(=O)C(F)(F)F,CC1C2CC3CC3C(C#N)C(C2)C1C,0.57,8.33
[Na+].[N-](S(=O)(=O)C(F)(F)F)S(=O)(=O)C(F)(F)F,CCCCC(SC)SSC,1.41,2.7
[Na+].[N-](S(=O)(=O)C(F)(F)F)S(=O)(=O)C(F)(F)F,COC(=O)OCC1C2CCCC1C2,0.39,12.95
[Na+].[N-](S(=O)(=O)C(F)(F)F)S(=O)(=O)C(F)(F)F,CCC1(C)CC1CCC(C)C(C)C#N,0.57,8.15
[Na+].[N-](S(=O)(=O)C(F)(F)C(F)(F)F)S(=O)(=O)C(F)(F)C(F)(F)F,CCCCOS(C)(C)C(C)(C)C,1.01,3.91
[Na+].[N-](S(=O)(=O)C(F)(F)C(F)(F)F)S(=O)(=O)C(F)(F)C(F)(F)F,COC(=O)OCCOC(C)F,1.37,2.97
[Na+].[N-](S(=O)(=O)C(F)(F)C(F)(F)F)S(=O)(=O)C(F)(F)C(F)(F)F,COCC(CC(C)C)C12CCCC1C2,0.79,5.24
[Na+].[N-](S(=O)(=O)C(F)(F)C(F)(F)F)S(=O)(=O)C(F)(F)C(F)(F)F,CCCC(CCC)C(C)CC#N,1.32,3.11
[Na+].[N-](S(=O)(=O)C(F)(F)C(F)(F)F)S(=O)(=O)C(F)(F)C(F)(F)F,CCCCC(SC)SSC,1.28,2.77
[Na+].[N-](S(=O)(=O)C(F)(F)C(F)(F)F)S(=O)(=O)C(F)(F)C(F)(F)F,CCC1(CC)CC(C)CC(C)C1,1.46,2.66
[Na+].[N-](S(=O)(=O)C(F)(F)C(F)(F)F)S(=O)(=O)C(F)(F)C(F)(F)F,CC12CCCC1(C)C(C(=O)C#N)CC2,1.41,2.47
[Na+].[N-](S(=O)(=O)C(F)(F)C(F)(F)F)S(=O)(=O)C(F)(F)C(F)(F)F,CCC(C#N)C(C)CCC(C)C,1.28,3.25
[Na+].[N-](S(=O)(=O)C(F)(F)C(F)(F)F)S(=O)(=O)C(F)(F)C(F)(F)F,CC1COCCCC1(C)C,0.57,10.67
[Na+].[N-](S(=O)(=O)C(F)(F)C(F)(F)F)S(=O)(=O)C(F)(F)C(F)(F)F,CCC1C2CC3CC1(CC3C#N)C2=O,1.23,3.04
[Na+].[N-](S(=O)(=O)C(F)(F)C(F)(F)F)S(=O)(=O)C(F)(F)C(F)(F)F,CC(C)(CCl)CCCl,1.19,3.89
[Na+].[N-](S(=O)(=O)C(F)(F)C(F)(F)F)S(=O)(=O)C(F)(F)C(F)(F)F,CC12CC3C4CCC35CC(C1CO5)C42,0.66,6.72
[Na+].[N-](S(=O)(=O)C(F)(F)C(F)(F)F)S(=O)(=O)C(F)(F)C(F)(F)F,CC1CCC(=O)C(C)(C)CC1C,1.1,3.99
[Na+].[N-](S(=O)(=O)C(F)(F)C(F)(F)F)S(=O)(=O)C(F)(F)C(F)(F)F,CCCCCCCCC(C)CCF,0.61,7.45
[Na+].[N-](S(=O)(=O)C(F)(F)C(F)(F)F)S(=O)(=O)C(F)(F)C(F)(F)F,CC1CCC(=O)CC(=O)C12CCCC2,0.92,4.37
[Na+].[N-](S(=O)(=O)C(F)(F)C(F)(F)F)S(=O)(=O)C(F)(F)C(F)(F)F,CCCCC(C)C12CCCCCC1C2,1.28,2.8
[Na+].[N-](S(=O)(=O)C(F)(F)C(F)(F)F)S(=O)(=O)C(F)(F)C(F)(F)F,CCCC(=O)OC1CCC(CC)C1,0.52,9.15
[Na+].[N-](S(=O)(=O)C(F)(F)C(F)(F)F)S(=O)(=O)C(F)(F)C(F)(F)F,CCCSC(C)CC(C)CC,0.7,6.83
[Na+].[N-](S(=O)(=O)C(F)(F)C(F)(F)F)S(=O)(=O)C(F)(F)C(F)(F)F,CC(=O)C1C2CCC(CSC2)C1C,1.28,2.74
[Na+].[N-](S(=O)(=O)C(F)(F)C(F)(F)F)S(=O)(=O)C(F)(F)C(F)(F)F,CC1C2CC2C1(C)CC1CCCC1,0.83,5.43
[Na+].[N-](S(=O)(=O)C(F)(F)C(F)(F)F)S(=O)(=O)C(F)(F)C(F)(F)F,CCC(CC#N)CCF,1.46,3.47
[Na+].[N-](S(=O)(=O)C(F)(F)C(F)(F)F)S(=O)(=O)C(F)(F)C(F)(F)F,CCCC12CCCC(C1)C(Cl)C2,0.3,16.58
[Na+].[N-](S(=O)(=O)C(F)(F)C(F)(F)F)S(=O)(=O)C(F)(F)C(F)(F)F,CC(C)CC(F)(F)C(C)CF,1.19,3.59
[Na+].[N-](S(=O)(=O)C(F)(F)C(F)(F)F)S(=O)(=O)C(F)(F)C(F)(F)F,CC(=O)OC1(C)CCCC(C)(C)C1C,1.28,2.74
[Na+].[N-](S(=O)(=O)C(F)(F)C(F)(F)F)S(=O)(=O)C(F)(F)C(F)(F)F,CCC(Cl)C(=O)C(C)=O,1.41,3.18
[Na+].[N-](S(=O)(=O)C(F)(F)C(F)(F)F)S(=O)(=O)C(F)(F)C(F)(F)F,CCC(CC)OC1CC(=O)CC1CC,0.48,9.31
[Na+].[N-](S(=O)(=O)C(F)(F)C(F)(F)F)S(=O)(=O)C(F)(F)C(F)(F)F,CC(=O)C1CCCS(=O)(=O)C1,1.5,2.44
[Na+].[N-](S(=O)(=O)C(F)(F)C(F)(F)F)S(=O)(=O)C(F)(F)C(F)(F)F,c1csc(CCCC2CC2)c1,0.74,6.7
[Na+].[N-](S(=O)(=O)C(F)(F)C(F)(F)F)S(=O)(=O)C(F)(F)C(F)(F)F,CCCCC(CCC)CCF,0.7,7.43
[Na+].[N-](S(=O)(=O)C(F)(F)C(F)(F)F)S(=O)(=O)C(F)(F)C(F)(F)F,CC(=O)OCP,0.7,11.23
[Na+].[N-](S(=O)(=O)C(F)(F)C(F)(F)F)S(=O)(=O)C(F)(F)C(F)(F)F,CCC(C)PCCCPC,1.06,3.96
[Na+].[N-](S(=O)(=O)C(F)(F)C(F)(F)F)S(=O)(=O)C(F)(F)C(F)(F)F,CCC(C)C(F)CCCCC(C)C,1.1,3.57
[Na+].[N-](S(=O)(=O)C(F)(F)C(F)(F)F)S(=O)(=O)C(F)(F)C(F)(F)F,C[C]1CCCC(=O)CN1[O],0.88,6.37
[Na+].[N-](S(=O)(=O)C(F)(F)C(F)(F)F)S(=O)(=O)C(F)(F)C(F)(F)F,CC(C)C1CCCC1(C)C#N,0.34,17.88
[Na+].[N-](S(=O)(=O)C(F)(F)C(F)(F)F)S(=O)(=O)C(F)(F)C(F)(F)F,COC1C(C(C)=O)C2CCC3CC31C2,1.5,2.21
[Na+].[N-](S(=O)(=O)C(F)(F)C(F)(F)F)S(=O)(=O)C(F)(F)C(F)(F)F,CCC1CC(C)(CC)C(=O)CC1(C)C,0.57,7.73
[Na+].[N-](S(=O)(=O)C(F)(F)C(F)(F)F)S(=O)(=O)C(F)(F)C(F)(F)F,CC1C(=O)C2CCCC(C)(C2)C1(C)C,0.39,11.97
[Na+].[N-](S(=O)(=O)C(F)(F)C(F)(F)F)S(=O)(=O)C(F)(F)C(F)(F)F,CC(C)C1CCC2C(C1)C1C2N1C,1.01,4.2
[Na+].[N-](S(=O)(=O)C(F)(F)C(F)(F)F)S(=O)(=O)C(F)(F)C(F)(F)F,CSCC(C(=O)F)C(C)C(C)C,0.79,5.35
[Na+].[N-](S(=O)(=O)C(F)(F)C(F)(F)F)S(=O)(=O)C(F)(F)C(F)(F)F,CCCCCCCCC(C#N)C(C)C,1.06,3.62
[Na+].[N-](S(=O)(=O)C(F)(F)C(F)(F)F)S(=O)(=O)C(F)(F)C(F)(F)F,CCC(=O)C(C)CS(=O)C(C)C,1.37,2.59
[Na+].[N-](S(=O)(=O)C(F)(F)C(F)(F)F)S(=O)(=O)C(F)(F)C(F)(F)F,CCCC1(C)CCC(C)CC1(C)C,0.39,12.76
[Na+].[N-](S(=O)(=O)C(F)(F)C(F)(F)F)S(=O)(=O)C(F)(F)C(F)(F)F,CCC1CC1C1CC(CC(C)C)C1,0.61,7.78
[Na+].[N-](S(=O)(=O)C(F)(F)C(F)(F)F)S(=O)(=O)C(F)(F)C(F)(F)F,CCCCCC(C)(C)CCC(C)C#N,0.92,4.35
[Na+].[N-](S(=O)(=O)C(F)(F)C(F)(F)F)S(=O)(=O)C(F)(F)C(F)(F)F,CCCC(C#N)CCF,1.28,4.21
[Na+].[N-](S(=O)(=O)C(F)(F)C(F)(F)F)S(=O)(=O)C(F)(F)C(F)(F)F,CCC(C#N)CS(=O)(=O)CC,1.01,4.3
[Na+].[N-](S(=O)(=O)C(F)(F)C(F)(F)F)S(=O)(=O)C(F)(F)C(F)(F)F,CCC1OC(=O)CCC1C(C)C,0.74,6.54
[Na+].[N-](S(=O)(=O)C(F)(F)C(F)(F)F)S(=O)(=O)C(F)(F)C(F)(F)F,COC(=O)C1CCCC(C(C)C)C1C,1.06,3.56
[Na+].[N-](S(=O)(=O)C(F)(F)C(F)(F)F)S(=O)(=O)C(F)(F)C(F)(F)F,CCC(C)CC(C)=O,1.5,3.76
[Na+].[N-](S(=O)(=O)C(F)(F)C(F)(F)F)S(=O)(=O)C(F)(F)C(F)(F)F,CCCC1(CC)COC(=O)OC1,0.88,5.22
[Na+].[B-](F)(F)(F)F,CCCCC(=O)C(C)C(C)OC,0.43,13.12
[Na+].[B-](F)(F)(F)F,CCC(=O)C(CCC(C)C)OC,0.39,14.51
[Na+].[B-](F)(F)(F)F,CC(C)C1CC2CC(C#N)(C2)C(C)C1,0.52,9.71
[Na+].[B-](F)(F)(F)F,C1CC2CC3C4CC4C3C3CC(C1)C23,0.43,12.01
[Na+].[B-](F)(F)(F)F,CC1CCC(CCCCC2CC2C)C1,0.74,6.62
[Na+].[B-](F)(F)(F)F,CCCC(CCC)C(C)CC#N,0.34,17.19
[Na+].[B-](F)(F)(F)F,CCCC(=O)C(=O)OC,0.34,22.1
[Na+].[B-](F)(F)(F)F,CC1CC2CCCC(C(C)C)(C1)C2=O,1.5,3.1
[Na+].[B-](F)(F)(F)F,CCC(Cl)C(=O)C(C)=O,0.39,16.82
[Na+].[B-](F)(F)(F)F,CCCCC1C(CC)C1(C)Cl,0.39,14.31
[Na+].[B-](F)(F)(F)F,CC(CCCC(C)C(C)C)SC#N,0.3,16.4
[Na+].[B-](F)(F)(F)F,CCCC(=O)CCCCC(F)CC,0.43,12.01
[Na+].[B-](F)(F)(F)F,CCC12CC1OC(=O)CCCCC2C,0.92,5.21
[Na+].[B-](F)(F)(F)F,CCCC(C)OC(=O)OC(C)=O,1.32,3.98
[Na+].[B-](F)(F)(F)F,CC(C)CC(C)(C)C(C)C1CC1,1.19,4.61
[Na+].[B-](F)(F)(F)F,CCC1C(=O)OC(C)C(C)C1C,1.01,5.44
[Na+].[B-](F)(F)(F)F,CCC(CC#N)CCF,0.39,19.35
[Na+].[B-](F)(F)(F)F,CCC(C)CC1(CC)CCCCC1,1.23,4.1
[Na+].[B-](F)(F)(F)F,CC1(C)CC2CCCC(C#N)(C2)C1,0.34,16.23
[Na+].[B-](F)(F)(F)F,CSC(Cl)(Cl)SC,1.06,4.96
[Na+].[B-](F)(F)(F)F,CCCC(=O)C1CCCC(=O)C1CC,0.79,6.12
[Na+].[B-](F)(F)(F)F,CC1CCCC2CC1COC(C)(C)C2,1.37,3.39
[Na+].[B-](F)(F)(F)F,CCC1(C)CC(=O)CCC1(C)C,0.66,8.62
[Na+].[B-](F)(F)(F)F,CCCC1CC1(CCC)CC(C)C,1.06,4.82
[Na+].[B-](F)(F)(F)F,CC1C(C#N)C23CC(C)C(C)(C2)C13,0.83,6.51
[Na+].[B-](F)(F)(F)F,CC(C)CCOC(=O)C(C)(C)F,0.92,5.8
[Na+].[B-](F)(F)(F)F,CCC1CCCCC1C(=O)OC(C)C,1.46,3.13
[Na+].[B-](F)(F)(F)F,CS(=O)(=O)CCCC1CCC1,1.14,4.61
[Na+].[B-](F)(F)(F)F,CCC(CC)(CCl)C1CC1,0.79,7.48
[Na+].[B-](F)(F)(F)F,CC(=O)OCP,0.83,10.75
[Na+].[B-](F)(F)(F)F,CCCC(C)N(CC)CC(=O)CC,1.14,4.39
[Na+].[B-](F)(F)(F)F,CCCC(F)(F)CCCC#N,0.7,8.46
[Na+].[B-](F)(F)(F)F,CCC1C(C)C(C)CC1C(C)(C)CC,0.48,10.28
[Na+].[B-](F)(F)(F)F,CCCCC(SC)SSC,0.88,5.46
[Na+].[B-](F)(F)(F)F,CC(=O)OC1(C)CCCC(C)(C)C1C,0.34,14.51
[Na+].[B-](F)(F)(F)F,CCC(C#N)CC1CCCCC1,0.48,12.21
[Na+].[B-](F)(F)(F)F,CC(=O)C1CC2CCCC(C2)C1=O,0.79,6.66
[Na+].[B-](F)(F)(F)F,CC(CF)C1(CF)CCOC1,1.28,4.36
[Na+].[B-](F)(F)(F)F,CCCC(CCC)CCC(C)(C)C,1.23,4.06
[Na+].[B-](F)(F)(F)F,CCC(C)C(=O)C1(C#N)CC1,0.61,10.41
[Na+].[B-](F)(F)(F)F,CCC(=O)CCC(=O)OC(C)=O,0.79,6.98
[Na+].[B-](F)(F)(F)F,CC(C)C1CCCCCCCCCC1,0.48,10.28
[Na+].[B-](F)(F)(F)F,CCC1(OC(=O)OC)CCC(C)C1,1.23,4.02
[Na+].[B-](F)(F)(F)F,CC(=O)C1(CC(C)C(C)C)CCCC1,0.57,8.61
[Na+].[B-](F)(F)(F)F,CC1COCC2(C1)C(=O)OCC2C#N,1.28,3.67
[Na+].[B-](F)(F)(F)F,CC(C)CC1(C)CCCC(C)C1C#N,1.32,3.58
[Na+].[B-](F)(F)(F)F,CC1CCCC2CC34CCC1C23C4,1.14,4.61
[Na+].[B-](F)(F)(F)F,CCCC(CCCC#N)C(F)(F)F,0.7,7.06
[Na+].[B-](F)(F)(F)F,CCCC12CC(C)C1CC(=O)O2,1.46,3.69
[Na+].[B-](F)(F)(F)F,CCCCC(=O)CCC(C)(C)C#N,1.14,4.48
[Na+].F[P-](F)(F)(F)(F)F,CCC1C(C2C3CCCC32)C1(C)C,0.83,6.2
[Na+].F[P-](F)(F)(F)(F)F,CCCCC(C)C(=O)OOCF,0.74,7.03
[Na+].F[P-](F)(F)(F)(F)F,CCCC(C)CC1(C#N)CCC(C)C1,1.23,3.69
[Na+].F[P-](F)(F)(F)(F)F,CCCC12CCOC1(CC)C2,0.97,6.04
[Na+].F[P-](F)(F)(F)(F)F,CCS(=O)(=O)CC(C)CCCl,1.19,3.73
[Na+].F[P-](F)(F)(F)(F)F,CC1CC(OC=O)CCC2(C)CC2C1,1.14,3.97
[Na+].F[P-](F)(F)(F)(F)F,CC1CCC(C)C12C(=O)CCCC2=O,0.3,16.65
[Na+].F[P-](F)(F)(F)(F)F,CCC(C#N)CCCC(CC)CC,0.57,9.13
[Na+].F[P-](F)(F)(F)(F)F,CC(C)(C)c1ccc2c(c1)ON(F)O2,0.97,4.73
[Na+].F[P-](F)(F)(F)(F)F,CCCC(Cl)(CC)CC,1.5,3.82
[Na+].F[P-](F)(F)(F)(F)F,CCCC(C(=O)CC)C(CC)C(C)C,0.48,10.01
[Na+].F[P-](F)(F)(F)(F)F,CCCC(CC)C(C)C1CC1CC,0.39,13.52
[Na+].F[P-](F)(F)(F)(F)F,CCCCC(CCC)CCF,1.46,3.66
[Na+].F[P-](F)(F)(F)(F)F,CC(=O)CC(C(C)=O)C(=O)C(C)=O,1.5,3.08
[Na+].F[P-](F)(F)(F)(F)F,CC(=O)N(OC(=O)OCF)C(C)=O,0.48,10.28
[Na+].F[P-](F)(F)(F)(F)F,CC(=O)CCCCC(C)CC(C)=O,0.79,6.33
[Na+].F[P-](F)(F)(F)(F)F,CCCOC(=O)OC(C)N(C)CC,1.06,4.46
[Na+].F[P-](F)(F)(F)(F)F,CCCC(=O)C(=O)OC,0.52,14.02
[Na+].F[P-](F)(F)(F)(F)F,CCC(SC)C(=O)OC(C)C,0.7,7.54
[Na+].F[P-](F)(F)(F)(F)F,CC(F)C(C)S(C)(C)CF,0.79,6.85
[Na+].F[P-](F)(F)(F)(F)F,CCC1COC(C)C2CCC2C1C,1.06,4.63
[Na+].F[P-](F)(F)(F)(F)F,COC(=O)CC1(CC(C)C)CCC1,0.66,7.69
[Na+].F[P-](F)(F)(F)(F)F,CCC1CCS12CC2,0.79,8.96
[Na+].F[P-](F)(F)(F)(F)F,CC(C)C1CCCC1(C)C#N,0.66,9.36
[Na+].F[P-](F)(F)(F)(F)F,CCC1C(C)CC12CCS2(=O)=O,1.23,3.79
[Na+].F[P-](F)(F)(F)(F)F,CCCCC(C)C(C)SOC,0.48,11.26
[Na+].F[P-](F)(F)(F)(F)F,COC(=O)C1CCCC(C(C)C)C1C,0.57,8.35
[Na+].F[P-](F)(F)(F)(F)F,CCCCCC(F)(F)C(C)C,0.57,10.08
[Na+].F[P-](F)(F)(F)(F)F,CC1CC(C)(C)C(=O)CC1C(C)(C)C,1.41,3.11
[Na+].F[P-](F)(F)(F)(F)F,CC1CC2CCCC3CCC1C32,1.46,3.57
[Na+].F[P-](F)(F)(F)(F)F,CCCC(=O)C(C)C(C)C(C)C(C)C,0.92,4.98
[Na+].F[P-](F)(F)(F)(F)F,CC1CCC12CC2C(=O)OC1(C)CC1,0.48,10.22
[Na+].F[P-](F)(F)(F)(F)F,CC(C)N(C)C(CCF)CC(F)F,1.23,3.62
[Na+].F[P-](F)(F)(F)(F)F,CCCC(=O)C(CC)S(C)(=O)=O,0.88,5.4
[Na+].F[P-](F)(F)(F)(F)F,CC12CC3C4CCC35CC(C1CO5)C42,1.32,3.46
[Na+].F[P-](F)(F)(F)(F)F,CCC1CCC(Cl)C1C(C)=O,0.74,7.17
[Na+].F[P-](F)(F)(F)(F)F,CCCCOS(C)(C)C(C)(C)C,1.5,2.95
[Na+].F[P-](F)(F)(F)(F)F,CC(C)C(C)C(F)(F)C(F)C(C)C,1.28,3.48
[Na+].F[P-](F)(F)(F)(F)F,CSC(Cl)(Cl)SC,0.57,9.35
[Na+].F[P-](F)(F)(F)(F)F,CCCC(CCC)C(C)CC#N,1.19,4.43
[Na+].F[P-](F)(F)(F)(F)F,CCC(=O)C(CCC(C)C)OC,0.66,8.22
[Na+].F[P-](F)(F)(F)(F)F,CCC1(C)CC1CCC(C)C(C)C#N,0.7,6.88
[Na+].F[P-](F)(F)(F)(F)F,CCCCCC1(C2CC2)CC1,0.61,10.12
[Na+].F[P-](F)(F)(F)(F)F,CCC12CC3CC4COC3C(C1)C42,1.14,4.37
[Na+].F[P-](F)(F)(F)(F)F,CCCC(F)C(=O)CC,0.61,11.66
[Na+].F[P-](F)(F)(F)(F)F,CC1C2CC(=O)C(C#N)C(C)(C)CC12,1.06,4.42
[Na+].F[P-](F)(F)(F)(F)F,CC1CC2CC(C2)C(C)C(=O)OC1C,1.01,4.54
[Na+].F[P-](F)(F)(F)(F)F,CCC12COC(CC1C)CC2(C)C,1.23,3.92
[Na+].F[P-](F)(F)(F)(F)F,COC(=O)C1CC(C)(F)CC1CF,1.5,2.95
[Na+].F[P-](F)(F)(F)(F)F,CCCCCC1CC1C(=O)C(=O)C#N,0.3,16.74
[Na+].[O-]Cl(=O)(=O)=O,CCC(=O)CCC(=O)OC(C)=O,1.01,5.33
[Na+].[O-]Cl(=O)(=O)=O,CCC12CC3CC4COC3C(C1)C42,1.41,3.57
[Na+].[O-]Cl(=O)(=O)=O,CC(C)(C)CC1CCS1(=O)=O,0.7,7.7
[Na+].[O-]Cl(=O)(=O)=O,CCCCCC(CSC)C(C)C,0.97,5.09
[Na+].[O-]Cl(=O)(=O)=O,CCCCCCCOS(C)(=O)=O,1.14,4.14
[Na+].[O-]Cl(=O)(=O)=O,CC1C(=O)C2CCCC2C1=O,0.48,13.22
[Na+].[O-]Cl(=O)(=O)=O,CSC(C#N)CC(C)(C)C,1.41,4.05
[Na+].[O-]Cl(=O)(=O)=O,CC(C)C(C)C(C)CCC(C)(C)C,0.52,10.04
[Na+].[O-]Cl(=O)(=O)=O,CCCC12CCOC1(CC)C2,1.28,4.6
[Na+].[O-]Cl(=O)(=O)=O,CC(C)CC(C)(C)C(C)C1CC1,1.1,4.97
[Na+].[O-]Cl(=O)(=O)=O,C1CC2CC3C4CC4C3C3CC(C1)C23,0.43,11.97
[Na+].[O-]Cl(=O)(=O)=O,CCCC12CCCC(C1)C(Cl)C2,1.19,4.11
[Na+].[O-]Cl(=O)(=O)=O,CC(=O)OC1CCC(OC(C)=O)C1,0.52,9.94
[Na+].[O-]Cl(=O)(=O)=O,CCC(=O)C(C)CS(=O)C(C)C,1.01,4.82
[Na+].[O-]Cl(=O)(=O)=O,CCCC(=O)C(C)C(C)C(C)C(C)C,1.46,3.09
[Na+].[O-]Cl(=O)(=O)=O,CCCCC(SC)SSC,1.46,3.12
[Na+].[O-]Cl(=O)(=O)=O,CCS(=O)(=O)CCCC(C)(C)F,1.37,3.35
[Na+].[O-]Cl(=O)(=O)=O,CC(=O)C(C(C)=O)C1CC1C,0.88,6.9
[Na+].[O-]Cl(=O)(=O)=O,CCON(C)C(C)C1CCCS1,0.97,5.06
[Na+].[O-]Cl(=O)(=O)=O,CCC1CC1C1CCC(C)C1C,0.66,8.68
[Na+].[O-]Cl(=O)(=O)=O,CCCC(F)C(=O)CC,1.41,4.82
[Na+].[O-]Cl(=O)(=O)=O,CCC1(OOC)CC1C,0.88,8.18
[Na+].[O-]Cl(=O)(=O)=O,CCCP(C)CCC,1.23,5.61
[Na+].[O-]Cl(=O)(=O)=O,CC1C2C(C)(C)C3CC3(C)C12C,0.74,7.79
[Na+].[O-]Cl(=O)(=O)=O,CCC(CC)CC(=O)C(C)CC,1.19,4.51
[Na+].[O-]Cl(=O)(=O)=O,CC(C)(CS(=O)(=O)F)C1CC1,0.57,9.33
[Na+].[O-]Cl(=O)(=O)=O,CCC(C#N)C1CCC1,1.19,6.24
[Na+].[O-]Cl(=O)(=O)=O,CCC1CCC2OC(=O)OC12,0.34,18.37
[Na+].[O-]Cl(=O)(=O)=O,CC(=O)C1CC2CCCC(C2)C1=O,0.39,13.83
[Na+].[O-]Cl(=O)(=O)=O,CCCC(F)(F)CCCC#N,0.7,8.42
[Na+].[O-]Cl(=O)(=O)=O,CC(C)N(C)C(CCF)CC(F)F,0.88,5.4
[Na+].[O-]Cl(=O)(=O)=O,CCCC(C)C1OC(=O)C1C,1.14,5.15
[Na+].[O-]Cl(=O)(=O)=O,CCC1CC(C(C)C)C(C)(C)C1C,0.74,7.02
[Na+].[O-]Cl(=O)(=O)=O,CC(CC1CC1)CC12CC1C2,0.3,21.7
[Na+].[O-]Cl(=O)(=O)=O,CCC(C)(C)CCC1C2CCSC21,0.7,6.84
[Na+].[O-]Cl(=O)(=O)=O,CCCC(CCCC#N)C(F)(F)F,0.83,5.86
[Na+].[O-]Cl(=O)(=O)=O,CCCC(=O)C(C#N)C(CC)CC,0.97,5.29
[Na+].[O-]Cl(=O)(=O)=O,CC1C2CCC(C)(C)C1OC(=O)O2,1.1,4.54
[Na+].[O-]Cl(=O)(=O)=O,CCCC(C(C)C)C1(C)CCCC1,0.57,9.23
[Na+].[O-]Cl(=O)(=O)=O,CCC(C(C)C)C1(C)C(C)CCC1C,1.06,4.44
[Na+].[O-]Cl(=O)(=O)=O,CC(C)CCC1CC1CC1CCC1C,1.06,4.48
[Na+].[O-]Cl(=O)(=O)=O,CC(C)C1[CH]CCC1,1.23,6.66
[Na+].[O-]Cl(=O)(=O)=O,CCC1CCC(Cl)C1C(C)=O,0.92,5.81
[Na+].[O-]Cl(=O)(=O)=O,CC(=O)CC1CC1C1CC(C)C2CC21,1.28,3.69
[Na+].[O-]Cl(=O)(=O)=O,CCC1(C2(C)CC3C(C)C3C2)CC1C,0.57,8.75
[Na+].[O-]Cl(=O)(=O)=O,CC1CN2C(C)C3OC(=O)OC3C12,1.14,4.39
[Na+].[O-]Cl(=O)(=O)=O,CC1CC2CCCC3CCC1C32,0.34,17.46
[Na+].[O-]Cl(=O)(=O)=O,COC(=O)OC(CC(C)C)N(C)C,0.39,13.17
[Na+].[O-]Cl(=O)(=O)=O,CCCC1(C)CC(CC)C(=O)C1C,1.37,3.61
[Na+].[O-]Cl(=O)(=O)=O,CC1CCCC2CC34CCC1C23C4,0.88,6.04
[Na+].[O-]S(=O)(=O)C(F)(F)F,CCCOC(=O)OC(C)N(C)CC,0.61,8.13
[Na+].[O-]S(=O)(=O)C(F)(F)F,C1CCC23CC2C2CC2(C1)C3,0.39,16.61
[Na+].[O-]S(=O)(=O)C(F)(F)F,CCC1C2C3CC4CCC(C)C4(C3)C12,1.14,4.08
[Na+].[O-]S(=O)(=O)C(F)(F)F,CCCC(F)(F)CCCC#N,1.1,5.01
[Na+].[O-]S(=O)(=O)C(F)(F)F,CC(C)(C)CC1CCCCC1C#N,1.5,3.15
[Na+].[O-]S(=O)(=O)C(F)(F)F,COC(=O)C1CCCC(C(C)C)C1C,0.97,4.69
[Na+].[O-]S(=O)(=O)C(F)(F)F,CC(=O)CC1CC1C1CC(C)C2CC21,0.48,10.31
[Na+].[O-]S(=O)(=O)C(F)(F)F,CCCC(=O)C(C)C(C)(C)C,0.83,7.06
[Na+].[O-]S(=O)(=O)C(F)(F)F,COc1cc(-c2ccccc2)c[nH]1,0.39,14.22
[Na+].[O-]S(=O)(=O)C(F)(F)F,CS(=O)(=O)CCCC1CCC1,1.1,4.58
[Na+].[O-]S(=O)(=O)C(F)(F)F,CC(C)C1[CH]CCC1,1.1,7.26
[Na+].[O-]S(=O)(=O)C(F)(F)F,CCCCCC(CC1CCC1)C1CC1,1.37,3.23
[Na+].[O-]S(=O)(=O)C(F)(F)F,CCCOCCC1CC(C)CCC1C,0.7,6.69
[Na+].[O-]S(=O)(=O)C(F)(F)F,CCC(=O)C(C)C1SCCS1,0.66,7.43
[Na+].[O-]S(=O)(=O)C(F)(F)F,CC(C)(C)c1ccc2c(c1)ON(F)O2,0.34,14.4
[Na+].[O-]S(=O)(=O)C(F)(F)F,CCCCCCCC(C)(C)C(C)(C)C,0.79,5.87
[Na+].[O-]S(=O)(=O)C(F)(F)F,CC(C)C(C)OC(C)C(F)(F)F,0.88,5.62
[Na+].[O-]S(=O)(=O)C(F)(F)F,CC(C)CSC(C)C(C)(C)C,1.23,4.08
[Na+].[O-]S(=O)(=O)C(F)(F)F,CC1=C[C@H](F)C=CO1,1.23,6.24
[Na+].[O-]S(=O)(=O)C(F)(F)F,CCC(CC)(CCl)C1CC1,0.43,13.84
[Na+].[O-]S(=O)(=O)C(F)(F)F,CC(C)C1CCC(CCC#N)C1C,0.61,8.58
[Na+].[O-]S(=O)(=O)C(F)(F)F,CCCCC1CCCC(CC)C(C)C1,0.92,5.02
[Na+].[O-]S(=O)(=O)C(F)(F)F,CC1CC(CCC(=O)OC(C)(C)C)C1,0.7,6.69
[Na+].[O-]S(=O)(=O)C(F)(F)F,CCC12C3C4C(C)C5C3C13C4C2C53,0.3,18.76
[Na+].[O-]S(=O)(=O)C(F)(F)F,CC(C)N(C(C)C)C(C)C1(C)CC1,1.32,3.58
[Na+].[O-]S(=O)(=O)C(F)(F)F,CC1(C)CC2CCCC(C#N)(C2)C1,1.19,4.17
[Na+].[O-]S(=O)(=O)C(F)(F)F,CCCC1CC2C3CCC3C3C1C23,0.92,5.59
[Na+].[O-]S(=O)(=O)C(F)(F)F,CCC(C#N)C1CCC1,0.66,11.48
[Na+].[O-]S(=O)(=O)C(F)(F)F,CCC1CC(C)C2(CC)CC12C,1.32,3.95
[Na+].[O-]S(=O)(=O)C(F)(F)F,CCCCC(C)C(=O)C1CO1,0.3,20.69
[Na+].[O-]S(=O)(=O)C(F)(F)F,C1CC2CC1CC1CC21,0.83,9.03
[Na+].[O-]S(=O)(=O)C(F)(F)F,CCC12CC3CC4COC3C(C1)C42,1.28,3.81
[Na+].[O-]S(=O)(=O)C(F)(F)F,CCC(CC)C(=O)CS(C)(=O)=O,1.46,3.04
[Na+].[O-]S(=O)(=O)C(F)(F)F,CCCCCCC(CC)C(C)(C)C,0.61,8.34
[Na+].[O-]S(=O)(=O)C(F)(F)F,CC(=O)C1CC2CCCC(C2)C1=O,1.1,4.48
[Na+].[O-]S(=O)(=O)C(F)(F)F,CC(=O)C1CCCS(=O)(=O)C1,0.52,10.34
[Na+].[O-]S(=O)(=O)C(F)(F)F,CC(=O)C(C)(C)C(C)C#N,0.43,15.98
[Na+].[O-]S(=O)(=O)C(F)(F)F,CCCC(=O)C(=O)OC,0.7,10.2
[Na+].[O-]S(=O)(=O)C(F)(F)F,CCCC(C(C)C)C(C)C(=O)OC,1.37,3.37
[Na+].[O-]S(=O)(=O)C(F)(F)F,CC1COCCCC1(C)C,1.14,5.46
[Na+].[O-]S(=O)(=O)C(F)(F)F,CCCC(=O)OSC,0.88,7.71
[Na+].[O-]S(=O)(=O)C(F)(F)F,CCCCCOC(=O)C(C)C,0.61,9.72
[Na+].[O-]S(=O)(=O)C(F)(F)F,CCC1C(OC(C)=O)OC(=O)C1C#N,0.43,11.28
[Na+].[O-]S(=O)(=O)C(F)(F)F,CCC1COC(C)C2CCC2C1C,0.61,8.44
[Na+].[O-]S(=O)(=O)C(F)(F)F,CCC1CC(C)C1C(C)CCOC,0.48,10.75
[Na+].[O-]S(=O)(=O)C(F)(F)F,CCCCCC1(C(C)C)CC1,0.52,11.81
[Na+].[O-]S(=O)(=O)C(F)(F)F,CC(C)CCOC(=O)C(C)(C)F,1.14,4.4
[Na+].[O-]S(=O)(=O)C(F)(F)F,CCCC(CCC#N)C(C)(CC)CC,0.43,11.39
[Na+].[O-]S(=O)(=O)C(F)(F)F,CC12CC3CC(C1)C2C3,0.34,23.24
[Na+].[O-]S(=O)(=O)C(F)(F)F,CCCCCC1CC1C(=O)C(=O)C#N,0.97,4.81
[Na+].[N-](C#N)C#N,CCC(C)CC1CC1C1CCCC1,1.5,3.41
[Na+].[N-](C#N)C#N,COC(=O)C(C)CS(C)(=O)=O,0.61,8.81
[Na+].[N-](C#N)C#N,CCC(C)CC1(CC)CCCCC1,1.28,4.0
[Na+].[N-](C#N)C#N,CCC(C)CC(C)=O,0.92,9.06
[Na+].[N-](C#N)C#N,CC(=O)OC1CCC(OC(C)=O)C1,0.34,15.51
[Na+].[N-](C#N)C#N,CCC1(CC)CC(C)CC(C)C1,0.39,14.92
[Na+].[N-](C#N)C#N,CCC1C(C)C(C)CC1C(C)(C)CC,0.97,4.98
[Na+].[N-](C#N)C#N,COC(=O)CC1(CC(C)C)CCC1,0.79,6.58
[Na+].[N-](C#N)C#N,CC(C)CCCC(C)C(C)SC#N,0.3,16.46
[Na+].[N-](C#N)C#N,CC(=O)CC1C(C)C2CCC1(C#N)C2,1.46,3.31
[Na+].[N-](C#N)C#N,CC(=O)CC(=O)C1(C)CC1C,1.19,5.11
[Na+].[N-](C#N)C#N,CCC1C2C3CC4CCC(C)C4(C3)C12,0.92,5.44
[Na+].[N-](C#N)C#N,CC1CCCC2(C#N)CCC(C1)C2,1.5,3.46
[Na+].[N-](C#N)C#N,COC(=O)OC(CC(C)C)N(C)C,1.5,3.25
[Na+].[N-](C#N)C#N,CCCC1C2CCC(C)C(C)C12OC,1.5,3.13
[Na+].[N-](C#N)C#N,CCCCCC1CC1C(=O)C(=O)C#N,0.61,8.21
[Na+].[N-](C#N)C#N,CCC1C(C)CC1C(C)C,1.37,4.83
[Na+].[N-](C#N)C#N,CC12CC3C4CCC35CC(C1CO5)C42,0.92,5.44
[Na+].[N-](C#N)C#N,CCCC(C#N)CCF,1.19,6.1
[Na+].[N-](C#N)C#N,CCC1C(COC)C2C3CC3CC12C,1.37,3.49
[Na+].[N-](C#N)C#N,CC(F)C(C)S(C)(C)CF,0.48,11.93
[Na+].[N-](C#N)C#N,CCC1OC(=O)CCC1C(C)C,0.83,6.77
[Na+].[N-](C#N)C#N,CCC1(OOC)CC1C,0.43,17.46
[Na+].[N-](C#N)C#N,C[C]1C2CC3(CCC3C2C)C1C,0.61,9.72
[Na+].[N-](C#N)C#N,CC1(C(=O)Cl)CCCC1CCl,0.79,6.22
[Na+].[N-](C#N)C#N,CC1=C[C@H](F)C=CO1,1.32,6.18
[Na+].[N-](C#N)C#N,CCC(CC#N)CCF,1.37,5.25
[Na+].[N-](C#N)C#N,CCCC(CCC(F)F)C(=O)OC,0.74,6.69
[Na+].[N-](C#N)C#N,CCC(C)C(=O)C1(C#N)CC1,0.7,9.1
[Na+].[N-](C#N)C#N,COC(=O)C1CC(C)(F)CC1CF,0.92,5.38
[Na+].[N-](C#N)C#N,CCCSC(C)CC(C)CC,1.41,3.77
[Na+].[N-](C#N)C#N,CC1C(CS(C)(=O)=O)C1(C)C,1.5,3.48
[Na+].[N-](C#N)C#N,CCCCC(C)(CC)CCC(C)=O,0.57,9.23
[Na+].[N-](C#N)C#N,CC(C)C1CCCC1(C)C#N,0.52,12.37
[Na+].[N-](C#N)C#N,CCCCC(CC#N)C(C)(C)F,1.14,4.82
[Na+].[N-](C#N)C#N,CC(=O)CC(C(C)=O)C(=O)C(C)=O,0.66,7.94
[Na+].[N-](C#N)C#N,CCCCCC(CC)C(C)(C)C,0.52,10.98
[Na+].[N-](C#N)C#N,CC1CC2CCCC3(CCCC3=O)C12,0.3,17.06
[Na+].[N-](C#N)C#N,CCC(C)C1C(C(C)C)CC12CC2C,0.79,6.24
[Na+].[N-](C#N)C#N,CCC(CC)OP(=O)(Cl)CC,0.74,6.54
[Na+].[N-](C#N)C#N,CCOC(=O)CC1CC1C1CCCC1,0.97,4.99
[Na+].[N-](C#N)C#N,CCC1COC(C)C2CCC2C1C,0.52,10.26
[Na+].[N-](C#N)C#N,C1CCCC23CCCC2C(CC1)C3,1.19,4.42
[Na+].[N-](C#N)C#N,CCC1(C(C)(C)C)OOC1=O,1.14,5.21
[Na+].[N-](C#N)C#N,CCC(C#N)C(C)CCC(C)C,0.83,6.89
[Na+].[N-](C#N)C#N,CCC(C)(C)CCC1C2CCSC21,0.52,9.43
[Na+].[N-](C#N)C#N,CCC1CCC2OC(=O)OC12,0.92,6.62
[Na+].[N-](C#N)C#N,CCCC12CC(C1CC)N(C)C2CC,1.1,4.39
[Na+].[N-](C#N)C#N,CN(C)C1=COC(C#N)=CO1,0.74,8.54
[Na+].[N-](C#N)C#N,COC(=O)C(C)CC(C)(C)C(C)C,0.61,8.52
[Na+].[C-](C#N)(C#N)C#N,C1CCC23CC2C2CC2(C1)C3,0.92,6.88
[Na+].[C-](C#N)(C#N)C#N,CCN1C(C)CC(=O)C12CC2C,1.46,3.7
[Na+].[C-](C#N)(C#N)C#N,CCCCCC(CC)C(C)(C)C,0.66,8.5
[Na+].[C-](C#N)(C#N)C#N,CCC12COC(CC1C)CC2(C)C,0.3,17.92
[Na+].[C-](C#N)(C#N)C#N,CCCC(CCC(F)F)C(=O)OC,1.23,3.84
[Na+].[C-](C#N)(C#N)C#N,CCC(C#N)CC1CCCCC1,0.34,17.39
[Na+].[C-](C#N)(C#N)C#N,CCCC12CC(C)C1CC(=O)O2,1.23,4.44
[Na+].[C-](C#N)(C#N)C#N,CCC1CC2C3CCC2(C1)CC1CC13,1.19,4.07
[Na+].[C-](C#N)(C#N)C#N,CC1COCC2(C1)C(=O)OCC2C#N,1.32,3.54
[Na+].[C-](C#N)(C#N)C#N,CCC1(OOC)CC1C,0.88,8.22
[Na+].[C-](C#N)(C#N)C#N,CCCC(C(C)C)C1(C)CCCC1,1.41,3.52
[Na+].[C-](C#N)(C#N)C#N,CC(=O)CCCC1CCC(=O)C1C,0.48,11.07
[Na+].[C-](C#N)(C#N)C#N,CC(=O)CCC1CCC(C)O1,0.83,7.29
[Na+].[C-](C#N)(C#N)C#N,CCCC(C)C(C)S(=O)(=O)F,0.43,12.39
[Na+].[C-](C#N)(C#N)C#N,CCCC(CCC)C(C)CC#N,1.23,4.46
[Na+].[C-](C#N)(C#N)C#N,CC1CC(CCC(=O)OC(C)(C)C)C1,1.14,4.09
[Na+].[C-](C#N)(C#N)C#N,CC(=O)CCCCC(C)CC(C)=O,1.28,3.88
[Na+].[C-](C#N)(C#N)C#N,CSC(Cl)(Cl)SC,1.23,4.21
[Na+].[C-](C#N)(C#N)C#N,CCCC(C)C1OC(=O)C1C,0.66,9.27
[Na+].[C-](C#N)(C#N)C#N,CC1CCC2CC1(C1CC3CC1C3)C2,0.34,15.1
[Na+].[C-](C#N)(C#N)C#N,CCC(C(C)C)C1CCC(C)(C)C1C,1.46,3.15
[Na+].[C-](C#N)(C#N)C#N,CCN(C)CC1(CC(C)C)CCC1,0.88,5.84
[Na+].[C-](C#N)(C#N)C#N,CC(=O)C(C(C)=O)C1CC1C,0.39,16.2
[Na+].[C-](C#N)(C#N)C#N,CCS(=O)(=O)CCCC(C)(C)F,1.41,3.27
[Na+].[C-](C#N)(C#N)C#N,CCCCCS(=O)(=O)CC,1.5,3.65
[Na+].[C-](C#N)(C#N)C#N,CCCC(Cl)C(C#N)CC,0.83,7.13
[Na+].[C-](C#N)(C#N)C#N,CCC(P)CCC(C)=O,1.23,5.11
[Na+].[C-](C#N)(C#N)C#N,CC(C)N(C(C)C)C(C)C1(C)CC1,0.34,15.68
[Na+].[C-](C#N)(C#N)C#N,CCC1CCC(C)(C)C1C1CCCC1,0.39,12.85
[Na+].[C-](C#N)(C#N)C#N,CCCC(Cl)(CC)CC,0.61,10.58
[Na+].[C-](C#N)(C#N)C#N,CC1C2CC(=O)C(C#N)C(C)(C)CC12,1.1,4.41
[Na+].[C-](C#N)(C#N)C#N,CCCCCCC(CC)C(C)(C)C,0.43,12.25
[Na+].[C-](C#N)(C#N)C#N,CC(F)CC(C)(F)C#N,0.3,24.54
[Na+].[C-](C#N)(C#N)C#N,CCC1CC2C(OC)CC(C)C2(C)C1,1.1,4.29
[Na+].[C-](C#N)(C#N)C#N,CCCC(C)C(C)(CC(C)C)C(C)C,1.23,3.76
[Na+].[C-](C#N)(C#N)C#N,CCC(=O)CCC(=O)OC(C)=O,1.19,4.49
[Na+].[C-](C#N)(C#N)C#N,CCCC(C)C(C)(C)CCC(C)=O,1.28,3.88
[Na+].[C-](C#N)(C#N)C#N,CCCCC(=O)CCC(C)(C)C#N,1.28,3.94
[Na+].[C-](C#N)(C#N)C#N,CCN(C)S(=O)(=O)CC(C)C,1.01,5.15
[Na+].[C-](C#N)(C#N)C#N,CC(C)CCC1CC1CC1CCC1C,0.92,5.25
[Na+].[C-](C#N)(C#N)C#N,CCCC(C)CC1(C#N)CCC(C)C1,1.32,3.57
[Na+].[C-](C#N)(C#N)C#N,CCC1CCCC12CC(=O)OC2C,0.7,7.47
[Na+].[C-](C#N)(C#N)C#N,CCS(=O)(=O)CCCC(C)(C)C,0.39,12.99
[Na+].[C-](C#N)(C#N)C#N,CC(C)C1CCCC1(C)C#N,1.23,4.94
[Na+].[C-](C#N)(C#N)C#N,CC(=O)C1CC2CCCC(C2)C1=O,0.61,8.73
[Na+].[C-](C#N)(C#N)C#N,CCC12CC(CN(C)CC1C)C1CC12,1.5,3.1
[Na+].[C-](C#N)(C#N)C#N,CCC(C)CC1(CC(=O)OC)CC1,0.79,6.51
[Na+].[C-](C#N)(C#N)C#N,CC1(C(F)F)CCCC1=O,1.32,4.66
[Na+].[C-](C#N)(C#N)C#N,CC(C)(CCl)CCCl,0.34,18.54
[Na+].[C-](C#N)(C#N)C#N,C#Cc1ccc(N(C)C)s1,1.1,5.57
[Na+].[O-][N+](=O)=O,CCSCC1CC1CC,1.19,5.48
[Na+].[O-][N+](=O)=O,CCCCCCCCC(C)PC,1.5,3.28
[Na+].[O-][N+](=O)=O,CCC1(C)CC2C(C)C2C1C(=O)OC,1.23,3.89
[Na+].[O-][N+](=O)=O,COC(=O)C(C)C(C)S(=O)(=O)F,0.83,5.83
[Na+].[O-][N+](=O)=O,CC1CC(C)(C)C(C)(C)CC1=O,0.66,8.71
[Na+].[O-][N+](=O)=O,CCC1CC(C)C1C(C)CCOC,1.37,3.69
[Na+].[O-][N+](=O)=O,CC1CC(C)C(CCC(=O)N(C)C)C1,0.61,8.05
[Na+].[O-][N+](=O)=O,CCCC12CCOC1(CC)C2,0.88,7.04
[Na+].[O-][N+](=O)=O,CCC(C)OC(=O)CSC,1.23,4.7
[Na+].[O-][N+](=O)=O,CCCCCCCC(C)(C)C(C)(C)C,1.41,3.32
[Na+].[O-][N+](=O)=O,CCC1C2CC3CC1(CC3C#N)C2=O,1.41,3.48
[Na+].[O-][N+](=O)=O,COC(=O)OCCOC(C)F,0.39,15.13
[Na+].[O-][N+](=O)=O,CC(C)C1CCCCCCCCCC1,1.41,3.36
[Na+].[O-][N+](=O)=O,CCCC12CC(C)C1CC(=O)O2,0.43,13.53
[Na+].[O-][N+](=O)=O,CC1(C)CC2CCCC(C#N)(C2)C1,1.01,5.3
[Na+].[O-][N+](=O)=O,CC(=O)CCCCC(C)CC(C)=O,1.46,3.45
[Na+].[O-][N+](=O)=O,CSC(C#N)CC(C)(C)C,1.1,5.46
[Na+].[O-][N+](=O)=O,CCC(C)CC1(CC)CCCCC1,1.46,3.48
[Na+].[O-][N+](=O)=O,CCC(C#N)C(C)CCC(C)C,0.7,8.24
[Na+].[O-][N+](=O)=O,CC1CCC2C3CC4CC3CC4C12C,0.66,7.7
[Na+].[O-][N+](=O)=O,CC1CC2CCC(C)C(C2)C1=O,0.7,8.29
[Na+].[O-][N+](=O)=O,CCC(CC)OC1CC(=O)CC1CC,0.7,6.95
[Na+].[O-][N+](=O)=O,CCC(C)C(=O)C1(C#N)CC1,1.14,5.47
[Na+].[O-][N+](=O)=O,CSCC(C(=O)F)C(C)C(C)C,0.83,6.01
[Na+].[O-][N+](=O)=O,CCC(CC(C)=O)C(=O)CC(F)F,1.19,4.11
[Na+].[O-][N+](=O)=O,CCCC1(C)CC(=O)C12CCCC2C,0.79,6.26
[Na+].[O-][N+](=O)=O,CCCOC(=O)OCOC,0.66,9.89
[Na+].[O-][N+](=O)=O,CCCC1CC2C3CCC3C3C1C23,0.52,10.62
[Na+].[O-][N+](=O)=O,CC(C)(C)CC1CCS1(=O)=O,0.97,5.56
[Na+].[O-][N+](=O)=O,CCC1(C2(C)CC3C(C)C3C2)CC1C,1.41,3.43
[Na+].[O-][N+](=O)=O,CCC12CC3CC4COC3C(C1)C42,1.37,3.81
[Na+].[O-][N+](=O)=O,CCCC(C)N(CC)CC(=O)CC,0.61,8.58
[Na+].[O-][N+](=O)=O,CCC(CC#N)CCF,0.88,8.41
[Na+].[O-][N+](=O)=O,CCC1CCC2C3CCC3OC(=O)C12,1.14,4.26
[Na+].[O-][N+](=O)=O,CCC(C#N)CS(=O)(=O)CC,1.06,5.1
[Na+].[O-][N+](=O)=O,CCCCC(C#N)CC(C)CC(C)C,0.34,14.8
[Na+].[O-][N+](=O)=O,CCC12CC1OC(=O)CCCCC2C,1.01,4.79
[Na+].[O-][N+](=O)=O,CCCC(C)(P)CC,0.34,21.87
[Na+].[O-][N+](=O)=O,CCCC(C(C)(C)C)C1(CC)OO1,0.43,12.21
[Na+].[O-][N+](=O)=O,CC12CC3(C)CC(C1)(C2)S3(=O)=O,1.1,4.61
[Na+].[O-][N+](=O)=O,CCOC(C)=O,0.39,28.54
[Na+].[O-][N+](=O)=O,CC(CC1CCC1)C(=O)Cl,0.7,8.58
[Na+].[O-][N+](=O)=O,CCCCC(C)CC(=O)CC,1.01,6.02
[Na+].[O-][N+](=O)=O,CC(C)CCC1CC1CC1CCC1C,1.1,4.42
[Na+].[O-][N+](=O)=O,CCCCC(C)(CC)CCC(C)=O,0.83,6.27
[Na+].[O-][N+](=O)=O,CCC1CCC(CCCCCl)C1,0.39,13.32
[Na+].[O-][N+](=O)=O,CCC(C)C(=O)CCC(C)(C)C(C)=O,1.28,3.69
[Na+].[O-][N+](=O)=O,CCCC(C)(C1CCC1)C1CCC1C,1.46,3.27
[Na+].[O-][N+](=O)=O,CCCOC(=O)C(C)C1CCC1CC,1.37,3.43
[Na+].[O-][N+](=O)=O,CCCC(C)CC(=O)OC(C)=O,1.19,4.59
[Na+].CC(=O)[O-],CC(C)CC(C)(C#N)CC1CC1(C)C,0.52,9.7
[Na+].CC(=O)[O-],CCCCC(SC)SSC,1.14,4.22
[Na+].CC(=O)[O-],CCCC12CCOC1(CC)C2,0.39,16.31
[Na+].CC(=O)[O-],CC(C)CCC1C(C)CC(C)C1(C)C,0.88,5.54
[Na+].CC(=O)[O-],CCC1CC(C(C)C)C(C)(C)C1C,1.37,3.74
[Na+].CC(=O)[O-],CCCC1(CC)C(COC)C1(C)C,1.14,4.5
[Na+].CC(=O)[O-],CC(=O)C(C(C)=O)C1CC1C,1.23,4.96
[Na+].CC(=O)[O-],CCCCCCCCC(C#N)C(C)C,0.39,12.88
[Na+].CC(=O)[O-],CCCCC(OC)C(CC)CC,0.52,10.88
[Na+].CC(=O)[O-],CCC1C(COC)C2C3CC3CC12C,0.61,8.19
[Na+].CC(=O)[O-],COC(=O)C(C)C(C)S(=O)(=O)F,0.66,7.4
[Na+].CC(=O)[O-],CC(C)CC(C)(C)C(C)C1CC1,0.52,11.14
[Na+].CC(=O)[O-],CC(=O)C1CC2(C(C)=O)CC2C1C,1.5,3.43
[Na+].CC(=O)[O-],CCCCC1CC(C2(C)CC2C)C1,0.48,11.28
[Na+].CC(=O)[O-],CC12CCCC1(C)C(C(=O)C#N)CC2,1.14,4.33
[Na+].CC(=O)[O-],CCC1CC1C1CC(CC(C)C)C1,1.01,5.22
[Na+].CC(=O)[O-],CC(=O)C1CCCS(=O)(=O)C1,1.06,5.08
[Na+].CC(=O)[O-],CCCCCC(CSC)C(C)C,0.57,9.06
[Na+].CC(=O)[O-],CCCC12CCCC(C1)C(Cl)C2,0.66,7.86
[Na+].CC(=O)[O-],CC(C)C1CCC(Cl)CC1C,1.01,5.39
[Na+].CC(=O)[O-],CCOC(C)=O,0.66,16.65
[Na+].CC(=O)[O-],CCCC(C(C)C)C1(C)CCCC1,1.14,4.55
[Na+].CC(=O)[O-],CCC1CC(C)C1C(C)CCOC,0.34,15.69
[Na+].CC(=O)[O-],CCC1C(C2C3CCCC32)C1(C)C,0.39,14.11
[Na+].CC(=O)[O-],CC1CC2CCCC3(CCCC3=O)C12,1.19,4.12
[Na+].CC(=O)[O-],CC1CCC(C)C12C(=O)CCCC2=O,1.06,4.61
[Na+].CC(=O)[O-],CC(C)C1CCC2C(C1)C1C2N1C,0.34,16.13
[Na+].CC(=O)[O-],CCCC(C(C)C)C(C)C(=O)OC,1.41,3.55
[Na+].CC(=O)[O-],CCSCC(CC)SSC,0.3,16.73
[Na+].CC(=O)[O-],CCCCC(C#N)C(F)(F)C(F)F,1.46,3.23
[Na+].CC(=O)[O-],CCCCC(CC#N)C(C)(C)F,1.19,4.63
[Na+].CC(=O)[O-],CC(C)CSC(C)C(C)(C)C,1.5,3.55
[Na+].CC(=O)[O-],CCCCCCC(CC)CC,1.46,4.07
[Na+].CC(=O)[O-],CC(Cl)CC1CC(C#N)C1,0.66,9.31
[Na+].CC(=O)[O-],CCC1CCC(C)CC1(C)CC(C)C,1.23,3.89
[Na+].CC(=O)[O-],CCCOCCC1CC(C)CCC1C,0.52,9.45
[Na+].CC(=O)[O-],CCCC(CC)C(C)(C)CSC,0.88,5.78
[Na+].CC(=O)[O-],CC1CCC12CC2C(=O)OC1(C)CC1,0.57,8.78
[Na+].CC(=O)[O-],CCC1CCC1(C)C(C)(C)CC,0.88,6.46
[Na+].CC(=O)[O-],CCC1C2CCCC(C3(C)CC3)C12,1.37,3.82
[Na+].CC(=O)[O-],CCSCC1CC1CC,0.83,8.02
[Na+].CC(=O)[O-],CC(CC1CC1)CC12CC1C2,0.39,16.74
[Na+].CC(=O)[O-],CC(C#N)CC1CCCC1,0.7,10.06
[Na+].CC(=O)[O-],CC(=O)CCCC1CCC(=O)C1C,1.28,4.02
[Na+].CC(=O)[O-],CC(C)C(C)CCCC(=O)C#N,0.92,6.21
[Na+].CC(=O)[O-],CCC1CC1C1CCC(C)C1C,0.97,5.91
[Na+].CC(=O)[O-],CC(=O)CC(=O)C1(C)CC1C,0.83,7.5
[Na+].CC(=O)[O-],CCCCCC(F)(F)C(C)C,0.66,8.93
[Na+].CC(=O)[O-],CC(C)C1CCC(CCC#N)C1C,1.01,5.25
[Na+].CC(=O)[O-],CC12CC3C4CCC35CC(C1CO5)C42,1.06,4.7
[Na+].[O-]C(=O)C(F)(F)F,CC1C2CC3C(C2)C3C1CC#N,0.79,7.35
[Na+].[O-]C(=O)C(F)(F)F,CC1CCC(=O)C1C(C)C(C)(C)C,0.48,10.99
[Na+].[O-]C(=O)C(F)(F)F,CC1C(=O)C(C#N)CC2CCCC21,1.01,5.13
[Na+].[O-]C(=O)C(F)(F)F,CC12CC3(C)CC(C1)(C2)S3(=O)=O,1.32,3.64
[Na+].[O-]C(=O)C(F)(F)F,CC(=O)CC1C(C)C2CCC1(C#N)C2,1.46,3.16
[Na+].[O-]C(=O)C(F)(F)F,CCCC(CCC)C[PH](C)=O,0.34,16.23
[Na+].[O-]C(=O)C(F)(F)F,CC1CC2C3C(C)(C)CCC23O1,0.66,8.63
[Na+].[O-]C(=O)C(F)(F)F,CC(C)N(C(C)C)C(C)C1(C)CC1,0.88,5.76
[Na+].[O-]C(=O)C(F)(F)F,C1C2C1C1C2CC2CC21C1CC1,0.39,15.5
[Na+].[O-]C(=O)C(F)(F)F,CCCC(CC)COC(=O)OCC,1.37,3.45
[Na+].[O-]C(=O)C(F)(F)F,CCCC1(C)CC(=O)C12CCCC2C,0.43,11.56
[Na+].[O-]C(=O)C(F)(F)F,CCC(C#N)C1CCC1,1.1,6.73
[Na+].[O-]C(=O)C(F)(F)F,CCC1(C(C)(C)C)OOC1=O,1.41,3.98
[Na+].[O-]C(=O)C(F)(F)F,C1CC2CC2CC2CCC3(C1)CC3C2,1.14,4.19
[Na+].[O-]C(=O)C(F)(F)F,CC1CC(C2C(C)C(C)CC2(C)C)C1,1.23,3.77
[Na+].[O-]C(=O)C(F)(F)F,CCCCC(CCC)CC(C)C#N,0.61,8.6
[Na+].[O-]C(=O)C(F)(F)F,CC1C(C#N)C2CC1C(C)(C)C2C,1.32,3.82
[Na+].[O-]C(=O)C(F)(F)F,CC(=O)N(OC(=O)OCF)C(C)=O,0.79,6.14
[Na+].[O-]C(=O)C(F)(F)F,CCCC(Cl)(Cl)C(F)(F)F,0.34,14.67
[Na+].[O-]C(=O)C(F)(F)F,CC(C)C(C)OC(C)C(F)(F)F,0.74,6.9
[Na+].[O-]C(=O)C(F)(F)F,CCCC(=O)OC1CCC(CC)C1,0.7,7.32
[Na+].[O-]C(=O)C(F)(F)F,CC1CCC2CC(C)(C1)C1CC21C,0.92,5.65
[Na+].[O-]C(=O)C(F)(F)F,CCC(CC(C)=O)C(=O)CC(F)F,0.61,8.11
[Na+].[O-]C(=O)C(F)(F)F,CSCCC(=O)CSC,0.83,6.85
[Na+].[O-]C(=O)C(F)(F)F,CCCOC(=O)OCOC,0.79,8.0
[Na+].[O-]C(=O)C(F)(F)F,CCCCCC1CCCC1CCC,0.7,7.4
[Na+].[O-]C(=O)C(F)(F)F,CSC(C#N)CC(C)(C)C,1.14,5.07
[Na+].[O-]C(=O)C(F)(F)F,CC1CC(C)C(CCC(=O)N(C)C)C1,0.66,7.27
[Na+].[O-]C(=O)C(F)(F)F,CC(=O)OC1(C)CCCC(C)(C)C1C,1.23,3.7
[Na+].[O-]C(=O)C(F)(F)F,CCC(C)C(CC#N)CCCC(C)=O,0.61,7.98
[Na+].[O-]C(=O)C(F)(F)F,CCCC(=O)C1CCCC(=O)C1CC,1.37,3.31
[Na+].[O-]C(=O)C(F)(F)F,CC(=O)CCCC(C)C(C)(C)C#N,0.74,7.01
[Na+].[O-]C(=O)C(F)(F)F,CCC(CC)(CCl)C1CC1,0.34,17.81
[Na+].[O-]C(=O)C(F)(F)F,CCC(C)SC(C#N)C(CC)CC,0.48,10.05
[Na+].[O-]C(=O)C(F)(F)F,CCCP(C)CCC(C)CC,1.28,4.02
[Na+].[O-]C(=O)C(F)(F)F,CCC1CCC(C)(C)C(=O)C1,1.37,4.21
[Na+].[O-]C(=O)C(F)(F)F,C=Cc1ccc(C(C)=O)s1,0.52,12.11
[Na+].[O-]C(=O)C(F)(F)F,CCCC(CCCC#N)C(F)(F)F,1.01,4.71
[Na+].[O-]C(=O)C(F)(F)F,CCCC(C)C(F)CCC(C)C,1.01,5.22
[Na+].[O-]C(=O)C(F)(F)F,CCC1C2C(C)C(=O)CCCC12OC,0.43,11.44
[Na+].[O-]C(=O)C(F)(F)F,COC1=CSC=CC1,0.83,8.77
[Na+].[O-]C(=O)C(F)(F)F,CC(C)CSC(C)C(C)(C)C,1.14,4.57
[Na+].[O-]C(=O)C(F)(F)F,CCCCCCCCC(C#N)C(C)C,1.5,3.0
[Na+].[O-]C(=O)C(F)(F)F,CC1(C)CCCCCS(=O)(=O)C1,1.32,3.56
[Na+].[O-]C(=O)C(F)(F)F,COC(=O)C1CCCC(C(C)C)C1C,0.39,12.53
[Na+].[O-]C(=O)C(F)(F)F,CCCP(C)CCC,0.57,12.67
[Na+].[O-]C(=O)C(F)(F)F,CCCC1CC1(CCC)CC(C)C,0.83,6.17
[Na+].[O-]C(=O)C(F)(F)F,CCCC(C)C(C)(C)CCC(C)=O,0.48,10.87
[Na+].[O-]C(=O)C(F)(F)F,CC(C)C(C)C(F)(F)C(F)C(C)C,0.97,4.85
[Na+].[O-]C(=O)C(F)(F)F,CCCOC(=O)C(C)C1CCC1CC,0.3,16.41
[Na+].CCC(=O)[O-],CCCCCC(C)C(C)C(C)CCC,0.7,6.92
[Na+].CCC(=O)[O-],CC(=O)C1CC(C)CCC1C,1.41,4.23
[Na+].CCC(=O)[O-],CCCOC(=O)OCOC,1.14,5.54
[Na+].CCC(=O)[O-],CC(CC1CCC1)C(=O)Cl,0.52,11.62
[Na+].CCC(=O)[O-],CCCCCOC(=O)C(C)C,1.46,3.97
[Na+].CCC(=O)[O-],CCN(C)CC1(CC(C)C)CCC1,0.34,15.73
[Na+].CCC(=O)[O-],CCC1C2C(C)C(=O)CCCC12OC,1.01,4.76
[Na+].CCC(=O)[O-],CCCCCC1CC1C(=O)C(=O)C#N,0.52,9.66
[Na+].CCC(=O)[O-],CC1C2CC3CC14CC32CC4=O,1.1,5.26
[Na+].CCC(=O)[O-],CCCC(CCC#N)C(C)(CC)CC,0.79,6.19
[Na+].CCC(=O)[O-],CCCCCC(CC)C(C)(C)C,0.83,6.74
[Na+].CCC(=O)[O-],CCC1CCC2OC(=O)OC12,1.1,5.46
[Na+].CCC(=O)[O-],CC1C(C#N)C23CC(C)C(C)(C2)C13,1.23,4.32
[Na+].CCC(=O)[O-],COC(=O)CC1(CC(C)C)CCC1,0.74,7.03
[Na+].CCC(=O)[O-],CC(C)C1CCCCCCCCCC1,1.5,3.11
[Na+].CCC(=O)[O-],CCCCC(CC)C(C)CC(C)C,0.88,5.86
[Na+].CCC(=O)[O-],CCCC(C(C)C)C1(C)CCCC1,0.48,11.11
[Na+].CCC(=O)[O-],CCCCCCC(=O)CC(C)CCC,0.3,16.52
[Na+].CCC(=O)[O-],CCC(CC)(CCl)C1CC1,0.52,11.62
[Na+].CCC(=O)[O-],CC1CC2CCCC3CCC1C32,1.14,5.0
[Na+].CCC(=O)[O-],C1C2C1C1C2CC2CC21C1CC1,0.97,6.08
[Na+].CCC(=O)[O-],CCC1CC(C)C1C(C)CCOC,0.7,7.44
[Na+].CCC(=O)[O-],CC1CCC2C(C)CC(C)C2C1,0.88,6.49
[Na+].CCC(=O)[O-],CCS(=O)(=O)CCCC(C)(C)C,1.32,3.65
[Na+].CCC(=O)[O-],CCC(C(C)C)C1CCC(C)(C)C1C,1.01,4.75
[Na+].CCC(=O)[O-],COC(=O)C(C)CS(C)(=O)=O,0.34,16.01
[Na+].CCC(=O)[O-],CCCCC(C)(C)CCC(C)C#N,0.34,15.91
[Na+].CCC(=O)[O-],CC1CC12CCC1CCC3C(CC1)C32,0.88,5.67
[Na+].CCC(=O)[O-],CC(=O)CCC1CC(=O)C1C(C)C,0.79,6.64
[Na+].CCC(=O)[O-],CC1CCCC2CC34CCC1C23C4,1.32,3.98
[Na+].CCC(=O)[O-],CCCC(C)C(F)CCC(C)C,1.01,5.36
[Na+].CCC(=O)[O-],CC(C)CC(F)(F)C(C)CF,1.23,4.5
[Na+].CCC(=O)[O-],CC1CCC1(C)C1(C(C)C)CC1(C)C,1.01,4.8
[Na+].CCC(=O)[O-],CCCCCC(=O)OC(C)CCC,0.7,7.37
[Na+].CCC(=O)[O-],CCC(CC)CC(=O)C(C)CC,1.1,5.01
[Na+].CCC(=O)[O-],CC(F)C(C)S(C)(C)CF,1.06,5.21
[Na+].CCC(=O)[O-],CCC1(C)CC2C(C)C2C1C(=O)OC,1.19,3.99
[Na+].CCC(=O)[O-],CCC12CC3CCC(C3C)C(C)C1C2,0.52,9.7
[Na+].CCC(=O)[O-],CC1CC2CC3CCC(C1)C3C2,1.06,5.4
[Na+].CCC(=O)[O-],CCCC(C)CC(C)S(C)(=O)=O,0.61,8.23
[Na+].CCC(=O)[O-],CC(=O)CC1CC1C1CC(C)C2CC21,1.28,3.77
[Na+].CCC(=O)[O-],CCC(C)CC1(CC)CCCCC1,1.28,3.97
[Na+].CCC(=O)[O-],COC(=O)C(C)C(C)S(=O)(=O)F,1.06,4.47
[Na+].CCC(=O)[O-],CCC(C#N)C1CCC1,1.46,5.1
[Na+].CCC(=O)[O-],CC(C)(C)c1ccc2c(c1)ON(F)O2,0.97,4.94
[Na+].CCC(=O)[O-],CCC1C2CCCC(C3(C)CC3)C12,0.3,18.38
[Na+].CCC(=O)[O-],CC1(C(F)F)CCCC1=O,1.01,6.3
[Na+].CCC(=O)[O-],CCCCC(CC)CC(C)C(C)CC,1.23,3.81
[Na+].CCC(=O)[O-],CCCC(C)C(C)CCC(=O)CC#N,0.39,12.84
[Na+].CCC(=O)[O-],CCC1(CC)CC(C)CC(C)C1,0.39,14.9
[Na+].[O-]C(=O)c1ccccc1,CCC(CC)(OC(C)=O)SC,0.34,16.2
[Na+].[O-]C(=O)c1ccccc1,CCC(C#N)CC(C)C1CCC(C)C1,0.92,5.18
[Na+].[O-]C(=O)c1ccccc1,CCCCC(CCC)CC(C)C#N,1.23,4.02
[Na+].[O-]C(=O)c1ccccc1,CCCCCCCCC(C#N)C(C)C,1.06,4.4
[Na+].[O-]C(=O)c1ccccc1,CCC(CC)(OC(C)=O)C(C)(C)C,1.37,3.46
[Na+].[O-]C(=O)c1ccccc1,CC(=O)C(C)C1CC(C)C(C)C1,0.83,6.66
[Na+].[O-]C(=O)c1ccccc1,CCCCC(=O)C(C)C(C)OC,1.14,4.6
[Na+].[O-]C(=O)c1ccccc1,CCC1(C2(C)CC3C(C)C3C2)CC1C,0.79,6.14
[Na+].[O-]C(=O)c1ccccc1,CCCCCC1(C2CC2)CC1,1.37,4.24
[Na+].[O-]C(=O)c1ccccc1,CCCCCCCC(C)P,0.43,13.98
[Na+].[O-]C(=O)c1ccccc1,CC(C)C1CCC2C(C1)C1C2N1C,0.61,8.67
[Na+].[O-]C(=O)c1ccccc1,CC1C(=O)C2CCCC2C1=O,0.39,16.29
[Na+].[O-]C(=O)c1ccccc1,CC(CF)C1(CF)CCOC1,1.14,4.83
[Na+].[O-]C(=O)c1ccccc1,CCCC(C)C(C)(C)CCC(C)=O,0.57,9.06
[Na+].[O-]C(=O)c1ccccc1,CCP(C)CCCC(C)C,0.66,8.93
[Na+].[O-]C(=O)c1ccccc1,CCCCCC(CC)C(C)(C)C,1.32,3.95
[Na+].[O-]C(=O)c1ccccc1,CCCCCC(C#N)(CC)C(C)=O,0.74,6.99
[Na+].[O-]C(=O)c1ccccc1,CC1CCC(=O)C(C)(C)CC1C,0.48,11.88
[Na+].[O-]C(=O)c1ccccc1,CC(C)CCOC(=O)C(C)(C)F,0.3,18.43
[Na+].[O-]C(=O)c1ccccc1,CC(C)C1CCC2C(C)C2(C)C1,0.57,10.04
[Na+].[O-]C(=O)c1ccccc1,CCCCCC1(C(C)C)CC1,1.41,4.05
[Na+].[O-]C(=O)c1ccccc1,CC1C2CC2C1(C)CC1CCCC1,0.97,5.31
[Na+].[O-]C(=O)c1ccccc1,CC(C#N)C1CCC(C)C1(C)C,1.5,3.52
[Na+].[O-]C(=O)c1ccccc1,CCC1(C)CC(=O)CCC1(C)C,0.57,9.92
[Na+].[O-]C(=O)c1ccccc1,CCC1(C)CC2C(C)C2C1C(=O)OC,0.7,6.85
[Na+].[O-]C(=O)c1ccccc1,CCCC(=O)C(=O)OC,0.48,15.36
[Na+].[O-]C(=O)c1ccccc1,CCCCC(CC)CC1CCCC1C,0.79,6.01
[Na+].[O-]C(=O)c1ccccc1,CCCC(F)C(=O)CC,0.97,7.16
[Na+].[O-]C(=O)c1ccccc1,CCCC1CCC1CCl,1.28,4.75
[Na+].[O-]C(=O)c1ccccc1,COC1C(C(C)=O)C2CCC3CC31C2,0.74,6.52
[Na+].[O-]C(=O)c1ccccc1,CC1(C)C2C3CCC4C3CC2C41C,1.23,4.13
[Na+].[O-]C(=O)c1ccccc1,CCCC(CC)(CC)CCl,1.06,5.28
[Na+].[O-]C(=O)c1ccccc1,CCCC1(C)CC(CC)C(=O)C1C,0.66,7.85
[Na+].[O-]C(=O)c1ccccc1,CC(C)CCCC(C)C(C)SC#N,1.41,3.13
[Na+].[O-]C(=O)c1ccccc1,CC1C2C(C)(C)C3CC3(C)C12C,0.83,6.82
[Na+].[O-]C(=O)c1ccccc1,CCC(C(C)C)C1(C)C(C)CCC1C,0.48,10.18
[Na+].[O-]C(=O)c1ccccc1,CC1C2C3CC(C)C45C(CC2C34)CC15,1.46,3.19
[Na+].[O-]C(=O)c1ccccc1,CCCC(CC)C(C)C1CC1CC,1.41,3.42
[Na+].[O-]C(=O)c1ccccc1,CCCC(CC)COC(=O)OCC,0.34,15.17
[Na+].[O-]C(=O)c1ccccc1,CCCOC(=O)C(C)C1CCC1CC,1.41,3.15
[Na+].[O-]C(=O)c1ccccc1,CCCCCC(C)C(C)C(C)CCC,1.46,3.03
[Na+].[O-]C(=O)c1ccccc1,COC(=O)C(C)CS(C)(=O)=O,1.32,3.73
[Na+].[O-]C(=O)c1ccccc1,CCCC(C)N(CC)CC(=O)CC,0.61,8.39
[Na+].[O-]C(=O)c1ccccc1,CC(F)C(C)S(C)(C)CF,1.06,5.04
[Na+].[O-]C(=O)c1ccccc1,CCC(C)CCCC1C2CCC12C,0.97,5.25
[Na+].[O-]C(=O)c1ccccc1,CCCCCCCCC(C)PC,1.06,4.56
[Na+].[O-]C(=O)c1ccccc1,CCN1C(C)CC(=O)C12CC2C,1.06,5.13
[Na+].[O-]C(=O)c1ccccc1,CC(Cl)CC(C#N)CC(C)(C)C,1.06,4.57
[Na+].[O-]C(=O)c1ccccc1,CCC(=O)CC1OC(=O)C1C1CC1,0.92,5.5
[Na+].[O-]C(=O)c1ccccc1,CCC1CCC1(C)C(C)(C)CC,1.14,4.71
[Na+].[O-]C=O,CCCC(C)C(C)(C)CCC(C)=O,0.39,13.69
[Na+].[O-]C=O,C=Cc1ccc(C(C)=O)s1,1.19,5.26
[Na+].[O-]C=O,CCC(C(C)C)C1CCC(C)(C)C1C,0.52,9.59
[Na+].[O-]C=O,CCC(C)C1C(C(C)C)CC12CC2C,0.7,7.14
[Na+].[O-]C=O,CC1COCC2(C1)C(=O)OCC2C#N,0.3,16.87
[Na+].[O-]C=O,CCCCC1C(CC)C1(C)Cl,1.01,5.44
[Na+].[O-]C=O,CCCCCCC(CC)C(C)(C)C,0.83,6.32
[Na+].[O-]C=O,CC1CC2CC3(C)CC(C1)(C2)C3,1.37,4.2
[Na+].[O-]C=O,CC1C2C3CC(C)C45C(CC2C34)CC15,0.7,7.37
[Na+].[O-]C=O,CC1CCC(=O)C1C(C)C(C)(C)C,0.52,10.33
[Na+].[O-]C=O,CCCC(F)(F)CCCC#N,0.48,12.68
[Na+].[O-]C=O,CCCCC(C)OC(=O)OCC,0.52,10.81
[Na+].[O-]C=O,CC1CC2CCCC3(CCCC3=O)C12,0.83,6.06
[Na+].[O-]C=O,CCCSC(C)CC(C)CC,0.39,14.48
[Na+].[O-]C=O,CN(C)C1=COC(C#N)=CO1,0.79,8.06
[Na+].[O-]C=O,CC(=O)N(OC(=O)OCF)C(C)=O,1.32,3.72
[Na+].[O-]C=O,CC(F)C(C)S(C)(C)CF,1.23,4.54
[Na+].[O-]C=O,CCC1CC(C)(CC)C(=O)CC1(C)C,1.06,4.6
[Na+].[O-]C=O,CCCOC(=O)OCCC(C)OC,1.41,3.52
[Na+].[O-]C=O,CC1CC2CCSC3CC1C2C3,1.23,4.24
[Na+].[O-]C=O,CCC(C)(C)CCC1C2CCSC21,1.1,4.38
[Na+].[O-]C=O,CCS(=O)(=O)C1CCC1,1.37,4.65
[Na+].[O-]C=O,CCCC(C)(C)CC(=O)C(C)C(C)C,0.43,11.52
[Na+].[O-]C=O,CCC(C(C)C)C1(C)C(C)CCC1C,1.28,3.77
[Na+].[O-]C=O,COCC1C2C(C)C2C(C)CC1(C)C,0.66,7.51
[Na+].[O-]C=O,CCC1CC(C)C(C)(C)C1(C)C,1.19,4.75
[Na+].[O-]C=O,CCCCC(C)CC(=O)CC,1.41,4.28
[Na+].[O-]C=O,CCCCCC1CCCC1CCC,0.88,6.01
[Na+].[O-]C=O,CC12CC3CC(C1)C2C3,0.39,20.65
[Na+].[O-]C=O,CC1CC(C)(C)C(=O)CC1C(C)(C)C,0.74,6.68
[Na+].[O-]C=O,C[C]1[CH][C]C2CC[C](CC1)C2(C)C,0.79,6.99
[Na+].[O-]C=O,CCCC1CCC1CCl,1.46,4.4
[Na+].[O-]C=O,CC(C)(C)c1ccc2c(c1)ON(F)O2,1.46,3.27
[Na+].[O-]C=O,CCCCC1CC1C1C(=O)CCC1C,0.97,5.1
[Na+].[O-]C=O,CCCC1CC1(C)C(=O)C#N,1.46,4.27
[Na+].[O-]C=O,CCCCCOC(=O)C(C)C,0.83,7.36
[Na+].[O-]C=O,CCC(Cl)C(=O)C(C)=O,0.79,8.25
[Na+].[O-]C=O,CC12CC3(C)CC(C1)(C2)S3(=O)=O,1.32,3.85
[Na+].[O-]C=O,CC(C)C1CC2CC(C#N)(C2)C(C)C1,1.1,4.54
[Na+].[O-]C=O,CCCN(CCC(C)C)C(C)C,0.92,6.11
[Na+].[O-]C=O,CCCCC(C)C(=O)OOCF,0.83,6.54
[Na+].[O-]C=O,COC(=O)OCCOC(C)F,1.14,5.04
[Na+].[O-]C=O,CC1C2C3CC4C5CCC1(C54)C32,1.23,4.82
[Na+].[O-]C=O,CCCC(=O)C(C)C(C)C(C)C(C)C,0.88,5.53
[Na+].[O-]C=O,CCC(=O)C(C)C1SCCS1,0.3,17.3
[Na+].[O-]C=O,CCC(C)CCCC1C2CCC12C,0.39,14.0
[Na+].[O-]C=O,CC1CCCC(C)S(=O)(=O)CC1,0.48,10.74
[Na+].[O-]C=O,CCC(=O)N1CCCCC1Cl,0.83,6.63
[Na+].[O-]C=O,CC1CCC(F)C1,1.06,8.84
[Na+].[O-]C=O,CCCCC1CC(C2(C)CC2C)C1,1.28,4.11
[Na+].COS(=O)(=O)[O-],CC(=O)OC1(C)CCCC(C)(C)C1C,0.79,5.99
[Na+].COS(=O)(=O)[O-],CCC(C)CC(C)=O,0.97,8.34
[Na+].COS(=O)(=O)[O-],CCCC(=O)C1CCCC(=O)C1CC,0.97,4.85
[Na+].COS(=O)(=O)[O-],CCC12CC3CCC(C3C)C(C)C1C2,0.39,12.92
[Na+].COS(=O)(=O)[O-],CC(F)C(C)S(C)(C)CF,1.23,4.31
[Na+].COS(=O)(=O)[O-],CN(C)C1=COC(C#N)=CO1,0.57,11.01
[Na+].COS(=O)(=O)[O-],CC(C)CC(C)CC#N,0.66,11.47
[Na+].COS(=O)(=O)[O-],COC(=O)C(C)C(C)S(=O)(=O)F,1.32,3.42
[Na+].COS(=O)(=O)[O-],CCCCC(C#N)CC(C)CC(C)C,1.14,4.09
[Na+].COS(=O)(=O)[O-],CC(C)N(C)C(CCF)CC(F)F,0.79,6.02
[Na+].COS(=O)(=O)[O-],CCC(C)C1C(C(C)C)CC12CC2C,1.41,3.24
[Na+].COS(=O)(=O)[O-],CCCCCS(=O)(=O)CC,0.79,7.23
[Na+].COS(=O)(=O)[O-],COCCC(C(C)C)C(C)C,0.97,6.01
[Na+].COS(=O)(=O)[O-],CC1COCCCC1(C)C,0.57,11.78
[Na+].COS(=O)(=O)[O-],CCOC(=O)C(CC(C)=O)C1CC1C,0.52,9.3
[Na+].COS(=O)(=O)[O-],CCCC12CC(C1CC)N(C)C2CC,0.88,5.41
[Na+].COS(=O)(=O)[O-],CCCCC(CCC)CCF,0.97,5.94
[Na+].COS(=O)(=O)[O-],CCC(P)CCC(C)=O,1.28,4.81
[Na+].COS(=O)(=O)[O-],CCCCCCCOS(C)(=O)=O,0.74,6.55
[Na+].COS(=O)(=O)[O-],CCC1(OOC)CC1C,1.41,4.84
[Na+].COS(=O)(=O)[O-],CCCC(C(C)C)C(C)C(=O)OC,1.06,4.64
[Na+].COS(=O)(=O)[O-],CCC1CCCC(=O)C1Cl,0.34,17.82
[Na+].COS(=O)(=O)[O-],CCN1C(C)CC(=O)C12CC2C,1.19,4.55
[Na+].COS(=O)(=O)[O-],CC1CC2CC3CCC(C1)C3C2,1.01,5.55
[Na+].COS(=O)(=O)[O-],CC(=O)C(C)C1CC(C)C(C)C1,0.74,7.56
[Na+].COS(=O)(=O)[O-],CC(=O)C1CCCS(=O)(=O)C1,0.88,6.0
[Na+].COS(=O)(=O)[O-],CCC1CCC(CCCCCl)C1,0.66,7.61
[Na+].COS(=O)(=O)[O-],CCCC(Cl)(CC)CC,1.06,5.81
[Na+].COS(=O)(=O)[O-],CCCC(C)C(C)S(=O)(=O)F,0.97,5.22
[Na+].COS(=O)(=O)[O-],CC(=O)N(OC(=O)OCF)C(C)=O,0.83,5.83
[Na+].COS(=O)(=O)[O-],CCOC(=O)OCOCC(C)Cl,0.61,7.94
[Na+].COS(=O)(=O)[O-],CCC(CC)CC(=O)C(C)CC,0.79,6.97
[Na+].COS(=O)(=O)[O-],C[C]1[CH][C]C2CC[C](CC1)C2(C)C,0.88,6.03
[Na+].COS(=O)(=O)[O-],CCCC1(Cl)CC2CCC1C2,0.88,6.12
[Na+].COS(=O)(=O)[O-],CCC1CC(C(C)C)C(C)(C)C1C,0.66,7.88
[Na+].COS(=O)(=O)[O-],CC1COCC2(C1)C(=O)OCC2C#N,1.01,4.67
[Na+].COS(=O)(=O)[O-],CCCC(=O)CC(CC#N)C(C)(C)C,0.57,8.58
[Na+].COS(=O)(=O)[O-],CCC(=O)C(C)C(CC)SC#N,0.92,5.44
[Na+].COS(=O)(=O)[O-],C#Cc1sccc1C(C)(C)C,0.43,13.68
[Na+].COS(=O)(=O)[O-],CC1C(CS(C)(=O)=O)C1(C)C,0.88,6.0
[Na+].COS(=O)(=O)[O-],CC1CC(C)(C#N)C(=O)C2(C)CC12,1.23,4.14
[Na+].COS(=O)(=O)[O-],CCC(CC)C(C)C(=O)OC(C)C,1.28,3.77
[Na+].COS(=O)(=O)[O-],COC(=O)OCC1C2CCCC1C2,1.14,4.33
[Na+].COS(=O)(=O)[O-],CCC1CC1C1CC(CC(C)C)C1,1.19,4.22
[Na+].COS(=O)(=O)[O-],N#CC1=CCC=C(F)S1,0.34,20.28
[Na+].COS(=O)(=O)[O-],CC(=O)C(C)(C)C(C)C#N,0.7,9.7
[Na+].COS(=O)(=O)[O-],CCC1C2C(C)C(=O)CCCC12OC,1.1,4.23
[Na+].COS(=O)(=O)[O-],CCC(C)PCCCPC,1.28,3.94
[Na+].COS(=O)(=O)[O-],CC1C(=O)CCC2(C#N)C(C3CC3)C12,1.01,4.81
[Na+].COS(=O)(=O)[O-],CCC1CCC(C)CC1(C)CC(C)C,1.32,3.46
[Na+].[S-]C#N,CCCC(C(C)C)C1(C)CCCC1,0.66,8.05
[Na+].[S-]C#N,CCCCC(=O)OCCC(C)C,0.52,10.89
[Na+].[S-]C#N,CCC(C#N)CS(=O)(=O)CC,0.97,5.61
[Na+].[S-]C#N,CCCCCC(F)C(=O)CN(C)C,0.3,17.36
[Na+].[S-]C#N,CC1CC2CC(C2)CC1C,0.7,9.99
[Na+].[S-]C#N,CCCCCC(C#N)(CC)C(C)=O,0.97,5.42
[Na+].[S-]C#N,CC1C2C(=O)C(=O)C(CC(C)(C)C)C12,0.61,8.19
[Na+].[S-]C#N,CCC1C(OC(C)=O)OC(=O)C1C#N,1.01,4.78
[Na+].[S-]C#N,CCCC(C(=O)CC)C(CC)C(C)C,0.83,5.83
[Na+].[S-]C#N,CC1CC(C)(C)C(C)(C)CC1=O,1.28,4.36
[Na+].[S-]C#N,C1CCCC23CCCC2C(CC1)C3,0.52,10.52
[Na+].[S-]C#N,C#Cc1ccc(N(C)C)s1,0.34,19.13
[Na+].[S-]C#N,CCCC12CCCC(C1)C(Cl)C2,0.92,5.57
[Na+].[S-]C#N,CCCC(C)OC(=O)OC(C)=O,0.61,9.14
[Na+].[S-]C#N,CCC(=O)C(C)CS(=O)C(C)C,1.14,4.36
[Na+].[S-]C#N,COC(=O)OCCOC(C)F,0.39,15.15
[Na+].[S-]C#N,CC1CCCC2(C#N)CCC(C1)C2,1.01,5.32
[Na+].[S-]C#N,CCC(=O)N1CCCCC1Cl,1.5,3.52
[Na+].[S-]C#N,CCC1CC2C3CCC2(C1)CC1CC13,0.39,13.22
[Na+].[S-]C#N,CCC12CC1OC(=O)CCCCC2C,0.66,7.48
[Na+].[S-]C#N,CC1CCC2C3CC4CC3CC4C12C,1.32,3.73
[Na+].[S-]C#N,CC(C)CCC1C(C)CC(C)C1(C)C,0.92,5.29
[Na+].[S-]C#N,CCC(CC(C)=O)C(=O)CC(F)F,0.48,10.59
[Na+].[S-]C#N,CC1(C(=O)C2CCCCC2=O)CCC1,0.52,9.65
[Na+].[S-]C#N,CCCCC(C)OC(=O)OCC,1.23,4.39
[Na+].[S-]C#N,CCCC(C)CC(C)S(C)(=O)=O,1.37,3.55
[Na+].[S-]C#N,CCCCCC(CC)C(C)(C)C,0.74,7.65
[Na+].[S-]C#N,CC(C)C1CCC2C(C1)C1C2N1C,0.88,6.07
[Na+].[S-]C#N,CCON(C)C(C)C1CCCS1,1.23,4.04
[Na+].[S-]C#N,CCC1(C#N)CCCCC(=O)O1,0.48,12.17
[Na+].[S-]C#N,CC1C2CCC(C)(C)C1OC(=O)O2,0.52,10.18
[Na+].[S-]C#N,C=Cc1ccc(C(C)=O)s1,1.23,5.03
[Na+].[S-]C#N,CCC(C)CC1(C2C(C)C2(C)C)CC1,0.52,9.65
[Na+].[S-]C#N,C1CCC23CC2C2CC2(C1)C3,1.23,5.16
[Na+].[S-]C#N,CC1C2CC(=O)C(C#N)C(C)(C)CC12,0.88,5.69
[Na+].[S-]C#N,CCCC(CC)COC(=O)OCC,1.5,3.29
[Na+].[S-]C#N,C[C]1CCCC(=O)CN1[O],0.3,23.27
[Na+].[S-]C#N,CCCCCC1CCCC1CCC,1.46,3.49
[Na+].[S-]C#N,CCC(C)PCCCPC,0.57,9.58
[Na+].[S-]C#N,CCC1CC(C)(CC)C(=O)CC1(C)C,0.3,16.73
[Na+].[S-]C#N,CCCCCC(C)(C)CCC(C)C#N,1.19,4.06
[Na+].[S-]C#N,CCCC(F)(F)CCCC#N,0.92,6.45
[Na+].[S-]C#N,CCCC(=O)OSC,1.32,5.29
[Na+].[S-]C#N,CCOC(=O)C(C#N)(CC)CC(C)C,0.43,11.55
[Na+].[S-]C#N,CCC12CC(CCCCC1=O)C2,0.39,15.14
[Na+].[S-]C#N,CC1C(CS(C)(=O)=O)C1(C)C,0.97,5.58
[Na+].[S-]C#N,CC(=O)C(C(C)=O)C1CC1C,1.37,4.42
[Na+].[S-]C#N,CC(C)C(=O)C(=O)C(C)(C)CC#N,0.79,6.72
[Na+].[S-]C#N,CC1C2C(C)(C)C3CC3(C)C12C,1.28,4.46
[Na+].[S-]C#N,CCC1(C2(C)CC3C(C)C3C2)CC1C,1.41,3.44
[Na+].[Br-],CS(=O)(=O)C1CCCCC1,1.06,5.44
[Na+].[Br-],CCCC(=O)OSC,0.7,10.19
[Na+].[Br-],CCCCCC(C#N)(CC)C(C)=O,1.01,5.13
[Na+].[Br-],COC(=O)OC(CC(C)C)N(C)C,1.19,4.12
[Na+].[Br-],CCC(C)CC1(CC(=O)OC)CC1,1.28,3.91
[Na+].[Br-],CC(C)C1CCC2C(C1)C1C2N1C,0.52,10.39
[Na+].[Br-],CCC1(C2(C)CC3C(C)C3C2)CC1C,1.41,3.37
[Na+].[Br-],CC(C)C(=O)C(=O)C(C)(C)CC#N,0.48,11.16
[Na+].[Br-],CCCC(C(C)C)C1(C)CCCC1,0.3,17.95
[Na+].[Br-],COCC1C2C(C)C2C(C)CC1(C)C,0.34,14.67
[Na+].[Br-],COC(=O)C1(C)CCCC(=O)C1C,0.52,10.11
[Na+].[Br-],CC(=O)OC1CCC(OC(C)=O)C1,1.37,3.59
[Na+].[Br-],CCC1CC2C(OC)CC(C)C2(C)C1,0.52,9.49
[Na+].[Br-],CCCCC(C#N)CC(C)CC(C)C,1.14,4.18
[Na+].[Br-],CC1CC2CCCC(C(C)C)(C1)C2=O,0.79,6.2
[Na+].[Br-],CC1CC(CC(=O)C#N)C1,0.34,21.0
[Na+].[Br-],COC(=O)C1CC(C)(F)CC1CF,0.83,5.95
[Na+].[Br-],CCC(C)C(F)CCCCC(C)C,0.3,17.38
[Na+].[Br-],CC1C2CC(=O)C(C#N)C(C)(C)CC12,0.88,5.62
[Na+].[Br-],CCCC1CC1(C)C(=O)C#N,0.97,6.42
[Na+].[Br-],CC1CCC(C)(CC2CC2)C1(C)C,0.92,5.69
[Na+].[Br-],CCN(C)S(=O)(=O)CC(C)C,0.61,8.81
[Na+].[Br-],CCC(C)(C)CCCC(F)CF,1.23,4.22
[Na+].[Br-],CCCC12CCOC1(CC)C2,1.01,6.03
[Na+].[Br-],CCCN(CCC(C)C)C(C)C,0.61,9.22
[Na+].[Br-],CCC(CC)C(C)C1CC(C)C1C,0.83,6.28
[Na+].[Br-],C[C]1C2CC3(CCC3C2C)C1C,0.43,13.87
[Na+].[Br-],CCOC(=O)OCOCC(C)Cl,1.41,3.3
[Na+].[Br-],CCCCCC(=O)N(C=O)CCC,1.23,4.06
[Na+].[Br-],C#Cc1cc(OC)cs1,0.66,10.53
[Na+].[Br-],CCCCCC1CC1C(=O)C(=O)C#N,1.1,4.39
[Na+].[Br-],CC1CCC(F)C1,1.14,7.99
[Na+].[Br-],CCON(C)C(C)C1CCCS1,1.06,4.66
[Na+].[Br-],CCCCCCCC(C)(C)C(C)(C)C,0.34,14.52
[Na+].[Br-],C=Cc1ccc(C(C)=O)s1,1.37,4.4
[Na+].[Br-],CCC(CC)C(=O)CS(C)(=O)=O,1.46,3.25
[Na+].[Br-],CC1CCC(=O)C(C)(C)CC1C,1.5,3.6
[Na+].[Br-],CCCC1CC2C3CCC3C3C1C23,1.5,3.44
[Na+].[Br-],CCCC(C)(C#N)CCl,1.46,4.29
[Na+].[Br-],CCC1C(=O)OC(C)C(C)C1C,1.19,4.58
[Na+].[Br-],CCC(C)C1CCC(CCOC)C1,0.34,15.63
[Na+].[Br-],CCC(P)CCC(C)=O,0.88,7.36
[Na+].[Br-],CCC1CC(C(C)C)C(C)(C)C1C,0.57,9.29
[Na+].[Br-],CCCOC(=O)OC(C)N(C)CC,0.57,8.95
[Na+].[Br-],CCCCCCC(CC)CC,1.32,4.46
[Na+].[Br-],CC1C2CC3CC14CC32CC4=O,1.28,4.44
[Na+].[Br-],CCOC(=O)C(C#N)(CC)CC(C)C,0.92,5.2
[Na+].[Br-],CS(=O)(=O)CCCC1CCC1,1.19,4.42
[Na+].[Br-],CC(C)C1[CH]CCC1,0.43,20.37
[Na+].[Br-],CCC1CCCCC1C(=O)OC(C)C,0.57,8.54
[Na+].[Cl-],CCCC(C)OC(=O)OC(C)=O,0.48,11.76
[Na+].[Cl-],CCC(CC)(OC(C)=O)SC,0.52,10.71
[Na+].[Cl-],CCCCCCC(CC)C(C)(C)C,0.39,13.72
[Na+].[Cl-],CCCCC(C)(C)CCCC(C)C,0.66,8.03
[Na+].[Cl-],CC(C)C1CCC2C(C)C2(C)C1,0.97,5.99
[Na+].[Cl-],CC1CCCC2C(C1)CC(C)C2(C)C,0.66,7.62
[Na+].[Cl-],CCCC(=O)OC1CCC(CC)C1,0.7,7.57
[Na+].[Cl-],CCCC1C(C)C1C1CC1CC,0.88,6.63
[Na+].[Cl-],CCCCCCCCC(C)PC,0.97,5.29
[Na+].[Cl-],C1CC2CC1CC1CC21,0.7,11.41
[Na+].[Cl-],CC(=O)C1CCCS(=O)(=O)C1,0.57,9.76
[Na+].[Cl-],CCC(=O)CCC(=O)OC(C)=O,0.79,7.15
[Na+].[Cl-],CCCC(=O)C(C)C(=O)CC(C)=O,0.3,17.91
[Na+].[Cl-],CCS(=O)(=O)CCCC(C)(C)C,0.88,5.73
[Na+].[Cl-],CCCC1(CC)COC(=O)OC1,1.46,3.78
[Na+].[Cl-],CCC1(C)CC2C(C)C2C1C(=O)OC,0.79,6.27
[Na+].[Cl-],CCC(C)CC1(CC)CCCCC1,0.43,12.56
[Na+].[Cl-],CCCCC(CC#N)C(C)(C)F,1.14,4.92
[Na+].[Cl-],CCP(C)CCCC(C)C,0.43,14.3
[Na+].[Cl-],CCCCC(CC)C(C)CC(C)C,0.52,10.24
[Na+].[Cl-],CCC(Cl)C(=O)C(C)=O,0.48,13.79
[Na+].[Cl-],CCC(=O)C(CCC(C)C)OC,1.37,4.04
[Na+].[Cl-],COCS(=O)(=O)C(C)(C)C,1.5,3.8
[Na+].[Cl-],N#CC1=CCC=C(F)S1,0.97,7.06
[Na+].[Cl-],CCC1CC(C)C1C(C)CCOC,1.06,4.93
[Na+].[Cl-],CC1CCC2(CCC(=O)O2)C1(C)C,1.1,4.8
[Na+].[Cl-],CCCN(CCC(C)C)C(C)C,1.06,5.31
[Na+].[Cl-],CCCCC1CC(C2(C)CC2C)C1,0.97,5.53
[Na+].[Cl-],CCCC1CC1(CCC)CC(C)C,1.5,3.47
[Na+].[Cl-],CCCC(CC)C(C)C1CC1CC,1.19,4.42
[Na+].[Cl-],CCCCC(C)C(C)SOC,0.39,14.35
[Na+].[Cl-],CC(CCCC1CC1C)CC(C)(C)C,0.74,6.71
[Na+].[Cl-],CCC(CC)OC1CC(=O)CC1CC,1.5,3.19
[Na+].[Cl-],CC12CC3CC(C1)C2C3,0.79,10.08
[Na+].[Cl-],CCCC(C)C1OC(=O)C1C,0.52,12.09
[Na+].[Cl-],CC1CCC(=O)CC(=O)C12CCCC2,1.37,3.58
[Na+].[Cl-],CCC(=O)C1(C)CC(C)CCCC1C,1.06,4.63
[Na+].[Cl-],CCCC(CCC)C[PH](C)=O,0.97,5.65
[Na+].[Cl-],CC1CC(C)(C)C(=O)CC1C(C)(C)C,0.79,6.27
[Na+].[Cl-],CC1CCC1(C)C1(C(C)C)CC1(C)C,0.43,11.79
[Na+].[Cl-],CCC(CC#N)CCF,0.74,10.2
[Na+].[Cl-],CCCCC1C(CC)C1(C)Cl,0.83,6.7
[Na+].[Cl-],C1CC2CC3C4CC4C3C3CC(C1)C23,1.46,3.45
[Na+].[Cl-],CCC(CC)C(C)C1CC(C)C1C,0.66,8.12
[Na+].[Cl-],CCC(C)SC(C#N)C(CC)CC,0.48,10.28
[Na+].[Cl-],CC1(C(F)F)CCCC1=O,0.79,8.31
[Na+].[Cl-],CCCCCC(F)C(=O)CN(C)C,1.5,3.34
[Na+].[Cl-],CC(F)C(C)S(C)(C)CF,0.88,6.47
[Na+].[Cl-],CC1CCC(C)(CC2CC2)C1(C)C,0.74,7.3
[Na+].[Cl-],CCC(C)(C)CCC(=O)N1CCCO1,1.1,4.39
[Na+].[O-]S(=O)(=O)c1ccc(C)cc1,CCCC(Cl)C(C#N)CC,0.52,11.33
[Na+].[O-]S(=O)(=O)c1ccc(C)cc1,CCCCCCC(C)CC#N,0.7,8.58
[Na+].[O-]S(=O)(=O)c1ccc(C)cc1,CCC1CCC2C3CCC3OC(=O)C12,1.14,3.93
[Na+].[O-]S(=O)(=O)c1ccc(C)cc1,CCC1(F)C(C)CC(C)CC1F,0.48,11.17
[Na+].[O-]S(=O)(=O)c1ccc(C)cc1,CC(=O)CCCC1CCC(=O)C1C,0.92,5.34
[Na+].[O-]S(=O)(=O)c1ccc(C)cc1,CCC1CCC(CCCCCl)C1,0.3,17.06
[Na+].[O-]S(=O)(=O)c1ccc(C)cc1,CCC1C2C3CC4CCC(C)C4(C3)C12,0.7,6.91
[Na+].[O-]S(=O)(=O)c1ccc(C)cc1,CC1CC(C)(C)C(C)(C)CC1=O,0.57,9.75
[Na+].[O-]S(=O)(=O)c1ccc(C)cc1,CCCC1C2CCC(C)C(C)C12OC,1.14,3.89
[Na+].[O-]S(=O)(=O)c1ccc(C)cc1,CCC1C(=O)OC(C)C(C)C1C,1.41,3.49
[Na+].[O-]S(=O)(=O)c1ccc(C)cc1,CCCC(C)CC(=O)OC(C)=O,0.48,11.43
[Na+].[O-]S(=O)(=O)c1ccc(C)cc1,CC(=O)CCC1CCC(C)O1,1.28,4.27
[Na+].[O-]S(=O)(=O)c1ccc(C)cc1,CCC1CCC(C)(C)C(=O)C1,1.1,5.15
[Na+].[O-]S(=O)(=O)c1ccc(C)cc1,C[C]1C2CC3(CCC3C2C)C1C,1.5,3.38
[Na+].[O-]S(=O)(=O)c1ccc(C)cc1,CC(Cl)CC(C#N)CC(C)(C)C,1.41,3.17
[Na+].[O-]S(=O)(=O)c1ccc(C)cc1,CCS(=O)(=O)CC(C)CCCl,0.39,12.33
[Na+].[O-]S(=O)(=O)c1ccc(C)cc1,CC1(C(=O)Cl)CCCC1CCl,1.19,3.72
[Na+].[O-]S(=O)(=O)c1ccc(C)cc1,CCCC(CC)C(C)(C)CSC,1.01,4.65
[Na+].[O-]S(=O)(=O)c1ccc(C)cc1,CCC1CC(C)C2(CC)CC12C,0.43,13.3
[Na+].[O-]S(=O)(=O)c1ccc(C)cc1,CC(=O)CC(C(C)=O)C(=O)C(C)=O,0.61,8.28
[Na+].[O-]S(=O)(=O)c1ccc(C)cc1,CCSCC1CCCCCC1,1.41,3.45
[Na+].[O-]S(=O)(=O)c1ccc(C)cc1,CC(=O)C1C2CCC(CSC2)C1C,0.97,4.62
[Na+].[O-]S(=O)(=O)c1ccc(C)cc1,C1CC2CC2C(C2CC2)C1,0.7,9.65
[Na+].[O-]S(=O)(=O)c1ccc(C)cc1,CC(C)(CS(=O)(=O)F)C1CC1,0.66,7.77
[Na+].[O-]S(=O)(=O)c1ccc(C)cc1,CCCC(=O)C(C)C(=O)CC(C)=O,1.32,3.49
[Na+].[O-]S(=O)(=O)c1ccc(C)cc1,CC(=O)CC1C(C)C2CCC1(C#N)C2,0.61,7.97
[Na+].[O-]S(=O)(=O)c1ccc(C)cc1,CCC1CC2C(OC)CC(C)C2(C)C1,0.48,10.03
[Na+].[O-]S(=O)(=O)c1ccc(C)cc1,CC1COCC2(C1)C(=O)OCC2C#N,1.01,4.49
[Na+].[O-]S(=O)(=O)c1ccc(C)cc1,CCCC(=O)C1CCCC(=O)C1CC,1.5,2.81
[Na+].[O-]S(=O)(=O)c1ccc(C)cc1,CCCCC(CC#N)C(C)(C)F,0.52,10.56
[Na+].[O-]S(=O)(=O)c1ccc(C)cc1,CC1CC2CCCC(C(C)C)(C1)C2=O,0.61,7.85
[Na+].[O-]S(=O)(=O)c1ccc(C)cc1,CC1CC2CCC(C)C(C2)C1=O,0.88,6.15
[Na+].[O-]S(=O)(=O)c1ccc(C)cc1,CCC(CC)C(C)C1CC(C)C1C,0.52,9.92
[Na+].[O-]S(=O)(=O)c1ccc(C)cc1,CC1CC12CCC1CCC3C(CC1)C32,1.1,4.18
[Na+].[O-]S(=O)(=O)c1ccc(C)cc1,CCC(C(C)C)C1CCC(C)(C)C1C,0.61,7.77
[Na+].[O-]S(=O)(=O)c1ccc(C)cc1,CCCCCC(CC1CCC1)C1CC1,0.43,11.38
[Na+].[O-]S(=O)(=O)c1ccc(C)cc1,CCCCC(=O)C(C)(C)C(C)CC,0.61,8.27
[Na+].[O-]S(=O)(=O)c1ccc(C)cc1,CCCC(CC)COC(=O)OCC,1.46,3.03
[Na+].[O-]S(=O)(=O)c1ccc(C)cc1,CCC(CC)OC1CC(=O)CC1CC,1.46,2.88
[Na+].[O-]S(=O)(=O)c1ccc(C)cc1,CC(F)CC(C)(F)C#N,0.92,7.31
[Na+].[O-]S(=O)(=O)c1ccc(C)cc1,CC1CC(OC=O)CCC2(C)CC2C1,0.79,5.87
[Na+].[O-]S(=O)(=O)c1ccc(C)cc1,CC(C)CC1(C)CC(C)C12CC2,1.28,4.01
[Na+].[O-]S(=O)(=O)c1ccc(C)cc1,CCCC1(C)CC(=O)C12CCCC2C,0.52,9.31
[Na+].[O-]S(=O)(=O)c1ccc(C)cc1,CCCC(C(C)C)C(C)C(=O)OC,1.1,4.27
[Na+].[O-]S(=O)(=O)c1ccc(C)cc1,CCCC(C)(C1CCC1)C1CCC1C,1.14,3.93
[Na+].[O-]S(=O)(=O)c1ccc(C)cc1,CC1OC(=O)OC2C(=O)N(C)C1C2C,1.14,3.83
[Na+].[O-]S(=O)(=O)c1ccc(C)cc1,CCC1CCC(C)(C)C1C1CCCC1,0.57,8.44
[Na+].[O-]S(=O)(=O)c1ccc(C)cc1,CCC(=O)C(C)C(CC)SC#N,1.19,3.92
[Na+].[O-]S(=O)(=O)c1ccc(C)cc1,COC(=O)CC1CCCCCC(C)C1,1.06,4.18
[Na+].[O-]S(=O)(=O)c1ccc(C)cc1,CCCCC1CC(C2(C)CC2C)C1,1.37,3.41
