row_index,csv_line,key,salt,solvent,concentration,cation,anion,solvent_key,mw_solvent,mw_salt,n_solvent,n_salt,solv_per_ion_pair,box_build_nm,n_atoms_est,solvent_ff,clamped,stage
0,2,eld30870a64dbe,[Li+].[N-](S(=O)(=O)F)S(=O)(=O)F,CCC1(C)C2CC(C)C(C)C21,0.43,Li,FSI,Sc771399b815d,152.281,187.074,931,64,14.547,7.2446,29501,True,False,prod
1,3,elee0b1845f655,[Li+].[N-](S(=O)(=O)F)S(=O)(=O)F,C#Cc1sccc1C(C)(C)C,1.32,Li,FSI,Sb8c4ec3d9f9d,164.273,187.074,252,64,3.938,4.9848,6436,True,False,prod
2,4,el8d5297d219b4,[Li+].[N-](S(=O)(=O)F)S(=O)(=O)F,CC(F)CC(C)(F)C#N,0.52,Li,FSI,S21ee62110bf4,133.141,187.074,872,64,13.625,6.7999,16336,True,False,prod
3,5,el3d46cb9ae887,[Li+].[N-](S(=O)(=O)F)S(=O)(=O)F,CC1CCC(=O)C(C)(C)CC1C,1.28,Li,FSI,S9a3e48c7329e,168.28,187.074,255,64,3.984,5.0362,8800,True,False,prod
4,6,el8149f90a08ac,[Li+].[N-](S(=O)(=O)F)S(=O)(=O)F,CCCCCCC(=O)CC(C)CCC,0.3,Li,FSI,S013fdf74fdc1,198.35,187.074,1040,64,16.25,8.1683,42240,True,False,prod
5,7,el1383b93c6c65,[Li+].[N-](S(=O)(=O)F)S(=O)(=O)F,CCC(C)CCCC1C2CCC12C,1.28,Li,FSI,Sdad207b418e3,180.335,187.074,238,64,3.719,5.0362,9446,True,False,npt
6,8,elfa48d596fcee,[Li+].[N-](S(=O)(=O)F)S(=O)(=O)F,CC1C2C(C)(C)C3CC3(C)C12C,1.28,Li,FSI,Saa1a20217fa0,164.292,187.074,261,64,4.078,5.0362,8992,True,False,prod
7,9,eld5e5f96ed643,[Li+].[N-](S(=O)(=O)F)S(=O)(=O)F,CCC12CC(CN(C)CC1C)C1CC12,1.23,Li,FSI,S07a15c2261fc,193.334,187.074,233,64,3.641,5.1035,9261,True,False,npt
8,10,el8416c3c464f0,[Li+].[N-](S(=O)(=O)F)S(=O)(=O)F,CC1CCC(C)C12C(=O)CCCC2=O,1.1,Li,FSI,S6d81f6960de1,194.274,187.074,263,64,4.109,5.2971,9056,True,False,not_built
9,11,el2b3ed79a0cfa,[Li+].[N-](S(=O)(=O)F)S(=O)(=O)F,CCCCC(C)S(=O)(=O)Cl,0.88,Li,FSI,Sd18aae4c301d,184.688,187.074,356,64,5.562,5.7062,8828,True,False,prod
10,12,el573e9d2a77ce,[Li+].[N-](S(=O)(=O)F)S(=O)(=O)F,C1CC2CC3C4CCC1C4C23,1.14,Li,FSI,Sf2f46e8065c2,148.249,187.074,331,64,5.172,5.2344,9577,True,False,not_built
11,13,elfa1491aaefa1,[Li+].[N-](S(=O)(=O)F)S(=O)(=O)F,CCCCCC(C)(C)CCC(C)C#N,0.61,Li,FSI,S020c91bb9432,195.35,187.074,501,64,7.828,6.4476,20179,True,False,not_built
12,14,el9e1cb6fff65c,[Li+].[N-](S(=O)(=O)F)S(=O)(=O)F,CCC(C)OC(=O)CSC,1.23,Li,FSI,Sbb7fa83b9196,162.254,187.074,277,64,4.328,5.1035,7288,True,False,prod
13,15,el900418f65abd,[Li+].[N-](S(=O)(=O)F)S(=O)(=O)F,CCCCC1CC(CCC(C)C)C1,0.97,Li,FSI,S70767f10af14,182.351,187.074,323,64,5.047,5.5239,13237,True,False,not_built
14,16,el5273ca8454e7,[Li+].[N-](S(=O)(=O)F)S(=O)(=O)F,CC1CCC2C(C)CC(C)C2C1,0.83,Li,FSI,S18868d4b6d16,166.308,187.074,421,64,6.578,5.8185,14954,True,False,not_built
15,17,el2a42e2ce1e66,[Li+].[N-](S(=O)(=O)F)S(=O)(=O)F,C1C2CC3C4CC5CC4C3C1CC25,0.92,Li,FSI,Sbaa7a375e524,174.287,187.074,359,64,5.609,5.6222,11769,True,False,npt
16,18,el1674f7ace82e,[Li+].[N-](S(=O)(=O)F)S(=O)(=O)F,COCC1C2C(C)C2C(C)CC1(C)C,0.97,Li,FSI,S677f2e1835a5,196.334,187.074,300,64,4.688,5.5239,12040,True,False,not_built
17,19,elac9fe9a29fa0,[Li+].[N-](S(=O)(=O)F)S(=O)(=O)F,CCCC1C(C)C1C1CC1CC,0.34,Li,FSI,S1091aa941239,166.308,187.074,1089,64,17.016,7.8345,37666,True,False,not_built
18,20,elaa9d201fee10,[Li+].[N-](S(=O)(=O)F)S(=O)(=O)F,CC(=O)CC1CC1C1CC(C)C2CC21,0.43,Li,FSI,S5abf042b60e2,192.302,187.074,737,64,11.516,7.2446,25698,True,False,not_built
19,21,el6f540ce7b515,[Li+].[N-](S(=O)(=O)F)S(=O)(=O)F,CCC1(C)CC(=O)CCC1(C)C,0.57,Li,FSI,S105b713f5a46,168.28,187.074,625,64,9.766,6.595,20640,True,False,not_built
20,22,el992d77d505a3,[Li+].[N-](S(=O)(=O)F)S(=O)(=O)F,CCCC(=O)C(C)C(C)C(C)C(C)C,0.43,Li,FSI,S652d24891b1c,198.35,187.074,715,64,11.172,7.2446,29240,True,False,not_built
21,23,elb0a293efcda0,[Li+].[N-](S(=O)(=O)F)S(=O)(=O)F,CC(C)C(C1CC1)C(C)(C)C,0.83,Li,FSI,S30c282926cf7,154.297,187.074,454,64,7.094,5.8185,15622,True,False,not_built
22,24,el125b8cd29fc2,[Li+].[N-](S(=O)(=O)F)S(=O)(=O)F,CCCC1(C)CC(=O)C12CCCC2C,1.1,Li,FSI,Sa6089f35064a,194.318,187.074,263,64,4.109,5.2971,10108,True,False,not_built
23,25,el9f5f6fc24394,[Li+].[N-](S(=O)(=O)F)S(=O)(=O)F,CCCOCCCC(C)CCC,1.1,Li,FSI,Sc5c6aa8511cf,172.312,187.074,297,64,4.641,5.2971,11332,True,False,not_built
24,26,el60e9701ac177,[Li+].[N-](S(=O)(=O)F)S(=O)(=O)F,CCCCC(OC(C)=O)C(C)(C)F,0.88,Li,FSI,S73f7060b1e00,190.258,187.074,345,64,5.391,5.7062,11680,True,False,not_built
25,27,elacd65047abe1,[Li+].[N-](S(=O)(=O)F)S(=O)(=O)F,CCC1C2C(C)C(=O)CCCC12OC,1.32,Li,FSI,Sa35cfc491e64,196.29,187.074,211,64,3.297,4.9848,7814,True,False,not_built
26,28,el3e46104b091c,[Li+].[N-](S(=O)(=O)F)S(=O)(=O)F,CSC(Cl)(Cl)SC,0.97,Li,FSI,S8be9c34179ac,177.121,187.074,333,64,5.203,5.5239,4969,True,False,not_built
27,29,el01eee692dc89,[Li+].[N-](S(=O)(=O)F)S(=O)(=O)F,CC(CS(C)(=O)=O)C(F)CF,0.39,Li,FSI,Sdaeeb9e5227e,186.223,187.074,843,64,13.172,7.4843,20029,True,False,not_built
28,30,elccbd23c5ecc9,[Li+].[N-](S(=O)(=O)F)S(=O)(=O)F,CCC1C2CCCC(C3(C)CC3)C12,1.23,Li,FSI,Se8cc3e7b0f9a,178.319,187.074,252,64,3.938,5.1035,9460,True,False,not_built
29,31,elcc7992f042c1,[Li+].[N-](S(=O)(=O)F)S(=O)(=O)F,C1CC(C2CC3CC4(CCC24)C3)C1,1.01,Li,FSI,S4c1fa032d683,176.303,187.074,319,64,4.984,5.45,11167,True,False,not_built
30,32,eld1ad93e8d176,[Li+].[N-](S(=O)(=O)F)S(=O)(=O)F,CC1CCC2(CCC(=O)O2)C1(C)C,1.06,Li,FSI,Sd88a8f4d1933,182.263,187.074,293,64,4.578,5.3629,9723,True,False,not_built
31,33,el94e171df2466,[Li+].[N-](S(=O)(=O)F)S(=O)(=O)F,CCC(C)CC1(CC(=O)OC)CC1,0.97,Li,FSI,Sd7375efb798f,184.279,187.074,320,64,5.0,5.5239,11200,True,False,not_built
32,34,el5c7be7f7ba2c,[Li+].[N-](S(=O)(=O)F)S(=O)(=O)F,CCCCCC(C)C(C)C(C)CCC,0.97,Li,FSI,S7fa323ae328e,198.394,187.074,297,64,4.641,5.5239,13708,True,False,not_built
33,35,el11b92624c1be,[Li+].[N-](S(=O)(=O)F)S(=O)(=O)F,CCC1C(C2C3CCCC32)C1(C)C,0.39,Li,FSI,S29d9d1d89fb7,178.319,187.074,881,64,13.766,7.4843,31475,True,False,not_built
34,36,elca1ac6f6cf65,[Li+].[N-](S(=O)(=O)F)S(=O)(=O)F,CCCC1(CC)OOOC1C,0.97,Li,FSI,S3edb542cccd8,160.213,187.074,368,64,5.75,5.5239,10576,True,False,not_built
35,37,elaf762eb115be,[Li+].[N-](S(=O)(=O)F)S(=O)(=O)F,CCC1CCC(C)(C)C1C1CCCC1,1.28,Li,FSI,Sd737f5b5eb3e,194.362,187.074,221,64,3.453,5.0362,9480,True,False,not_built
36,38,el5dd002cc8bd9,[Li+].[N-](S(=O)(=O)F)S(=O)(=O)F,CCCCC(C)C(=O)C1CO1,0.66,Li,FSI,Sfcbb517ad521,156.225,187.074,576,64,9.0,6.2804,16192,True,False,not_built
37,39,el9a499ecb04f5,[Li+].[N-](S(=O)(=O)F)S(=O)(=O)F,CCC(C)C1C(C(C)C)CC12CC2C,1.01,Li,FSI,Sf5f024885970,194.362,187.074,290,64,4.531,5.45,12240,True,False,not_built
38,40,el280ef97d420c,[Li+].[N-](S(=O)(=O)F)S(=O)(=O)F,CC12CC3C4CCC35CC(C1CO5)C42,0.3,Li,FSI,S69efe6872bba,190.286,187.074,1084,64,16.938,8.1683,35328,True,False,not_built
39,41,elaee7bd559ea8,[Li+].[N-](S(=O)(=O)F)S(=O)(=O)F,CC(=O)CC(C(C)=O)C(=O)C(C)=O,0.7,Li,FSI,S4614047ca666,184.191,187.074,458,64,7.156,6.1585,12090,True,False,not_built
40,42,el6f4960efc1bb,[Li+].[N-](S(=O)(=O)F)S(=O)(=O)F,CCCC(F)(F)CCCC#N,0.83,Li,FSI,S4625203302a0,161.195,187.074,435,64,6.797,5.8185,11080,True,False,not_built
41,43,el198ae8e4635a,[Li+].[N-](S(=O)(=O)F)S(=O)(=O)F,CCCC(CCC)C(C)CC#N,1.5,Li,FSI,Sd23a8f2456b8,167.296,187.074,213,64,3.328,4.7768,7669,True,False,not_built
42,44,el5c2d664f8445,[Li+].[N-](S(=O)(=O)F)S(=O)(=O)F,CCCC(=O)CC(CC#N)C(C)(C)C,0.57,Li,FSI,S948c8fb83d94,195.306,187.074,539,64,8.422,6.595,19505,True,False,not_built
43,45,el23dbdf1a2c27,[Li+].[N-](S(=O)(=O)F)S(=O)(=O)F,C1CC2CC2CC2CCC3(C1)CC3C2,0.61,Li,FSI,S4e82a84f8f17,190.33,187.074,514,64,8.031,6.4476,19144,True,False,not_built
44,46,elb5a4da289be7,[Li+].[N-](S(=O)(=O)F)S(=O)(=O)F,COC(=O)OCC(=O)C(=O)C(C)C,0.79,Li,FSI,S8f1340067aec,188.179,187.074,393,64,6.141,5.9151,10465,True,False,not_built
45,47,el8fbf6b773c2e,[Li+].[N-](S(=O)(=O)F)S(=O)(=O)F,CCC(C)CC(C(C)C#N)C(C)(C)C,1.5,Li,FSI,S55ec99761935,195.35,187.074,182,64,2.844,4.7768,7738,True,False,not_built
46,48,el60c4d071b389,[Li+].[N-](S(=O)(=O)F)S(=O)(=O)F,CCCCCCCCC(C)PC,1.32,Li,FSI,S07fbd8140c70,188.295,187.074,220,64,3.438,4.9848,8780,True,False,not_built
47,49,el5c6edf63e199,[Li+].[N-](S(=O)(=O)F)S(=O)(=O)F,CC12CCCC1(C)C(C(=O)C#N)CC2,0.3,Li,FSI,Sd9dc0fe3209c,191.274,187.074,1079,64,16.859,8.1683,34089,True,False,not_built
48,50,el41c63b1bd22f,[Li+].[N-](S(=O)(=O)F)S(=O)(=O)F,COCC(CC(C)C)C12CCCC1C2,0.57,Li,FSI,Sd36c3e562983,196.334,187.074,536,64,8.375,6.595,21008,True,False,not_built
49,51,el0635af156dca,[Li+].[N-](S(=O)(=O)F)S(=O)(=O)F,CCC(CCC(C)C(C)C)OC,1.32,Li,FSI,S2d7695c3830d,172.312,187.074,241,64,3.766,4.9848,9316,True,False,not_built
50,52,elcc34753000c7,[Li+].[N-](S(=O)(=O)C(F)(F)F)S(=O)(=O)C(F)(F)F,CC(=O)C1CC2(C(C)=O)CC2C1C,1.28,Li,TFSI,Se447765789e9,180.247,287.088,217,64,3.391,5.0362,7317,True,False,not_built
51,53,el969a111665d4,[Li+].[N-](S(=O)(=O)C(F)(F)F)S(=O)(=O)C(F)(F)F,CCCCC(=O)OCCC(C)C,0.34,Li,TFSI,S19e8ece671ac,172.268,287.088,1030,64,16.094,7.8345,33984,True,False,not_built
52,54,el19e17b13d4f5,[Li+].[N-](S(=O)(=O)C(F)(F)F)S(=O)(=O)C(F)(F)F,CCC1C2C3CC4CCC(C)C4(C3)C12,0.52,Li,TFSI,S9e42897c7122,190.33,287.088,590,64,9.219,6.7999,22264,True,False,not_built
53,55,el0864609bc039,[Li+].[N-](S(=O)(=O)C(F)(F)F)S(=O)(=O)C(F)(F)F,CC12CC3CC(C1)C2C3,0.88,Li,TFSI,S564bf053352a,122.211,287.088,507,64,7.922,5.7062,12685,True,False,not_built
54,56,el60ada1aacb8a,[Li+].[N-](S(=O)(=O)C(F)(F)F)S(=O)(=O)C(F)(F)F,CC(=O)CCCC1CCC(=O)C1C,0.52,Li,TFSI,Sd71247ea9c37,182.263,287.088,616,64,9.625,6.7999,20120,True,False,not_built
55,57,eleb2fe93a0c9d,[Li+].[N-](S(=O)(=O)C(F)(F)F)S(=O)(=O)C(F)(F)F,CSC(C#N)CC(C)(C)C,0.7,Li,TFSI,Sf42ae195b4ec,157.282,287.088,513,64,8.016,6.1585,13849,True,False,not_built
56,58,elefc99e970456,[Li+].[N-](S(=O)(=O)C(F)(F)F)S(=O)(=O)C(F)(F)F,CCCC(=O)OSC,1.1,Li,TFSI,Se3f549a5d23b,134.2,287.088,353,64,5.516,5.2971,7378,True,False,not_built
57,59,elfa5d41aab981,[Li+].[N-](S(=O)(=O)C(F)(F)F)S(=O)(=O)C(F)(F)F,CCC1C(=O)OC(C)C(C)C1C,0.48,Li,TFSI,S33c8ea617033,170.252,287.088,720,64,11.25,6.9838,22624,True,False,not_built
58,60,el24bc5d09f46b,[Li+].[N-](S(=O)(=O)C(F)(F)F)S(=O)(=O)C(F)(F)F,CC(C)C1CC2CC(C#N)(C2)C(C)C1,1.1,Li,TFSI,Sc5da8e3272f7,191.318,287.088,248,64,3.875,5.2971,9704,True,False,not_built
59,61,elcddf711edae0,[Li+].[N-](S(=O)(=O)C(F)(F)F)S(=O)(=O)C(F)(F)F,CCC1C(C)CC1C(C)C,0.39,Li,TFSI,Sd81005bda8b7,140.27,287.088,1093,64,17.078,7.4843,33814,True,False,not_built
60,62,el1484204038a1,[Li+].[N-](S(=O)(=O)C(F)(F)F)S(=O)(=O)C(F)(F)F,CCC1CCC(CC)C1,0.48,Li,TFSI,Sbb6378958c06,126.243,287.088,971,64,15.172,6.9838,27241,True,False,not_built
61,63,el6ce1c00d0594,[Li+].[N-](S(=O)(=O)C(F)(F)F)S(=O)(=O)C(F)(F)F,CC(C#N)C1CCC(C)C1(C)C,1.01,Li,TFSI,S148e2fa0c07c,165.28,287.088,318,64,4.969,5.45,10882,True,False,not_built
62,64,el1925abb45abc,[Li+].[N-](S(=O)(=O)C(F)(F)F)S(=O)(=O)C(F)(F)F,CCCCC(C)C(=O)C(C)(C#N)CC,1.28,Li,TFSI,Sa4b7429fc237,195.306,287.088,201,64,3.141,5.0362,8059,True,False,not_built
63,65,ela8737ac72215,[Li+].[N-](S(=O)(=O)C(F)(F)F)S(=O)(=O)C(F)(F)F,COC(=O)C(C)CS(C)(=O)=O,0.48,Li,TFSI,S0daec2fd1c9a,180.225,287.088,680,64,10.625,6.9838,16664,True,False,not_built
64,66,el9d1499380049,[Li+].[N-](S(=O)(=O)C(F)(F)F)S(=O)(=O)C(F)(F)F,COCC(CC(C)C)C12CCCC1C2,0.66,Li,TFSI,Sd36c3e562983,196.334,287.088,439,64,6.859,6.2804,17706,True,False,not_built
65,67,elf86190ea2878,[Li+].[N-](S(=O)(=O)C(F)(F)F)S(=O)(=O)C(F)(F)F,COC(=O)CC1(CC(C)C)CCC1,1.41,Li,TFSI,S1dd77507259b,184.279,287.088,188,64,2.938,4.8764,7228,True,False,not_built
66,68,eldea8394a6d7b,[Li+].[N-](S(=O)(=O)C(F)(F)F)S(=O)(=O)C(F)(F)F,CC(Cl)CCC(C)C(F)(F)F,1.5,Li,TFSI,S9d4e73696978,188.62,287.088,169,64,2.641,4.7768,4911,True,False,built
67,69,ele2481c8a9925,[Li+].[N-](S(=O)(=O)C(F)(F)F)S(=O)(=O)C(F)(F)F,CCC(C#N)C(C)CCC(C)C,1.01,Li,TFSI,S20c79f89aeba,167.296,287.088,314,64,4.906,5.45,11386,True,False,not_built
68,70,el35861618eb88,[Li+].[N-](S(=O)(=O)C(F)(F)F)S(=O)(=O)C(F)(F)F,CCC1CCCCC1C(=O)OC(C)C,0.83,Li,TFSI,S0856fd16b158,198.306,287.088,334,64,5.219,5.8185,13048,True,False,not_built
69,71,el59d527e3b5dc,[Li+].[N-](S(=O)(=O)C(F)(F)F)S(=O)(=O)C(F)(F)F,CC(Cl)CC(C#N)CC(C)(C)C,0.7,Li,TFSI,S04f9354a0ce7,187.714,287.088,429,64,6.703,6.1585,13894,True,False,not_built
70,72,el71a1d81c6001,[Li+].[N-](S(=O)(=O)C(F)(F)F)S(=O)(=O)C(F)(F)F,CC12CCC3CCC(C1)C2COC3,1.06,Li,TFSI,S8f5ff86e310c,180.291,287.088,275,64,4.297,5.3629,10099,True,False,not_built
71,73,eld911d1dfb07b,[Li+].[N-](S(=O)(=O)C(F)(F)F)S(=O)(=O)C(F)(F)F,CCC1(C)CC1CCC(C)C(C)C#N,1.01,Li,TFSI,S51e845198b25,193.334,287.088,272,64,4.25,5.45,11088,True,False,not_built
72,74,eld25ce9966329,[Li+].[N-](S(=O)(=O)C(F)(F)F)S(=O)(=O)C(F)(F)F,CC(C)CC1(C)CC(C)C12CC2,0.66,Li,TFSI,S7f630a259675,166.308,287.088,518,64,8.094,6.2804,18636,True,False,not_built
73,75,el051d4515c983,[Li+].[N-](S(=O)(=O)C(F)(F)F)S(=O)(=O)C(F)(F)F,CCC1CC2C(OC)CC(C)C2(C)C1,0.3,Li,TFSI,Sed183be5a1b2,196.334,287.088,1032,64,16.125,8.1683,40240,True,False,not_built
74,76,el64521724fbab,[Li+].[N-](S(=O)(=O)C(F)(F)F)S(=O)(=O)C(F)(F)F,CCC1CC(C)(CC)C(=O)CC1(C)C,0.48,Li,TFSI,S3a7beacdebdd,196.334,287.088,624,64,9.75,6.9838,24736,True,False,not_built
75,77,el2bbc713deec4,[Li+].[N-](S(=O)(=O)C(F)(F)F)S(=O)(=O)C(F)(F)F,COC(=O)OC(CC(C)C)N(C)C,1.46,Li,TFSI,S3aadd3bf5860,189.255,287.088,175,64,2.734,4.8201,6624,True,False,not_built
76,78,el3519d5fd1a16,[Li+].[N-](S(=O)(=O)C(F)(F)F)S(=O)(=O)C(F)(F)F,CC(F)C(C)S(C)(C)CF,0.79,Li,TFSI,S66717cc722a6,170.268,287.088,412,64,6.438,5.9151,11736,True,False,not_built
77,79,elf578fdb76c09,[Li+].[N-](S(=O)(=O)C(F)(F)F)S(=O)(=O)C(F)(F)F,CC(CC1CC1)CC12CC1C2,0.88,Li,TFSI,Sc95df2261b87,150.265,287.088,412,64,6.438,5.7062,12972,True,False,not_built
78,80,el9b6338889c76,[Li+].[N-](S(=O)(=O)C(F)(F)F)S(=O)(=O)C(F)(F)F,CC1CC2CCCC3(CCCC3=O)C12,0.88,Li,TFSI,S8b1bf3f51566,192.302,287.088,322,64,5.031,5.7062,11972,True,False,not_built
79,81,elca6bb0f89013,[Li+].[N-](S(=O)(=O)C(F)(F)F)S(=O)(=O)C(F)(F)F,CCCC1(C)CC(=O)C12CCCC2C,1.23,Li,TFSI,Sa6089f35064a,194.318,287.088,212,64,3.312,5.1035,8656,True,False,not_built
80,82,el9012550d9414,[Li+].[N-](S(=O)(=O)C(F)(F)F)S(=O)(=O)C(F)(F)F,CCC(CC)(CCl)C1CC1,0.34,Li,TFSI,S5807104c1f38,160.688,287.088,1104,64,17.25,7.8345,30832,True,False,not_built
81,83,el1766e4499dc8,[Li+].[N-](S(=O)(=O)C(F)(F)F)S(=O)(=O)C(F)(F)F,CC1COCC2(C1)C(=O)OCC2C#N,0.39,Li,TFSI,S1c44bbe44955,195.218,287.088,785,64,12.266,7.4843,22219,True,False,not_built
82,84,el24507c33840a,[Li+].[N-](S(=O)(=O)C(F)(F)F)S(=O)(=O)C(F)(F)F,CC(=O)OC1CCC(OC(C)=O)C1,0.61,Li,TFSI,S8d0f73ca7c00,186.207,287.088,505,64,7.891,6.4476,14659,True,False,not_built
83,85,el8ce4de298da0,[Li+].[N-](S(=O)(=O)C(F)(F)F)S(=O)(=O)C(F)(F)F,CCC(C#N)CC1CCCCC1,0.88,Li,TFSI,Sd5a9ab0ab734,165.28,287.088,375,64,5.859,5.7062,12649,True,False,not_built
84,86,el0433e448c756,[Li+].[N-](S(=O)(=O)C(F)(F)F)S(=O)(=O)C(F)(F)F,CCCCC(CC)CC(=O)C1CC1,1.1,Li,TFSI,S0093f7b1166e,182.307,287.088,260,64,4.062,5.2971,10124,True,False,not_built
85,87,el8a71f74580eb,[Li+].[N-](S(=O)(=O)C(F)(F)F)S(=O)(=O)C(F)(F)F,CCCOC(=O)OCOC,0.88,Li,TFSI,S8dd2bb084caf,148.158,287.088,418,64,6.531,5.7062,10220,True,False,not_built
86,88,el3a1bf0e6460e,[Li+].[N-](S(=O)(=O)C(F)(F)F)S(=O)(=O)C(F)(F)F,CCC1CC(C)C2(CC)CC12C,0.83,Li,TFSI,Sa0ac44749359,166.308,287.088,399,64,6.234,5.8185,14590,True,False,not_built
87,89,el2731db6f7f59,[Li+].[N-](S(=O)(=O)C(F)(F)F)S(=O)(=O)C(F)(F)F,CCC1(C)CC2C(C)C2C1C(=O)OC,1.46,Li,TFSI,Sf7a80b70e1cf,196.29,287.088,168,64,2.625,4.8201,6736,True,False,not_built
88,90,elaba2e41f1c58,[Li+].[N-](S(=O)(=O)C(F)(F)F)S(=O)(=O)C(F)(F)F,COC(=O)OC1CCCC(C)C1,0.48,Li,TFSI,Sc20bd1037f85,172.224,287.088,711,64,11.109,6.9838,20932,True,False,not_built
89,91,eld8ff0a5e04a1,[Li+].[N-](S(=O)(=O)C(F)(F)F)S(=O)(=O)C(F)(F)F,CC(CCCC(C)C(C)C)SC#N,1.01,Li,TFSI,Sd73f2639bcc7,199.363,287.088,264,64,4.125,5.45,10000,True,False,not_built
90,92,el0f0f7b2a2ea7,[Li+].[N-](S(=O)(=O)C(F)(F)F)S(=O)(=O)C(F)(F)F,CC1CC1C(CC1CC1)C1CCC1,0.97,Li,TFSI,S8ca2fdcb8762,178.319,287.088,309,64,4.828,5.5239,11839,True,False,not_built
91,93,el71f7d0ad980f,[Li+].[N-](S(=O)(=O)C(F)(F)F)S(=O)(=O)C(F)(F)F,CC1CCCC2CC1COC(C)(C)C2,0.88,Li,TFSI,Sc542501a432b,196.334,287.088,315,64,4.922,5.7062,12994,True,False,not_built
92,94,elc311de3075cb,[Li+].[N-](S(=O)(=O)C(F)(F)F)S(=O)(=O)C(F)(F)F,CCCCCC1(C2CC2)CC1,1.28,Li,TFSI,S88c0256d29e4,152.281,287.088,257,64,4.016,5.0362,8991,True,False,not_built
93,95,el6c81522aaf7f,[Li+].[N-](S(=O)(=O)C(F)(F)F)S(=O)(=O)C(F)(F)F,CCCCC1CCCC(CC)C(C)C1,0.61,Li,TFSI,Sad1eacf0b333,196.378,287.088,479,64,7.484,6.4476,21142,True,False,not_built
94,96,elaa1f533ff1fd,[Li+].[N-](S(=O)(=O)C(F)(F)F)S(=O)(=O)C(F)(F)F,CC(=O)OCP,1.46,Li,TFSI,Sf9576e27998a,106.061,287.088,311,64,4.859,4.8201,5067,True,False,not_built
95,97,ele6c6d962e977,[Li+].[N-](S(=O)(=O)C(F)(F)F)S(=O)(=O)C(F)(F)F,CCC(CC)C(=O)CS(C)(=O)=O,0.7,Li,TFSI,Sd3ae60486a18,192.28,287.088,419,64,6.547,6.1585,12756,True,False,not_built
96,98,el1be06b817ce6,[Li+].[N-](S(=O)(=O)C(F)(F)F)S(=O)(=O)C(F)(F)F,C1CC2CC3C4CC4C3C3CC(C1)C23,0.97,Li,TFSI,S2a6894737951,188.314,287.088,293,64,4.578,5.5239,10986,True,False,not_built
97,99,eleb799dff2c04,[Li+].[N-](S(=O)(=O)C(F)(F)F)S(=O)(=O)C(F)(F)F,CC1CC2CC(C2)CC1C,0.92,Li,TFSI,Sf10c4bc2c87a,138.254,287.088,425,64,6.641,5.6222,12924,True,False,not_built
98,100,el042e504280e4,[Li+].[N-](S(=O)(=O)C(F)(F)F)S(=O)(=O)C(F)(F)F,CC1CCC(=O)C1C(C)C(C)(C)C,1.32,Li,TFSI,Sd29032727b47,182.307,287.088,207,64,3.234,4.9848,8269,True,False,not_built
99,101,el9b37046a529b,[Li+].[N-](S(=O)(=O)C(F)(F)F)S(=O)(=O)C(F)(F)F,C1C2C1C1C2CC2CC21C1CC1,0.83,Li,TFSI,Sdca819aa9a12,160.26,287.088,414,64,6.469,5.8185,12616,True,False,not_built
100,102,el4c4d0335bcb9,[Li+].[N-](S(=O)(=O)C(F)(F)C(F)(F)F)S(=O)(=O)C(F)(F)C(F)(F)F,CCOC(C)=O,0.52,Li,Beti,S9c82a341e1dc,88.106,387.102,1232,64,19.25,6.7999,18656,True,False,not_built
101,103,eleaff53353cdc,[Li+].[N-](S(=O)(=O)C(F)(F)C(F)(F)F)S(=O)(=O)C(F)(F)C(F)(F)F,COC(=O)CC1(CC(C)C)CCC1,0.61,Li,Beti,S1dd77507259b,184.279,387.102,490,64,7.656,6.4476,17578,True,False,not_built
102,104,el2fb8ae16ce46,[Li+].[N-](S(=O)(=O)C(F)(F)C(F)(F)F)S(=O)(=O)C(F)(F)C(F)(F)F,CCCCCCCCC(C)CCF,0.66,Li,Beti,S86006ad61426,188.33,387.102,438,64,6.844,6.2804,18052,True,False,not_built
103,105,el35637e6c874d,[Li+].[N-](S(=O)(=O)C(F)(F)C(F)(F)F)S(=O)(=O)C(F)(F)C(F)(F)F,CCC1(C)CC2C(C)C2C1C(=O)OC,1.5,Li,Beti,Sf7a80b70e1cf,196.29,387.102,143,64,2.234,4.7768,6270,True,False,not_built
104,106,elc4932ce2aba2,[Li+].[N-](S(=O)(=O)C(F)(F)C(F)(F)F)S(=O)(=O)C(F)(F)C(F)(F)F,CC(CC1CC1)CC12CC1C2,1.23,Li,Beti,Sc95df2261b87,150.265,387.102,249,64,3.891,5.1035,8629,True,False,not_built
105,107,el9f082046f46b,[Li+].[N-](S(=O)(=O)C(F)(F)C(F)(F)F)S(=O)(=O)C(F)(F)C(F)(F)F,CC(C)CCC1(C)N(C(C)C)C1(C)C,0.66,Li,Beti,Sc12b495e079e,197.366,387.102,417,64,6.516,6.2804,18505,True,False,not_built
106,108,elcc257de7f300,[Li+].[N-](S(=O)(=O)C(F)(F)C(F)(F)F)S(=O)(=O)C(F)(F)C(F)(F)F,CC(=O)OC1CCC(OC(C)=O)C1,1.5,Li,Beti,S8d0f73ca7c00,186.207,387.102,151,64,2.359,4.7768,5485,True,False,not_built
107,109,el242bbaafb164,[Li+].[N-](S(=O)(=O)C(F)(F)C(F)(F)F)S(=O)(=O)C(F)(F)C(F)(F)F,COC(=O)OCCOC(C)F,0.88,Li,Beti,S4d2f15c975f3,166.148,387.102,350,64,5.469,5.7062,9108,True,False,not_built
108,110,el914555c31875,[Li+].[N-](S(=O)(=O)C(F)(F)C(F)(F)F)S(=O)(=O)C(F)(F)C(F)(F)F,COP(C)(=O)CC(=O)CC(C)C,0.92,Li,Beti,S8608d8fc97d1,192.195,387.102,286,64,4.469,5.6222,9702,True,False,not_built
109,111,elcbb1dd9c2b45,[Li+].[N-](S(=O)(=O)C(F)(F)C(F)(F)F)S(=O)(=O)C(F)(F)C(F)(F)F,CCC(CCC(C)C(C)C)OC,0.83,Li,Beti,S2d7695c3830d,172.312,387.102,363,64,5.672,5.8185,14476,True,False,not_built
110,112,el1eeee1dbf106,[Li+].[N-](S(=O)(=O)C(F)(F)C(F)(F)F)S(=O)(=O)C(F)(F)C(F)(F)F,CCS(=O)(=O)CC(C)CCCl,0.48,Li,Beti,S15e4a5daa0b8,198.715,387.102,598,64,9.344,6.9838,16956,True,False,not_built
111,113,el01200c08902f,[Li+].[N-](S(=O)(=O)C(F)(F)C(F)(F)F)S(=O)(=O)C(F)(F)C(F)(F)F,CCC1CCCCC1C(=O)OC(C)C,1.46,Li,Beti,S0856fd16b158,198.306,387.102,148,64,2.312,4.8201,6736,True,False,not_built
112,114,el905482423db7,[Li+].[N-](S(=O)(=O)C(F)(F)C(F)(F)F)S(=O)(=O)C(F)(F)C(F)(F)F,C1CCCC23CCCC2C(CC1)C3,0.3,Li,Beti,S4006f3aa3b16,178.319,387.102,1115,64,17.422,8.1683,40433,True,False,not_built
113,115,el824d5ac28387,[Li+].[N-](S(=O)(=O)C(F)(F)C(F)(F)F)S(=O)(=O)C(F)(F)C(F)(F)F,CCOC(=O)OCCCS(C)=O,0.48,Li,Beti,S67d9707a7b0d,194.252,387.102,611,64,9.547,6.9838,17294,True,False,not_built
114,116,elb97a8631bdf5,[Li+].[N-](S(=O)(=O)C(F)(F)C(F)(F)F)S(=O)(=O)C(F)(F)C(F)(F)F,CC(=O)CCCC1CCC(=O)C1C,0.57,Li,Beti,Sd71247ea9c37,182.263,387.102,536,64,8.375,6.595,18024,True,False,not_built
115,117,eld7a093ea4d61,[Li+].[N-](S(=O)(=O)C(F)(F)C(F)(F)F)S(=O)(=O)C(F)(F)C(F)(F)F,CCCC(CC)(CC)CCl,0.61,Li,Beti,Sad1dcf189f93,162.704,387.102,555,64,8.672,6.4476,17503,True,False,not_built
116,118,el2316c4ccd21d,[Li+].[N-](S(=O)(=O)C(F)(F)C(F)(F)F)S(=O)(=O)C(F)(F)C(F)(F)F,CSCCCC(C)SC,0.43,Li,Beti,S6c940f6d3035,164.339,387.102,817,64,12.766,7.2446,21833,True,False,not_built
117,119,elc60872708bab,[Li+].[N-](S(=O)(=O)C(F)(F)C(F)(F)F)S(=O)(=O)C(F)(F)C(F)(F)F,CCC(CC(C)=O)C(=O)CC(F)F,0.3,Li,Beti,Sf4b76415d7ab,192.205,387.102,1034,64,16.156,8.1683,29326,True,False,not_built
118,120,eld8a27ccadcc3,[Li+].[N-](S(=O)(=O)C(F)(F)C(F)(F)F)S(=O)(=O)C(F)(F)C(F)(F)F,COC1CCCC(C2CCC3CC32)C1,1.1,Li,Beti,Sd269ffaefcd5,194.318,387.102,224,64,3.5,5.2971,9472,True,False,not_built
119,121,el8785098b4e8e,[Li+].[N-](S(=O)(=O)C(F)(F)C(F)(F)F)S(=O)(=O)C(F)(F)C(F)(F)F,CC1CC2CC3(C)CC(C1)(C2)C3,1.5,Li,Beti,Sf456fa0e2a2a,164.292,387.102,171,64,2.672,4.7768,6880,True,False,not_built
120,122,elcc3c129c7816,[Li+].[N-](S(=O)(=O)C(F)(F)C(F)(F)F)S(=O)(=O)C(F)(F)C(F)(F)F,CC1CCC(=O)C1C(C)C(C)(C)C,0.43,Li,Beti,Sd29032727b47,182.307,387.102,736,64,11.5,7.2446,27168,True,False,not_built
121,123,eldb9d1a0733ed,[Li+].[N-](S(=O)(=O)C(F)(F)C(F)(F)F)S(=O)(=O)C(F)(F)C(F)(F)F,CC1CCC(C)(C)CC1,0.66,Li,Beti,S2c116962cb75,126.243,387.102,653,64,10.203,6.2804,19039,True,False,not_built
122,124,el9259de46a79c,[Li+].[N-](S(=O)(=O)C(F)(F)C(F)(F)F)S(=O)(=O)C(F)(F)C(F)(F)F,CCCC1(CC)OOOC1C,0.92,Li,Beti,S3edb542cccd8,160.213,387.102,343,64,5.359,5.6222,10669,True,False,not_built
123,125,elafb2360aad85,[Li+].[N-](S(=O)(=O)C(F)(F)C(F)(F)F)S(=O)(=O)C(F)(F)C(F)(F)F,CCC(C)C(=O)C1(C#N)CC1,1.41,Li,Beti,Sfe0a2224b0d6,151.209,387.102,204,64,3.188,4.8764,6304,True,False,not_built
124,126,elf93ba65ae928,[Li+].[N-](S(=O)(=O)C(F)(F)C(F)(F)F)S(=O)(=O)C(F)(F)C(F)(F)F,CCC1C(OC(C)=O)OC(=O)C1C#N,1.14,Li,Beti,S66c63f162273,197.19,387.102,211,64,3.297,5.2344,6683,True,False,not_built
125,127,elcc4462f0a166,[Li+].[N-](S(=O)(=O)C(F)(F)C(F)(F)F)S(=O)(=O)C(F)(F)C(F)(F)F,CCS(=O)(=O)C1CCC1,1.23,Li,Beti,S8c52916a9cc4,148.227,387.102,253,64,3.953,5.1035,6721,True,False,not_built
126,128,el8e7d7f92b1c4,[Li+].[N-](S(=O)(=O)C(F)(F)C(F)(F)F)S(=O)(=O)C(F)(F)C(F)(F)F,CC1CCC1(C)C1(C(C)C)CC1(C)C,1.01,Li,Beti,Se506208a4232,194.362,387.102,251,64,3.922,5.45,11448,True,False,not_built
127,129,el361fd22a15a1,[Li+].[N-](S(=O)(=O)C(F)(F)C(F)(F)F)S(=O)(=O)C(F)(F)C(F)(F)F,CC1CC(C2C(C)C(C)CC2(C)C)C1,0.79,Li,Beti,S8f3fb4a9257f,194.362,387.102,342,64,5.344,5.9151,15088,True,False,not_built
128,130,el89ea4df76658,[Li+].[N-](S(=O)(=O)C(F)(F)C(F)(F)F)S(=O)(=O)C(F)(F)C(F)(F)F,CCC(C)CC1(CC)CCCCC1,0.52,Li,Beti,S7d05cbdbe553,182.351,387.102,595,64,9.297,6.7999,24613,True,False,not_built
129,131,el0038922235c1,[Li+].[N-](S(=O)(=O)C(F)(F)C(F)(F)F)S(=O)(=O)C(F)(F)C(F)(F)F,CCC1C(COC)C2C3CC3CC12C,1.37,Li,Beti,S71694db42c96,194.318,387.102,165,64,2.578,4.9234,7348,True,False,not_built
130,132,elc6e95e9936cf,[Li+].[N-](S(=O)(=O)C(F)(F)C(F)(F)F)S(=O)(=O)C(F)(F)C(F)(F)F,COC(=O)OCCCSSC,1.28,Li,Beti,S2fe9daef37e6,196.293,387.102,180,64,2.812,5.0362,5548,True,False,not_built
131,133,el1cb91dcdcbb4,[Li+].[N-](S(=O)(=O)C(F)(F)C(F)(F)F)S(=O)(=O)C(F)(F)C(F)(F)F,CCCC(C)C(F)CCC(C)C,0.3,Li,Beti,S16c5a20ab57f,174.303,387.102,1140,64,17.812,8.1683,41308,True,False,not_built
132,134,elb80e4713df12,[Li+].[N-](S(=O)(=O)C(F)(F)C(F)(F)F)S(=O)(=O)C(F)(F)C(F)(F)F,CCCOCCC1CC(C)CCC1C,1.19,Li,Beti,S91316768d2cc,198.35,387.102,198,64,3.094,5.1601,9328,True,False,not_built
133,135,ele82c679e77a9,[Li+].[N-](S(=O)(=O)C(F)(F)C(F)(F)F)S(=O)(=O)C(F)(F)C(F)(F)F,CC1CCC12CC2C(=O)OC1(C)CC1,0.39,Li,Beti,S1f168c1db747,194.274,387.102,770,64,12.031,7.4843,26048,True,False,not_built
134,136,el034eb399f701,[Li+].[N-](S(=O)(=O)C(F)(F)C(F)(F)F)S(=O)(=O)C(F)(F)C(F)(F)F,CCCC(CCC)CC(C)CC#N,1.19,Li,Beti,S0a00113883f1,181.323,387.102,216,64,3.375,5.1601,9184,True,False,not_built
135,137,el086c6654a5e8,[Li+].[N-](S(=O)(=O)C(F)(F)C(F)(F)F)S(=O)(=O)C(F)(F)C(F)(F)F,CCCC(OC)C1OC(=O)OC1=O,1.32,Li,Beti,S89917b3a9009,188.179,387.102,180,64,2.812,4.9848,5908,True,False,not_built
136,138,el84922e3caf18,[Li+].[N-](S(=O)(=O)C(F)(F)C(F)(F)F)S(=O)(=O)C(F)(F)C(F)(F)F,CCCC12CCOC1(CC)C2,0.43,Li,Beti,S7f239775ead5,154.253,387.102,870,64,13.594,7.2446,26638,True,False,not_built
137,139,el1dae0fc0a07e,[Li+].[N-](S(=O)(=O)C(F)(F)C(F)(F)F)S(=O)(=O)C(F)(F)C(F)(F)F,CCC(C(C)C)C1CCC(C)(C)C1C,0.83,Li,Beti,Sfcb43392bce6,196.378,387.102,318,64,4.969,5.8185,14764,True,False,not_built
138,140,el2a3c03f67976,[Li+].[N-](S(=O)(=O)C(F)(F)C(F)(F)F)S(=O)(=O)C(F)(F)C(F)(F)F,CCS(=O)(=O)CCCC(C)(C)F,0.43,Li,Beti,Sdf29eb5de996,196.287,387.102,684,64,10.688,7.2446,21244,True,False,not_built
139,141,ela9c86ee21e33,[Li+].[N-](S(=O)(=O)C(F)(F)C(F)(F)F)S(=O)(=O)C(F)(F)C(F)(F)F,CCCC1(C)CC(CC)C(=O)C1C,0.97,Li,Beti,S3e91070b9bf6,182.307,387.102,282,64,4.406,5.5239,11278,True,False,not_built
140,142,el6d2f96f0a36b,[Li+].[N-](S(=O)(=O)C(F)(F)C(F)(F)F)S(=O)(=O)C(F)(F)C(F)(F)F,CCCCC(=O)C(C)(C)C(C)C,1.41,Li,Beti,S3f15ac81e06e,170.296,387.102,181,64,2.828,4.8764,7562,True,False,not_built
141,143,el955f040a6f56,[Li+].[N-](S(=O)(=O)C(F)(F)C(F)(F)F)S(=O)(=O)C(F)(F)C(F)(F)F,CC(C)(C)CC1CCCCC1C#N,0.39,Li,Beti,S3f5cb079c28a,179.307,387.102,834,64,13.031,7.4843,29764,True,False,not_built
142,144,el9873bac46933,[Li+].[N-](S(=O)(=O)C(F)(F)C(F)(F)F)S(=O)(=O)C(F)(F)C(F)(F)F,CCCC1(CC)C(COC)C1(C)C,0.79,Li,Beti,S768fb88d8bed,184.323,387.102,360,64,5.625,5.9151,14728,True,False,not_built
143,145,eldb9ef8217aeb,[Li+].[N-](S(=O)(=O)C(F)(F)C(F)(F)F)S(=O)(=O)C(F)(F)C(F)(F)F,C#Cc1cc(OC)cs1,1.5,Li,Beti,S6b03c5c2bd1f,138.191,387.102,203,64,3.172,4.7768,4453,True,False,built
144,146,eld855b5054355,[Li+].[N-](S(=O)(=O)C(F)(F)C(F)(F)F)S(=O)(=O)C(F)(F)C(F)(F)F,CCCOC(=O)OC(C)N(C)CC,0.66,Li,Beti,Sc5afdc0d1f96,189.255,387.102,435,64,6.797,6.2804,15328,True,False,not_built
145,147,el7f707acc9c69,[Li+].[N-](S(=O)(=O)C(F)(F)C(F)(F)F)S(=O)(=O)C(F)(F)C(F)(F)F,CCC1CC(C)C(C)(C)C1(C)C,0.43,Li,Beti,S9493aee39285,168.324,387.102,798,64,12.469,7.2446,30136,True,False,not_built
146,148,elad25cace5b76,[Li+].[N-](S(=O)(=O)C(F)(F)C(F)(F)F)S(=O)(=O)C(F)(F)C(F)(F)F,CCCCC(=O)CCC(C)(C)C#N,0.88,Li,Beti,S8c9ce98c9a2b,181.279,387.102,321,64,5.016,5.7062,11680,True,False,not_built
147,149,elbdbd0121f7ee,[Li+].[N-](S(=O)(=O)C(F)(F)C(F)(F)F)S(=O)(=O)C(F)(F)C(F)(F)F,CCC(SC)C(=O)OC(C)C,0.92,Li,Beti,S12fd33700510,176.281,387.102,312,64,4.875,5.6222,9832,True,False,not_built
148,150,elb7949cc30da8,[Li+].[N-](S(=O)(=O)C(F)(F)C(F)(F)F)S(=O)(=O)C(F)(F)C(F)(F)F,CC(=O)N(OC(=O)OCF)C(C)=O,1.1,Li,Beti,S405908ff67ce,193.13,387.102,226,64,3.531,5.2971,6154,True,False,not_built
149,151,elf9a8b8051843,[Li+].[N-](S(=O)(=O)C(F)(F)C(F)(F)F)S(=O)(=O)C(F)(F)C(F)(F)F,CCCCC(CC#N)C(C)(C)F,0.66,Li,Beti,Sc53d1cbd19cc,171.259,387.102,481,64,7.516,6.2804,15838,True,False,not_built
150,152,el8135a63514ee,[Li+].[B-](F)(F)(F)F,CCCCC(CC)CC(C)C(C)CC,0.83,Li,BF4,S49a4630f52c4,198.394,93.745,371,64,5.797,5.8185,16708,True,False,not_built
151,153,ele0e68f6b45d4,[Li+].[B-](F)(F)(F)F,CCCC1(C)CC(CC)C(=O)C1C,1.01,Li,BF4,S3e91070b9bf6,182.307,93.745,328,64,5.125,5.45,11864,True,False,not_built
152,154,elf9009aa16b38,[Li+].[B-](F)(F)(F)F,CC(=O)CC(C)CCOC(C)=O,0.92,Li,BF4,S306bd578470e,172.224,93.745,383,64,5.984,5.6222,11108,True,False,not_built
153,155,el8fc8a275c4eb,[Li+].[B-](F)(F)(F)F,CC1CC2CC3CCC(C1)C3C2,1.14,Li,BF4,S3124c1c67d7b,164.292,93.745,320,64,5.0,5.2344,10624,True,False,not_built
154,156,el3bef3cfb6ce4,[Li+].[B-](F)(F)(F)F,CC12CCCC1(C)C(C(=O)C#N)CC2,1.28,Li,BF4,Sd9dc0fe3209c,191.274,93.745,243,64,3.797,5.0362,7917,True,False,not_built
155,157,el5eeaef922e04,[Li+].[B-](F)(F)(F)F,CCC(C)C1CCC(CCOC)C1,0.79,Li,BF4,S4661e232cb14,184.323,93.745,420,64,6.562,5.9151,15924,True,False,not_built
156,158,ele373b341c8ca,[Li+].[B-](F)(F)(F)F,COC(=O)OCC1C2CCCC1C2,1.32,Li,BF4,S0ef33bcac1ff,184.235,93.745,244,64,3.812,4.9848,7460,True,False,not_built
157,159,el6afac1351183,[Li+].[B-](F)(F)(F)F,CCCCC(OC(C)=O)C(C)(C)F,0.66,Li,BF4,S73f7060b1e00,190.258,93.745,491,64,7.672,6.2804,16096,True,False,not_built
158,160,ela851709200c4,[Li+].[B-](F)(F)(F)F,CCC12CC3CC4COC3C(C1)C42,1.5,Li,BF4,Sb703fe1a50f5,178.275,93.745,220,64,3.438,4.7768,7204,True,False,not_built
159,161,ela82bd5f53b6f,[Li+].[B-](F)(F)(F)F,CCCCC(CCC)CCF,0.92,Li,BF4,S5fa0b9594e4f,160.276,93.745,412,64,6.438,5.6222,13568,True,False,not_built
160,162,el0660fea33408,[Li+].[B-](F)(F)(F)F,CC1CC2CC(C2)CC1C,1.19,Li,BF4,Sf10c4bc2c87a,138.254,93.745,363,64,5.672,5.1601,10548,True,False,not_built
161,163,ela14c787e6674,[Li+].[B-](F)(F)(F)F,CCCC1(CCC(C)C)CCCC1,1.37,Li,BF4,S0c1a921aa42c,182.351,93.745,237,64,3.703,4.9234,9627,True,False,not_built
162,164,ele8ec09549e60,[Li+].[B-](F)(F)(F)F,CCCCC(C)C12CCCCCC1C2,1.28,Li,BF4,Sf52dcecf144a,194.362,93.745,239,64,3.734,5.0362,9944,True,False,not_built
163,165,elc5fb7fa1f647,[Li+].[B-](F)(F)(F)F,CCC(C)(C)CCC(=O)N1CCCO1,1.32,Li,BF4,Sbfb28e1331c0,199.294,93.745,226,64,3.531,4.9848,8294,True,False,not_built
164,166,el82fc7912b90f,[Li+].[B-](F)(F)(F)F,CC(C)C1CCCCCCCCCC1,0.97,Li,BF4,Sd05e72462d5b,196.378,93.745,318,64,4.969,5.5239,13740,True,False,not_built
165,167,el207d092e3cce,[Li+].[B-](F)(F)(F)F,CCCCCCC(CC)CC,0.34,Li,BF4,S5e2fb05b8dc3,156.313,93.745,1182,64,18.469,7.8345,41754,True,False,not_built
166,168,ele62b1927428a,[Li+].[B-](F)(F)(F)F,CCC(CC)CC(=O)C(C)CC,0.88,Li,BF4,S7bb1936c0770,170.296,93.745,406,64,6.344,5.7062,14188,True,False,not_built
167,169,el6c5acea27193,[Li+].[B-](F)(F)(F)F,CC(C)C1CCC(CCC#N)C1C,0.52,Li,BF4,S7ccd429524b5,179.307,93.745,667,64,10.422,6.7999,23062,True,False,not_built
168,170,el00fa55981158,[Li+].[B-](F)(F)(F)F,CCCC(C)(C1CCC1)C1CCC1C,1.37,Li,BF4,S4dd055d26b47,194.362,93.745,222,64,3.469,4.9234,9264,True,False,not_built
169,171,ele9cf3a59272e,[Li+].[B-](F)(F)(F)F,CCCC(C)(C)CC(=O)C(C)C(C)C,0.57,Li,BF4,S2aedd08cf251,198.35,93.745,548,64,8.562,6.595,22304,True,False,not_built
170,172,el63cae3f82150,[Li+].[B-](F)(F)(F)F,COC(=O)OCC(=O)C(=O)C(C)C,0.57,Li,BF4,S8f1340067aec,188.179,93.745,578,64,9.031,6.595,14834,True,False,not_built
171,173,el697c7375a194,[Li+].[B-](F)(F)(F)F,C=Cc1ccc(C(C)=O)s1,0.57,Li,BF4,Sa86757a9ca26,152.218,93.745,714,64,11.156,6.595,13236,True,False,not_built
172,174,el3d0bbc91a844,[Li+].[B-](F)(F)(F)F,CCON(C)C(C)C1CCCS1,1.06,Li,BF4,S25d091ed29f0,189.324,93.745,300,64,4.688,5.3629,9684,True,False,not_built
173,175,el7b688724e81b,[Li+].[B-](F)(F)(F)F,CCC(=O)CC1OC(=O)C1C1CC1,0.97,Li,BF4,Sb1b067069f60,182.219,93.745,343,64,5.359,5.5239,9645,True,False,not_built
174,176,el069652a9ccb6,[Li+].[B-](F)(F)(F)F,CCCC(C(C)(C)C)C1(CC)OO1,1.46,Li,BF4,S80f289dbd05c,186.295,93.745,216,64,3.375,4.8201,7944,True,False,not_built
175,177,ele6022cea0496,[Li+].[B-](F)(F)(F)F,CCCOC(=O)OCCC(C)OC,0.79,Li,BF4,Sfa9b574ca493,190.239,93.745,407,64,6.359,5.9151,13001,True,False,not_built
176,178,el6a65247c7346,[Li+].[B-](F)(F)(F)F,CC(=O)C(C(C)=O)C1CC1C,0.61,Li,BF4,Sd631448041a5,154.209,93.745,657,64,10.266,6.4476,16809,True,False,not_built
177,179,ele7c0cd35217a,[Li+].[B-](F)(F)(F)F,CCCC(=O)CC(C)C(C)C,0.34,Li,BF4,Sf22199ad84a9,156.269,93.745,1182,64,18.469,7.8345,37026,True,False,not_built
178,180,ele54ec1da5ba1,[Li+].[B-](F)(F)(F)F,COC(=O)CC1CCCCCC(C)C1,0.3,Li,BF4,Se3c12237517c,198.306,93.745,1058,64,16.531,8.1683,38472,True,False,not_built
179,181,elbb0f62ea22b9,[Li+].[B-](F)(F)(F)F,COCC1C2C(C)C2C(C)CC1(C)C,0.74,Li,BF4,S677f2e1835a5,196.334,93.745,423,64,6.609,6.0454,16458,True,False,not_built
180,182,el9e6d325f5ba9,[Li+].[B-](F)(F)(F)F,CCC1CC1C1CCC(C)C1C,1.41,Li,BF4,S0864a8853cc8,166.308,93.745,252,64,3.938,4.8764,8952,True,False,not_built
181,183,el97eefbe6a879,[Li+].[B-](F)(F)(F)F,c1csc(CCCC2CC2)c1,0.92,Li,BF4,S3281a174850d,166.289,93.745,397,64,6.203,5.6222,10309,True,False,not_built
182,184,el76737b54c149,[Li+].[B-](F)(F)(F)F,CCCOCCCC(C)CCC,1.41,Li,BF4,Sc5c6aa8511cf,172.312,93.745,243,64,3.797,4.8764,9132,True,False,not_built
183,185,eldf1b67cdc0e0,[Li+].[B-](F)(F)(F)F,CCCC1SOC(C)(C)C1C,0.39,Li,BF4,See7b7915ca26,174.309,93.745,921,64,14.391,7.4843,27093,True,False,not_built
184,186,elfe63d87f95c3,[Li+].[B-](F)(F)(F)F,CCOC(C)OC(=O)OC,0.39,Li,BF4,Sa65afd9a774c,148.158,93.745,1084,64,16.938,7.4843,24232,True,False,not_built
185,187,elcb027a4ad4e2,[Li+].[B-](F)(F)(F)F,CC1CCC(CCCCC2CC2C)C1,1.32,Li,BF4,S2f4777d12906,194.362,93.745,231,64,3.609,4.9848,9624,True,False,not_built
186,188,ela5730e23b1d7,[Li+].[B-](F)(F)(F)F,COCCC(C(C)C)C(C)C,0.39,Li,BF4,S4bbc75ff2226,158.285,93.745,1014,64,15.844,7.4843,33846,True,False,not_built
187,189,elc262b4d7df33,[Li+].[B-](F)(F)(F)F,CCCCC(CC#N)C(C)(C)F,0.34,Li,BF4,Sc53d1cbd19cc,171.259,93.745,1079,64,16.859,7.8345,32754,True,False,not_built
188,190,elf764b7737d7b,[Li+].[B-](F)(F)(F)F,CC1(C(F)F)CCCC1=O,0.79,Li,BF4,S51f19d4718d1,148.152,93.745,523,64,8.172,5.9151,10844,True,False,not_built
189,191,el1d44f06b90da,[Li+].[B-](F)(F)(F)F,CCCC(CC)COC(=O)OCC,1.41,Li,BF4,S741ce2435b05,188.267,93.745,222,64,3.469,4.8764,7710,True,False,not_built
190,192,el8198712293e2,[Li+].[B-](F)(F)(F)F,CC(F)C(=O)C1(C)CCCO1,1.14,Li,BF4,S689754e2e743,160.188,93.745,328,64,5.125,5.2344,8256,True,False,not_built
191,193,el55f0c629f978,[Li+].[B-](F)(F)(F)F,CCC1CC(C)(CC)C(=O)CC1(C)C,0.39,Li,BF4,S3a7beacdebdd,196.334,93.745,818,64,12.781,7.4843,31468,True,False,not_built
192,194,el531be42a4688,[Li+].[B-](F)(F)(F)F,CCCC(C(C)C)C1(C)CCCC1,1.32,Li,BF4,Sf6505944a542,182.351,93.745,247,64,3.859,4.9848,10017,True,False,not_built
193,195,el258e6a418ca5,[Li+].[B-](F)(F)(F)F,CC1CCC(C)(C)CC1,1.32,Li,BF4,S2c116962cb75,126.243,93.745,356,64,5.562,4.9848,9996,True,False,not_built
194,196,el4ca060d86a7d,[Li+].[B-](F)(F)(F)F,CCC(=O)N1CCCCC1Cl,1.28,Li,BF4,S89865e0d679d,175.659,93.745,265,64,4.141,5.0362,7009,True,False,not_built
195,197,el1c9d35846939,[Li+].[B-](F)(F)(F)F,CCC(CC(C)(F)F)C(=O)CC#N,1.41,Li,BF4,S226863e83430,189.205,93.745,221,64,3.453,4.8764,6130,True,False,not_built
196,198,elcf33a9938a12,[Li+].[B-](F)(F)(F)F,CCC(C)(C)CCCC(F)CF,0.57,Li,BF4,S4b08fa0c9abb,178.266,93.745,610,64,9.531,6.595,19904,True,False,not_built
197,199,el83cc2640cd79,[Li+].[B-](F)(F)(F)F,CC1CCC(C)(CC2CC2)C1(C)C,1.5,Li,BF4,S343eb3b06b68,180.335,93.745,217,64,3.391,4.7768,8413,True,False,not_built
198,200,ele72583d83338,[Li+].[B-](F)(F)(F)F,CCCC1(C)CCC(C)CC1(C)C,0.66,Li,BF4,Scd9bd4eae4e8,182.351,93.745,512,64,8.0,6.2804,20352,True,False,not_built
199,201,el20e2f9b8ccb4,[Li+].[B-](F)(F)(F)F,CC(C)N(C)C(CCF)CC(F)F,1.28,Li,BF4,S449c85953918,197.244,93.745,236,64,3.688,5.0362,7700,True,False,not_built
200,202,ele5b17dffe116,[Li+].F[P-](F)(F)(F)(F)F,CC1CC(C)(C)C2CCCC12,0.61,Li,PF6,S5a85077a5e68,152.281,151.903,651,64,10.172,6.4476,20693,True,False,not_built
201,203,eld33ca7133743,[Li+].F[P-](F)(F)(F)(F)F,CCCC(F)(F)CCCC#N,1.19,Li,PF6,S4625203302a0,161.195,151.903,298,64,4.656,5.1601,7664,True,False,not_built
202,204,el1e4e0dfb6f30,[Li+].F[P-](F)(F)(F)(F)F,CC1CCC2C(C)CC(C)C2C1,1.01,Li,PF6,S18868d4b6d16,166.308,151.903,347,64,5.422,5.45,12310,True,False,not_built
203,205,el3255d4fd1bdc,[Li+].F[P-](F)(F)(F)(F)F,CC1CCCC2(C#N)CCC(C1)C2,0.34,Li,PF6,S74ba05e7be4c,177.291,151.903,1029,64,16.078,7.8345,33440,True,False,not_built
204,206,elca22f3bbf6d1,[Li+].F[P-](F)(F)(F)(F)F,CC1C2CC3CC3C(C#N)C(C2)C1C,0.39,Li,PF6,S212fcef44279,189.302,151.903,837,64,13.078,7.4843,28133,True,False,not_built
205,207,el6c672518fa5c,[Li+].F[P-](F)(F)(F)(F)F,CCCC(=O)C(C#N)C(CC)CC,0.92,Li,PF6,S85bff4aaac3b,181.279,151.903,352,64,5.5,5.6222,11776,True,False,not_built
206,208,elc0e465164c0f,[Li+].F[P-](F)(F)(F)(F)F,CC(F)CC(C)(F)C#N,1.06,Li,PF6,S21ee62110bf4,133.141,151.903,411,64,6.422,5.3629,7910,True,False,not_built
207,209,el362593c8f926,[Li+].F[P-](F)(F)(F)(F)F,CCC(C)CC(C)=O,0.48,Li,PF6,Sdc50030926ce,114.188,151.903,1118,64,17.469,6.9838,25108,True,False,not_built
208,210,el544a8fc9be41,[Li+].F[P-](F)(F)(F)(F)F,CC(=O)CCC(C)(C)C(C)C(C)C,0.48,Li,PF6,S778694cdca07,184.323,151.903,692,64,10.812,6.9838,26116,True,False,not_built
209,211,el1c52bb4d520d,[Li+].F[P-](F)(F)(F)(F)F,CC1CCC(C)(CC2CC2)C1(C)C,0.43,Li,PF6,S343eb3b06b68,180.335,151.903,794,64,12.406,7.2446,29890,True,False,not_built
210,212,eldae687d000f2,[Li+].F[P-](F)(F)(F)(F)F,CCOC(C)=O,0.97,Li,PF6,S9c82a341e1dc,88.106,151.903,684,64,10.688,5.5239,10088,True,False,not_built
211,213,ele928b65eee79,[Li+].F[P-](F)(F)(F)(F)F,COC(=O)C1(C)CCCC(=O)C1C,0.3,Li,PF6,S1a1cf1d818d4,184.235,151.903,1127,64,17.609,8.1683,33195,True,False,not_built
212,214,el9711a0e79b81,[Li+].F[P-](F)(F)(F)(F)F,CCC1(C#N)CCCCC(=O)O1,1.01,Li,PF6,S42a5d3df1f5a,167.208,151.903,345,64,5.391,5.45,9137,True,False,not_built
213,215,ele06dd967b1f5,[Li+].F[P-](F)(F)(F)(F)F,C#Cc1sccc1C(C)(C)C,0.88,Li,PF6,Sb8c4ec3d9f9d,164.273,151.903,408,64,6.375,5.7062,9896,True,False,not_built
214,216,ela704581ee343,[Li+].F[P-](F)(F)(F)(F)F,CCCC(C#N)CC(C)CCC(C)C,0.88,Li,PF6,Sd98739503b9b,195.35,151.903,343,64,5.359,5.7062,13889,True,False,not_built
215,217,el5b12441a82d6,[Li+].F[P-](F)(F)(F)(F)F,CCCCCC(F)C(=O)CN(C)C,1.14,Li,PF6,S215c3dee5440,189.274,151.903,266,64,4.156,5.2344,9290,True,False,not_built
216,218,eld95fdcc3e7b1,[Li+].F[P-](F)(F)(F)(F)F,CCCCC(C)OC(=O)OCC,0.92,Li,PF6,Sf0923465db12,174.24,151.903,366,64,5.719,5.6222,11492,True,False,not_built
217,219,el63dbac26e40f,[Li+].F[P-](F)(F)(F)(F)F,CC(=O)CCCCCCC(=O)C(C)=O,1.19,Li,PF6,S7be2ef3249ce,198.262,151.903,242,64,3.781,5.1601,8256,True,False,not_built
218,220,el650d76647f7f,[Li+].F[P-](F)(F)(F)(F)F,CC1(C(=O)C2CCCCC2=O)CCC1,1.23,Li,PF6,S2c6db26ab6e2,194.274,151.903,238,64,3.719,5.1035,8128,True,False,not_built
219,221,el0422f12fc2a6,[Li+].F[P-](F)(F)(F)(F)F,COc1cc(-c2ccccc2)c[nH]1,1.41,Li,PF6,S53b96ba881ae,173.215,151.903,229,64,3.578,4.8764,6008,True,False,not_built
220,222,el1113cc5789c1,[Li+].F[P-](F)(F)(F)(F)F,CC1CCCC2CC34CCC1C23C4,1.28,Li,PF6,S47e18ae7e0a2,176.303,151.903,251,64,3.922,5.0362,8795,True,False,not_built
221,223,el10784f3d22bb,[Li+].F[P-](F)(F)(F)(F)F,COCS(=O)(=O)C(C)(C)C,0.92,Li,PF6,S7adf30e6977e,166.242,151.903,384,64,6.0,5.6222,9728,True,False,not_built
222,224,el7cca1f180ee8,[Li+].F[P-](F)(F)(F)(F)F,CC(C)C1C(C)CCCC1C#N,0.88,Li,PF6,S3440701362b9,165.28,151.903,405,64,6.328,5.7062,13067,True,False,not_built
223,225,el7ffc08ad1c6a,[Li+].F[P-](F)(F)(F)(F)F,CSC(Cl)(Cl)SC,0.57,Li,PF6,S8be9c34179ac,177.121,151.903,602,64,9.406,6.595,8338,True,False,not_built
224,226,el2a6d597b4de9,[Li+].F[P-](F)(F)(F)(F)F,CCCC(C)CC(C)S(C)(=O)=O,1.01,Li,PF6,S215eed19c40e,192.324,151.903,300,64,4.688,5.45,10112,True,False,not_built
225,227,el12d32ef4fb1e,[Li+].F[P-](F)(F)(F)(F)F,CC1CC2CCC(C)C(C2)C1=O,0.43,Li,PF6,Sf4642924395b,166.264,151.903,861,64,13.453,7.2446,26342,True,False,not_built
226,228,el85a96ea332f3,[Li+].F[P-](F)(F)(F)(F)F,CCS(=O)(=O)CC(C)CCCl,1.46,Li,PF6,S15e4a5daa0b8,198.715,151.903,192,64,3.0,4.8201,5504,True,False,built
227,229,eleb5c111a2803,[Li+].F[P-](F)(F)(F)(F)F,CCCC(=O)C(C)C(C)(C)C,1.32,Li,PF6,S540c9bce5ae8,156.269,151.903,274,64,4.281,4.9848,9006,True,False,not_built
228,230,elcda3e5fda03e,[Li+].F[P-](F)(F)(F)(F)F,CC(=O)CCC1CC(=O)C1C(C)C,0.43,Li,PF6,S5d41d348fe74,182.263,151.903,785,64,12.266,7.2446,24847,True,False,not_built
229,231,elda73ab98268f,[Li+].F[P-](F)(F)(F)(F)F,CCC(C)CC1CC1C1CCCC1,1.28,Li,PF6,S61a35d171a0e,180.335,151.903,246,64,3.844,5.0362,9614,True,False,not_built
230,232,el8eac1b961d2e,[Li+].F[P-](F)(F)(F)(F)F,CCCC(CC)C(C)C1CC1CC,0.43,Li,PF6,S474d894c63f0,182.351,151.903,785,64,12.266,7.2446,31127,True,False,not_built
231,233,el4bada3042418,[Li+].F[P-](F)(F)(F)(F)F,CC(=O)C1(CC(C)C(C)C)CCCC1,1.19,Li,PF6,Se74c9a4aaac2,196.334,151.903,245,64,3.828,5.1601,9822,True,False,not_built
232,234,el174cbb0f07fd,[Li+].F[P-](F)(F)(F)(F)F,CC1CCC2CC1(C1CC3CC1C3)C2,0.39,Li,PF6,S7bc5eff27508,190.33,151.903,832,64,13.0,7.4843,30464,True,False,not_built
233,235,el88a74cd13833,[Li+].F[P-](F)(F)(F)(F)F,CC1(C)CCCCCS(=O)(=O)C1,0.88,Li,PF6,Se4b1fea15fa6,190.308,151.903,352,64,5.5,5.7062,11072,True,False,not_built
234,236,el40efd332586b,[Li+].F[P-](F)(F)(F)(F)F,CCC(C)(C)CCCC(F)CF,1.1,Li,PF6,S4b08fa0c9abb,178.266,151.903,294,64,4.594,5.2971,9920,True,False,not_built
235,237,el9d0a230f0d8e,[Li+].F[P-](F)(F)(F)(F)F,CC(C#N)C1CCC(C)C1(C)C,1.19,Li,PF6,S148e2fa0c07c,165.28,151.903,291,64,4.547,5.1601,9533,True,False,not_built
236,238,el1d603f3c75d9,[Li+].F[P-](F)(F)(F)(F)F,CC1CCCC2CC1COC(C)(C)C2,0.79,Li,PF6,Sc542501a432b,196.334,151.903,383,64,5.984,5.9151,15066,True,False,not_built
237,239,el22a6d0b4a231,[Li+].F[P-](F)(F)(F)(F)F,CCC(C(=O)OC)S(=O)(=O)CC,1.41,Li,PF6,S00ae5d24d88e,194.252,151.903,204,64,3.188,4.8764,5816,True,False,not_built
238,240,eld503e16893f7,[Li+].F[P-](F)(F)(F)(F)F,CCC(C)(C)CCC(=O)N1CCCO1,1.23,Li,PF6,Sbfb28e1331c0,199.294,151.903,232,64,3.625,5.1035,8632,True,False,not_built
239,241,elaa1b2b5278a8,[Li+].F[P-](F)(F)(F)(F)F,CC1CC2CCCC3CCC1C32,0.52,Li,PF6,S9d9b7937f2bd,164.292,151.903,714,64,11.156,6.7999,23360,True,False,not_built
240,242,elcdbc6342dfef,[Li+].F[P-](F)(F)(F)(F)F,CC(=O)OC1(C)CCCC(C)(C)C1C,1.1,Li,PF6,S2dc26f76daea,198.306,151.903,265,64,4.141,5.2971,10052,True,False,not_built
241,243,el6e5003890d0e,[Li+].F[P-](F)(F)(F)(F)F,CCCCC(=O)CCC(C)(C)C#N,1.19,Li,PF6,S8c9ce98c9a2b,181.279,151.903,265,64,4.141,5.1601,8992,True,False,not_built
242,244,el58cafc589fb4,[Li+].F[P-](F)(F)(F)(F)F,CC(CCCC1CC1C)CC(C)(C)C,0.7,Li,PF6,S092311ac4b7e,196.378,151.903,436,64,6.812,6.1585,18824,True,False,not_built
243,245,el73fcd4e07c0c,[Li+].F[P-](F)(F)(F)(F)F,CS(=O)(=O)CCCC1CCC1,1.19,Li,PF6,S3fa2564e7f67,176.281,151.903,273,64,4.266,5.1601,7883,True,False,not_built
244,246,eld1a42e7a1523,[Li+].F[P-](F)(F)(F)(F)F,CC(C)C1CCC2C(C)C2(C)C1,1.41,Li,PF6,S8fd80d3badb6,166.308,151.903,239,64,3.734,4.8764,8638,True,False,not_built
245,247,el0c1b5b9a2eae,[Li+].F[P-](F)(F)(F)(F)F,CCCC(C(C)C)C(C)C(=O)OC,1.28,Li,PF6,S154d08ee4719,186.295,151.903,238,64,3.719,5.0362,8842,True,False,not_built
246,248,el452cfa019db7,[Li+].F[P-](F)(F)(F)(F)F,COC(=O)OC1CCCC(C)C1,1.23,Li,PF6,Sc20bd1037f85,172.224,151.903,269,64,4.203,5.1035,8044,True,False,not_built
247,249,el02434574ef94,[Li+].F[P-](F)(F)(F)(F)F,CCC1(OC(=O)OC)CCC(C)C1,1.06,Li,PF6,S21b3f288896b,186.251,151.903,293,64,4.578,5.3629,9595,True,False,not_built
248,250,el1a2a85ba3509,[Li+].F[P-](F)(F)(F)(F)F,CCC1CC(C)(CC)C(=O)CC1(C)C,0.61,Li,PF6,S3a7beacdebdd,196.334,151.903,505,64,7.891,6.4476,19702,True,False,not_built
249,251,eld9c7a898ac78,[Li+].F[P-](F)(F)(F)(F)F,CC1CC(CC(=O)C#N)C1,1.28,Li,PF6,Sb803f99d9dd9,137.182,151.903,323,64,5.047,5.0362,7295,True,False,not_built
250,252,eld6a767eafa9a,[Li+].[O-]Cl(=O)(=O)=O,CC(C)(C)c1ccc2c(c1)ON(F)O2,0.3,Li,ClO4,Sfff8dded6392,197.209,106.39,1061,64,16.578,8.1683,27970,True,False,not_built
251,253,el800333455d10,[Li+].[O-]Cl(=O)(=O)=O,CC1CC(C2C(C)C(C)CC2(C)C)C1,0.3,Li,ClO4,S8f3fb4a9257f,194.362,106.39,1077,64,16.828,8.1683,43464,True,False,not_built
252,254,el2b4f4b0bd440,[Li+].[O-]Cl(=O)(=O)=O,COC(=O)C(C)CC(C)(C)C(C)C,0.48,Li,ClO4,S44b9815d0bb6,186.295,106.39,694,64,10.844,6.9838,24674,True,False,not_built
253,255,elb9e0f23f56dd,[Li+].[O-]Cl(=O)(=O)=O,CCOC(=O)CC1CC1C1CCCC1,0.34,Li,ClO4,S7a56115b4c36,196.29,106.39,939,64,14.672,7.8345,32310,True,False,not_built
254,256,el11456a5d7079,[Li+].[O-]Cl(=O)(=O)=O,CCC(CC)CC(=O)C(C)CC,1.28,Li,ClO4,S7bb1936c0770,170.296,106.39,270,64,4.219,5.0362,9564,True,False,not_built
255,257,elc43fadf27f85,[Li+].[O-]Cl(=O)(=O)=O,C1CC(C2CC3CC4(CCC24)C3)C1,1.01,Li,ClO4,S4c1fa032d683,176.303,106.39,337,64,5.266,5.45,11505,True,False,not_built
256,258,el4e66e6d0c54c,[Li+].[O-]Cl(=O)(=O)=O,CC1CC(CC(=O)C#N)C1,1.5,Li,ClO4,Sb803f99d9dd9,137.182,106.39,282,64,4.406,4.7768,6306,True,False,not_built
257,259,el99f8f862840a,[Li+].[O-]Cl(=O)(=O)=O,CCCCCC(C)C(C)C(C)CCC,1.28,Li,ClO4,S7fa323ae328e,198.394,106.39,232,64,3.625,5.0362,10592,True,False,not_built
258,260,el3ff567d58a04,[Li+].[O-]Cl(=O)(=O)=O,CCCC(=O)C(C)C(=O)CC(C)=O,1.46,Li,ClO4,S22d594f40992,184.235,106.39,216,64,3.375,4.8201,6648,True,False,not_built
259,261,elc8bb400488ff,[Li+].[O-]Cl(=O)(=O)=O,CCCC(=O)CC(CC#N)C(C)(C)C,0.57,Li,ClO4,S948c8fb83d94,195.306,106.39,554,64,8.656,6.595,19774,True,False,not_built
260,262,el93e2e9d42d5c,[Li+].[O-]Cl(=O)(=O)=O,CCCC1CC1(C)C(=O)C#N,0.66,Li,ClO4,S1ae25b2e2f71,151.209,106.39,615,64,9.609,6.2804,15144,True,False,not_built
261,263,el7e410fcc58f7,[Li+].[O-]Cl(=O)(=O)=O,CC(=O)C1CC2(C(C)=O)CC2C1C,1.32,Li,ClO4,Se447765789e9,180.247,106.39,247,64,3.859,4.9848,7547,True,False,not_built
262,264,el55c2b1e79667,[Li+].[O-]Cl(=O)(=O)=O,CC(=O)C1C2CC3CC(C2)CC1C3,0.57,Li,ClO4,S1714f3826520,178.275,106.39,607,64,9.484,6.595,19201,True,False,not_built
263,265,el5d95430c35c3,[Li+].[O-]Cl(=O)(=O)=O,CC1C(C#N)C2CC1C(C)(C)C2C,0.34,Li,ClO4,S0f374748e1f0,177.291,106.39,1039,64,16.234,7.8345,33632,True,False,not_built
264,266,eled0dc682fc80,[Li+].[O-]Cl(=O)(=O)=O,CCC1CC2C(OC)CC(C)C2(C)C1,1.1,Li,ClO4,Sed183be5a1b2,196.334,106.39,276,64,4.312,5.2971,10872,True,False,not_built
265,267,el2efdd63f6b6c,[Li+].[O-]Cl(=O)(=O)=O,CC1CC(OC=O)CCC2(C)CC2C1,1.28,Li,ClO4,S54ea9a861261,196.29,106.39,234,64,3.656,5.0362,8340,True,False,not_built
266,268,el15caeb2b1a6f,[Li+].[O-]Cl(=O)(=O)=O,CCCCC(=O)C(C)(C)C(C)CC,1.5,Li,ClO4,Sfd23e7eb1b3a,184.323,106.39,210,64,3.281,4.7768,8154,True,False,not_built
267,269,el3499f3f0ac3c,[Li+].[O-]Cl(=O)(=O)=O,CC1C2CC(=O)C(C#N)C(C)(C)CC12,1.41,Li,ClO4,Sf8166c430727,191.274,106.39,216,64,3.375,4.8764,7080,True,False,not_built
268,270,el8d1d28b6d4a3,[Li+].[O-]Cl(=O)(=O)=O,CCCCCC(F)C(=O)CN(C)C,0.43,Li,ClO4,S215c3dee5440,189.274,106.39,765,64,11.953,7.2446,25629,True,False,not_built
269,271,el2d09289eacae,[Li+].[O-]Cl(=O)(=O)=O,CC(C)CC1(C)CC(C)C12CC2,1.23,Li,ClO4,S7f630a259675,166.308,106.39,289,64,4.516,5.1035,10210,True,False,not_built
270,272,el4d2cb5d6882c,[Li+].[O-]Cl(=O)(=O)=O,CCCC(=O)C(C)C(C)C(C)C(C)C,1.32,Li,ClO4,S652d24891b1c,198.35,106.39,224,64,3.5,4.9848,9344,True,False,not_built
271,273,el12606bf2bd79,[Li+].[O-]Cl(=O)(=O)=O,COCCC(C(C)C)C(C)C,1.14,Li,ClO4,S4bbc75ff2226,158.285,106.39,329,64,5.141,5.2344,11241,True,False,not_built
272,274,el5b64feff9b0e,[Li+].[O-]Cl(=O)(=O)=O,CC(C)N(C)C(CCF)CC(F)F,1.28,Li,ClO4,S449c85953918,197.244,106.39,233,64,3.641,5.0362,7607,True,False,not_built
273,275,ela7398f438b24,[Li+].[O-]Cl(=O)(=O)=O,CC1C2C3CC4C5CCC1(C54)C32,1.32,Li,ClO4,S8d4c296e01a7,160.26,106.39,278,64,4.344,4.9848,8168,True,False,not_built
274,276,elc11bc8c09f91,[Li+].[O-]Cl(=O)(=O)=O,CC(C)CCCC(C)C(C)SC#N,0.83,Li,ClO4,Sb5996fb1cc25,199.363,106.39,367,64,5.734,5.8185,12862,True,False,not_built
275,277,el3b8364e8b723,[Li+].[O-]Cl(=O)(=O)=O,CCCC(C)C(F)CCC(C)C,0.34,Li,ClO4,S16c5a20ab57f,174.303,106.39,1057,64,16.516,7.8345,37379,True,False,not_built
276,278,el02846762def1,[Li+].[O-]Cl(=O)(=O)=O,CCC1C2C(C)C(=O)CCCC12OC,0.83,Li,ClO4,Sa35cfc491e64,196.29,106.39,372,64,5.812,5.8185,13032,True,False,not_built
277,279,eld1515c0a9c26,[Li+].[O-]Cl(=O)(=O)=O,CCCC(CCC#N)C(C)(CC)CC,0.52,Li,ClO4,Saba94beca9d0,195.35,106.39,610,64,9.531,6.7999,24174,True,False,not_built
278,280,elef9efc4d36d5,[Li+].[O-]Cl(=O)(=O)=O,CC1OC(=O)OC2C(=O)N(C)C1C2C,0.43,Li,ClO4,Se0fb22cee5fe,199.206,106.39,727,64,11.359,7.2446,20013,True,False,not_built
279,281,el0c1736321b50,[Li+].[O-]Cl(=O)(=O)=O,CCC1C2C3CC4CCC(C)C4(C3)C12,0.43,Li,ClO4,S9e42897c7122,190.33,106.39,761,64,11.891,7.2446,27780,True,False,not_built
280,282,el9a241a9da9b1,[Li+].[O-]Cl(=O)(=O)=O,CCCCCCC(C)CC#N,1.14,Li,ClO4,Sf97f954bd603,153.269,106.39,340,64,5.312,5.2344,10584,True,False,not_built
281,283,eldb3f59c93559,[Li+].[O-]Cl(=O)(=O)=O,CCC1CCCCC1C(=O)OC(C)C,0.92,Li,ClO4,S0856fd16b158,198.306,106.39,331,64,5.172,5.6222,12300,True,False,not_built
282,284,elf7d675a7bf31,[Li+].[O-]Cl(=O)(=O)=O,CCCCCC(C)(C)CCC(C)C#N,0.97,Li,ClO4,S020c91bb9432,195.35,106.39,317,64,4.953,5.5239,12747,True,False,not_built
283,285,elacc5e5453637,[Li+].[O-]Cl(=O)(=O)=O,CCC(CC(C)(F)F)C(=O)CC#N,1.19,Li,ClO4,S226863e83430,189.205,106.39,263,64,4.109,5.1601,7222,True,False,not_built
284,286,el8ddf1aaad581,[Li+].[O-]Cl(=O)(=O)=O,CC12CC3CC(C1)C2C3,0.97,Li,ClO4,S564bf053352a,122.211,106.39,507,64,7.922,5.5239,12045,True,False,not_built
285,287,elf1fbde4889db,[Li+].[O-]Cl(=O)(=O)=O,CC(C)CC1(C)CCCC(C)C1C#N,1.06,Li,ClO4,S019e3680544f,193.334,106.39,292,64,4.562,5.3629,11188,True,False,not_built
286,288,el20c15a38eb70,[Li+].[O-]Cl(=O)(=O)=O,COC(=O)OCC1C2CCCC1C2,0.39,Li,ClO4,S0ef33bcac1ff,184.235,106.39,869,64,13.578,7.4843,25585,True,False,not_built
287,289,el09fcc3e9edb5,[Li+].[O-]Cl(=O)(=O)=O,CCC1CCC(CCCCCl)C1,1.32,Li,ClO4,Sf4dd3c19cd89,188.742,106.39,236,64,3.688,4.9848,8172,True,False,not_built
288,290,el71123092a992,[Li+].[O-]Cl(=O)(=O)=O,CC1CC2CCC(C)C(C2)C1=O,0.83,Li,ClO4,Sf4642924395b,166.264,106.39,440,64,6.875,5.8185,13584,True,False,not_built
289,291,el44eee9092e44,[Li+].[O-]Cl(=O)(=O)=O,CCCP(C)CCC,0.48,Li,ClO4,S1cfa065beddf,132.187,106.39,978,64,15.281,6.9838,24834,True,False,not_built
290,292,ela0ec9728169e,[Li+].[O-]Cl(=O)(=O)=O,CCC(=O)C(C)C1SCCS1,1.28,Li,ClO4,S5c7048949758,190.333,106.39,242,64,3.781,5.0362,6434,True,False,not_built
291,293,el6d5cc28c36bf,[Li+].[O-]Cl(=O)(=O)=O,CCC(CC)(OC(C)=O)SC,1.19,Li,ClO4,Sbc26b1321804,176.281,106.39,282,64,4.406,5.1601,7998,True,False,not_built
292,294,el01cea0eb87d1,[Li+].[O-]Cl(=O)(=O)=O,CC1C(CS(C)(=O)=O)C1(C)C,0.34,Li,ClO4,Scd162cff19ff,176.281,106.39,1045,64,16.328,7.8345,28599,True,False,not_built
293,295,el84810c891771,[Li+].[O-]Cl(=O)(=O)=O,CC12CCCC1(C)C(C(=O)C#N)CC2,0.52,Li,ClO4,Sd9dc0fe3209c,191.274,106.39,623,64,9.734,6.7999,19697,True,False,not_built
294,296,el6fd357dac8e0,[Li+].[O-]Cl(=O)(=O)=O,CCCCC(=O)CCC(C)(C)C#N,0.3,Li,ClO4,S8c9ce98c9a2b,181.279,106.39,1155,64,18.047,8.1683,37344,True,False,not_built
295,297,el5dc616f358c5,[Li+].[O-]Cl(=O)(=O)=O,CC1CC2CC(C2)C(C)C(=O)OC1C,0.61,Li,ClO4,S06b428d05009,196.29,106.39,514,64,8.031,6.4476,17860,True,False,not_built
296,298,elab769aa6065b,[Li+].[O-]Cl(=O)(=O)=O,CCC(C)CC1CC1C1CCCC1,0.39,Li,ClO4,S61a35d171a0e,180.335,106.39,888,64,13.875,7.4843,33240,True,False,not_built
297,299,ela8684ea270cd,[Li+].[O-]Cl(=O)(=O)=O,CCS(=O)(=O)CCCC(C)(C)C,1.14,Li,ClO4,S0784587f49f4,192.324,106.39,271,64,4.234,5.2344,9056,True,False,not_built
298,300,el066330c7f601,[Li+].[O-]Cl(=O)(=O)=O,CCCC1CC(=O)C(C(C)C)C1(C)C,0.92,Li,ClO4,Sd86af9db6f52,196.334,106.39,334,64,5.219,5.6222,13076,True,False,not_built
299,301,eldbb1c0c61947,[Li+].[O-]Cl(=O)(=O)=O,CC1CC2CCSC3CC1C2C3,1.5,Li,ClO4,S09f4af3f55c8,182.332,106.39,212,64,3.312,4.7768,6744,True,False,not_built
300,302,el76a398e48cee,[Li+].[O-]S(=O)(=O)C(F)(F)F,CCC(C#N)CCCC(CC)CC,0.83,Li,OTf,Sa96bae06f7f5,181.323,156.01,393,64,6.141,5.8185,14724,True,False,not_built
301,303,elfe16754e89a3,[Li+].[O-]S(=O)(=O)C(F)(F)F,CCC1C2CC3CC1(CC3C#N)C2=O,0.92,Li,OTf,S1001f6556102,189.258,156.01,337,64,5.266,5.6222,10349,True,False,not_built
302,304,el326e4c53ac92,[Li+].[O-]S(=O)(=O)C(F)(F)F,CCC1C(C2C3CCCC32)C1(C)C,1.06,Li,OTf,S29d9d1d89fb7,178.319,156.01,306,64,4.781,5.3629,11286,True,False,not_built
303,305,el477aa850e0a7,[Li+].[O-]S(=O)(=O)C(F)(F)F,CCCC(F)(F)CCCC#N,0.92,Li,OTf,S4625203302a0,161.195,156.01,395,64,6.172,5.6222,10056,True,False,not_built
304,306,elca98fa657f5e,[Li+].[O-]S(=O)(=O)C(F)(F)F,CCC12COC(CC1C)CC2(C)C,0.74,Li,OTf,Sc89b2e9a7cc2,182.307,156.01,442,64,6.906,6.0454,16046,True,False,not_built
305,307,el21fa7411c6bd,[Li+].[O-]S(=O)(=O)C(F)(F)F,CCCCC(C)(CC)CCC(C)=O,1.46,Li,OTf,S7a6b389b9d55,184.323,156.01,206,64,3.219,4.8201,8198,True,False,not_built
306,308,elce421cd8091c,[Li+].[O-]S(=O)(=O)C(F)(F)F,CCCCC1CCCC(CC)C(C)C1,0.92,Li,OTf,Sad1eacf0b333,196.378,156.01,324,64,5.062,5.6222,14184,True,False,not_built
307,309,elae015a0280d9,[Li+].[O-]S(=O)(=O)C(F)(F)F,CC12CC3(C)CC(C1)(C2)S3(=O)=O,1.28,Li,OTf,Sb198202ea31d,186.276,156.01,237,64,3.703,5.0362,6738,True,False,not_built
308,310,el109c667ab0fb,[Li+].[O-]S(=O)(=O)C(F)(F)F,CCC1CCCC(=O)C1Cl,1.19,Li,OTf,S97aa1623b0ae,160.644,156.01,298,64,4.656,5.1601,7430,True,False,not_built
309,311,el0b24a10459cd,[Li+].[O-]S(=O)(=O)C(F)(F)F,CCCOC(=O)OC(C)N(C)CC,0.97,Li,OTf,Sc5afdc0d1f96,189.255,156.01,318,64,4.969,5.5239,10752,True,False,not_built
310,312,ele9a6667439fb,[Li+].[O-]S(=O)(=O)C(F)(F)F,CCC(C)C(=O)CCC(C)C(C)(C)C,1.37,Li,OTf,Sf19b728d9135,198.35,156.01,206,64,3.219,4.9234,8816,True,False,not_built
311,313,elbb4b48fae8a8,[Li+].[O-]S(=O)(=O)C(F)(F)F,CCC1CCC2C3CCC3OC(=O)C12,0.43,Li,OTf,Scc9eb242aee3,194.274,156.01,736,64,11.5,7.2446,24128,True,False,not_built
312,314,el3a5dc62a7671,[Li+].[O-]S(=O)(=O)C(F)(F)F,CCON(C)C(C)C1CCCS1,1.41,Li,OTf,S25d091ed29f0,189.324,156.01,209,64,3.266,4.8764,7055,True,False,not_built
313,315,ele3741b705283,[Li+].[O-]S(=O)(=O)C(F)(F)F,CC1CCC(C)(CC2CC2)C1(C)C,1.32,Li,OTf,S343eb3b06b68,180.335,156.01,236,64,3.688,4.9848,9308,True,False,not_built
314,316,el9c5a4016adb7,[Li+].[O-]S(=O)(=O)C(F)(F)F,CC1(C(C#N)CCC2CC2)CCCC1,0.92,Li,OTf,S310e0a4d595b,191.318,156.01,333,64,5.203,5.6222,12231,True,False,not_built
315,317,elb3359be6ac0d,[Li+].[O-]S(=O)(=O)C(F)(F)F,CCS(=O)(=O)C1CCC1,1.19,Li,OTf,S8c52916a9cc4,148.227,156.01,323,64,5.047,5.1601,7359,True,False,not_built
316,318,el6404edc46dba,[Li+].[O-]S(=O)(=O)C(F)(F)F,CCC(=O)C(C)C(CC)SC#N,0.92,Li,OTf,Sca8850f40247,185.292,156.01,344,64,5.375,5.6222,9864,True,False,not_built
317,319,elb2567551e85e,[Li+].[O-]S(=O)(=O)C(F)(F)F,CC1CC(C)C(CCC(=O)N(C)C)C1,0.61,Li,OTf,Sacaced582033,197.322,156.01,502,64,7.844,6.4476,19150,True,False,not_built
318,320,elde9ae44a2c4c,[Li+].[O-]S(=O)(=O)C(F)(F)F,CC12CC34CC5CC3C1(CC54)C2,1.28,Li,OTf,Sc9f793c4e322,160.26,156.01,275,64,4.297,5.0362,8276,True,False,not_built
319,321,el639a2ea71bf7,[Li+].[O-]S(=O)(=O)C(F)(F)F,CCCP(C)CCC(C)CC,0.57,Li,OTf,S03a167418cad,174.268,156.01,611,64,9.547,6.595,21350,True,False,not_built
320,322,el6de4cc0996b5,[Li+].[O-]S(=O)(=O)C(F)(F)F,CCCC(C)C(C)(CC(C)C)C(C)C,0.66,Li,OTf,S6e63502a03fe,198.394,156.01,459,64,7.172,6.2804,20772,True,False,not_built
321,323,el14e40aeeae79,[Li+].[O-]S(=O)(=O)C(F)(F)F,CC(F)CC(C)(F)C#N,0.92,Li,OTf,S21ee62110bf4,133.141,156.01,478,64,7.469,5.6222,9180,True,False,not_built
322,324,el5625c5c7740d,[Li+].[O-]S(=O)(=O)C(F)(F)F,CCC(CC(C)(F)F)C(=O)CC#N,1.32,Li,OTf,S226863e83430,189.205,156.01,225,64,3.516,4.9848,6426,True,False,not_built
323,325,elb960c46d6262,[Li+].[O-]S(=O)(=O)C(F)(F)F,CC(=O)C1CC(C)CCC1C,0.74,Li,OTf,S43e65862d143,154.253,156.01,523,64,8.172,6.0454,15743,True,False,not_built
324,326,ela6ce3d7d4ca8,[Li+].[O-]S(=O)(=O)C(F)(F)F,CC(C#N)C1CCC(C)C1(C)C,0.88,Li,OTf,S148e2fa0c07c,165.28,156.01,404,64,6.312,5.7062,13100,True,False,not_built
325,327,el935ee93479f8,[Li+].[O-]S(=O)(=O)C(F)(F)F,COCCC(C(C)C)C(C)C,0.34,Li,OTf,S4bbc75ff2226,158.285,156.01,1152,64,18.0,7.8345,38592,True,False,not_built
326,328,el8ef795960518,[Li+].[O-]S(=O)(=O)C(F)(F)F,CC1C2CC3C(C2)C3C1CC#N,0.43,Li,OTf,S2c58752f76d1,161.248,156.01,887,64,13.859,7.2446,24525,True,False,not_built
327,329,elbb7c356e776e,[Li+].[O-]S(=O)(=O)C(F)(F)F,CCCC1CC(=O)C(C(C)C)C1(C)C,0.34,Li,OTf,Sd86af9db6f52,196.334,156.01,929,64,14.516,7.8345,35878,True,False,not_built
328,330,elca112586b1b8,[Li+].[O-]S(=O)(=O)C(F)(F)F,CCC1(C)CC1CCC(C)C(C)C#N,0.39,Li,OTf,S51e845198b25,193.334,156.01,818,64,12.781,7.4843,30842,True,False,not_built
329,331,el5cea99dd664b,[Li+].[O-]S(=O)(=O)C(F)(F)F,CCCCC(SC)SSC,1.37,Li,OTf,S18e7dafbc7d1,196.406,156.01,208,64,3.25,4.9234,5984,True,False,not_built
330,332,el32dc53d38420,[Li+].[O-]S(=O)(=O)C(F)(F)F,CCCC(=O)C(C)C(=O)CC(C)=O,1.32,Li,OTf,S22d594f40992,184.235,156.01,231,64,3.609,4.9848,7275,True,False,not_built
331,333,el8b8c670751c2,[Li+].[O-]S(=O)(=O)C(F)(F)F,CC1COCC2(C1)C(=O)OCC2C#N,1.32,Li,OTf,S1c44bbe44955,195.218,156.01,218,64,3.406,4.9848,6462,True,False,not_built
332,334,el1ccdce02977c,[Li+].[O-]S(=O)(=O)C(F)(F)F,CC(Cl)CC(C#N)CC(C)(C)C,0.34,Li,OTf,S04f9354a0ce7,187.714,156.01,971,64,15.172,7.8345,29706,True,False,not_built
333,335,el2789b731e969,[Li+].[O-]S(=O)(=O)C(F)(F)F,CCOC(C)OC(=O)OC,0.39,Li,OTf,Sa65afd9a774c,148.158,156.01,1068,64,16.688,7.4843,24072,True,False,not_built
334,336,el59414cb0dcfa,[Li+].[O-]S(=O)(=O)C(F)(F)F,CC(=O)CC(=O)C1(C)CC1C,0.61,Li,OTf,S2b6667448be0,154.209,156.01,642,64,10.031,6.4476,16626,True,False,not_built
335,337,el9bf8135d61c0,[Li+].[O-]S(=O)(=O)C(F)(F)F,CCCCCCC(CC)C(C)(C)C,0.97,Li,OTf,Sf7b1e6b7e901,184.367,156.01,326,64,5.094,5.5239,13942,True,False,not_built
336,338,elc67ec9215803,[Li+].[O-]S(=O)(=O)C(F)(F)F,CC(=O)OC1(C)CCCC(C)(C)C1C,0.7,Li,OTf,S2dc26f76daea,198.306,156.01,431,64,6.734,6.1585,16092,True,False,not_built
337,339,el544c3b96f48b,[Li+].[O-]S(=O)(=O)C(F)(F)F,CCCCC(C)C(=O)C(C)(C#N)CC,0.88,Li,OTf,Sa4b7429fc237,195.306,156.01,342,64,5.344,5.7062,12546,True,False,not_built
338,340,elbd8301cd947c,[Li+].[O-]S(=O)(=O)C(F)(F)F,C1CC2CC2CC2CCC3(C1)CC3C2,0.48,Li,OTf,S4e82a84f8f17,190.33,156.01,670,64,10.469,6.9838,24696,True,False,not_built
339,341,el1dfe747796ba,[Li+].[O-]S(=O)(=O)C(F)(F)F,CC(CC1CCC1)C(=O)Cl,1.19,Li,OTf,Sbf7df6db1f34,160.644,156.01,298,64,4.656,5.1601,7430,True,False,not_built
340,342,eldc05c2a6f407,[Li+].[O-]S(=O)(=O)C(F)(F)F,CC(F)C(=O)C1(C)CCCO1,0.66,Li,OTf,S689754e2e743,160.188,156.01,569,64,8.891,6.2804,14232,True,False,not_built
341,343,el8fb30bd33006,[Li+].[O-]S(=O)(=O)C(F)(F)F,CCC1C(C)CC1C(C)C,0.34,Li,OTf,Sd81005bda8b7,140.27,156.01,1300,64,20.312,7.8345,39576,True,False,not_built
342,344,elfdbb0882afa0,[Li+].[O-]S(=O)(=O)C(F)(F)F,CC(C)N(C(C)C)C(C)C1(C)CC1,1.19,Li,OTf,S0ee0dc5a8bf4,183.339,156.01,261,64,4.078,5.1601,10494,True,False,not_built
343,345,el85d71ae4dfea,[Li+].[O-]S(=O)(=O)C(F)(F)F,CCCCC(C)C(=O)C1CO1,1.41,Li,OTf,Sfcbb517ad521,156.225,156.01,253,64,3.953,4.8764,7407,True,False,not_built
344,346,el081c338a932e,[Li+].[O-]S(=O)(=O)C(F)(F)F,COC1=CSC=CC1,0.3,Li,OTf,S7646c4e68019,128.196,156.01,1618,64,25.281,8.1683,26464,True,False,not_built
345,347,el75d3a21ec210,[Li+].[O-]S(=O)(=O)C(F)(F)F,CCC(CC)C(=O)CS(C)(=O)=O,0.83,Li,OTf,Sd3ae60486a18,192.28,156.01,370,64,5.781,5.8185,10936,True,False,not_built
346,348,elf7fe7af920ab,[Li+].[O-]S(=O)(=O)C(F)(F)F,COc1cc(-c2ccccc2)c[nH]1,1.32,Li,OTf,S53b96ba881ae,173.215,156.01,246,64,3.844,4.9848,6480,True,False,not_built
347,349,el46fcbf7b2619,[Li+].[O-]S(=O)(=O)C(F)(F)F,CC(C)CC1(C)CC(C)C12CC2,1.14,Li,OTf,S7f630a259675,166.308,156.01,302,64,4.719,5.2344,10844,True,False,not_built
348,350,el29dae21b325c,[Li+].[O-]S(=O)(=O)C(F)(F)F,CCCC(CC#N)CCC(C)CC,1.32,Li,OTf,Sec2908caa354,181.323,156.01,235,64,3.672,4.9848,9036,True,False,not_built
349,351,ela0fff5f2b46e,[Li+].[O-]S(=O)(=O)C(F)(F)F,CCOC(=O)CC1CC1C1CCCC1,0.79,Li,OTf,S7a56115b4c36,196.29,156.01,383,64,5.984,5.9151,13598,True,False,not_built
350,352,elde27aeaf3b40,[Li+].[N-](C#N)C#N,CC(=O)CCC(C)(C)C(C)C(C)C,1.46,Li,DCA,S778694cdca07,184.323,72.984,223,64,3.484,4.8201,8635,True,False,not_built
351,353,el860dac817c56,[Li+].[N-](C#N)C#N,CC(C)C(C1CC1)C(C)(C)C,1.32,Li,DCA,S30c282926cf7,154.297,72.984,296,64,4.625,4.9848,10152,True,False,not_built
352,354,el8d5638634169,[Li+].[N-](C#N)C#N,CC(C)C1CCCC1(C)C#N,0.7,Li,DCA,S7e0a854d8c2e,151.253,72.984,586,64,9.156,6.1585,16792,True,False,not_built
353,355,el728f320ea58e,[Li+].[N-](C#N)C#N,CCCC(C)C(C)CCC(=O)CC#N,0.88,Li,DCA,S5abea7358f4a,195.306,72.984,358,64,5.594,5.7062,12914,True,False,not_built
354,356,el3175298e5c75,[Li+].[N-](C#N)C#N,CC(C)C1CCC2C(C1)C1C2N1C,0.92,Li,DCA,S82dda085815f,179.307,72.984,373,64,5.828,5.6222,13066,True,False,not_built
355,357,elb85eacdd0747,[Li+].[N-](C#N)C#N,CCCCC(C)(CC)CCC(C)=O,1.23,Li,DCA,S7a6b389b9d55,184.323,72.984,267,64,4.172,5.1035,10263,True,False,not_built
356,358,ela12ee8a5d3ad,[Li+].[N-](C#N)C#N,CCCC(=O)CCCCC(F)CC,1.14,Li,DCA,Sa6dd15fd0e20,188.286,72.984,284,64,4.438,5.2344,10040,True,False,not_built
357,359,elfc6b1c749ce5,[Li+].[N-](C#N)C#N,CCCC(CC)C(C)(C)CSC,1.32,Li,DCA,Se2c915dfb207,188.38,72.984,243,64,3.797,4.9848,9132,True,False,not_built
358,360,el6de9383f24e7,[Li+].[N-](C#N)C#N,CCCCC1CCCC(CC)C(C)C1,0.74,Li,DCA,Sad1eacf0b333,196.378,72.984,426,64,6.656,6.0454,18276,True,False,not_built
359,361,el1008c53d1b3f,[Li+].[N-](C#N)C#N,CCCCC(=O)C(C)(C)C(C)C,0.92,Li,DCA,S3f15ac81e06e,170.296,72.984,392,64,6.125,5.6222,13712,True,False,not_built
360,362,ela1cce6752d98,[Li+].[N-](C#N)C#N,CC(=O)C1C2CC3CC(C2)CC1C3,0.83,Li,DCA,S1714f3826520,178.275,72.984,417,64,6.516,5.8185,13311,True,False,not_built
361,363,el19e7aeec1650,[Li+].[N-](C#N)C#N,CC1C2C(=O)C(=O)C(CC(C)(C)C)C12,1.41,Li,DCA,S941de040ae01,194.274,72.984,219,64,3.422,4.8764,7392,True,False,not_built
362,364,el475b4e21cc38,[Li+].[N-](C#N)C#N,FCC1OCCO1,0.66,Li,DCA,Sc6d1213a5bbb,106.096,72.984,888,64,13.875,6.2804,12816,True,False,not_built
363,365,el794a5d3bc7c5,[Li+].[N-](C#N)C#N,CCCCCCCC(C)P,1.01,Li,DCA,S9c8179824544,160.241,72.984,378,64,5.906,5.45,12102,True,False,not_built
364,366,el2208b9882a37,[Li+].[N-](C#N)C#N,CCCCCC1CC1C(=O)C(=O)C#N,0.43,Li,DCA,Sf307e9b7d786,193.246,72.984,756,64,11.812,7.2446,22308,True,False,not_built
365,367,el5c18597ebdab,[Li+].[N-](C#N)C#N,CCCCC(C)C12CCCCCC1C2,1.32,Li,DCA,Sf52dcecf144a,194.362,72.984,235,64,3.672,4.9848,9784,True,False,not_built
366,368,el93e0bdebae98,[Li+].[N-](C#N)C#N,CCCC1CC(=O)C(C(C)C)C1(C)C,0.74,Li,DCA,Sd86af9db6f52,196.334,72.984,427,64,6.672,6.0454,16610,True,False,not_built
367,369,el6d523d252bf4,[Li+].[N-](C#N)C#N,CC(C)(CS(=O)(=O)F)C1CC1,0.7,Li,DCA,S47844fb1745a,180.244,72.984,492,64,7.688,6.1585,12192,True,False,not_built
368,370,el7e0bf78fe305,[Li+].[N-](C#N)C#N,CCCC(C)C(C)(C)CCC(C)=O,1.01,Li,DCA,S46f60018b3ae,184.323,72.984,329,64,5.141,5.45,12557,True,False,not_built
369,371,elb0359fafde63,[Li+].[N-](C#N)C#N,CCON(C)C(C)C1CCCS1,0.88,Li,DCA,S25d091ed29f0,189.324,72.984,370,64,5.781,5.7062,11854,True,False,not_built
370,372,el3b406d97ecd6,[Li+].[N-](C#N)C#N,CC1C2CC3C(C2)C3C1CC#N,1.32,Li,DCA,S2c58752f76d1,161.248,72.984,284,64,4.438,4.9848,8052,True,False,not_built
371,373,el2f248df56bbf,[Li+].[N-](C#N)C#N,CCCC(Cl)(CC)CC,0.92,Li,DCA,S29111ea00e0a,148.677,72.984,449,64,7.016,5.6222,12058,True,False,not_built
372,374,el23eb0f91a9c4,[Li+].[N-](C#N)C#N,CCCC(C)C(C)S(=O)(=O)F,0.92,Li,DCA,S0dfa37ccb00f,182.26,72.984,367,64,5.734,5.6222,9926,True,False,not_built
373,375,el01b5747d9d8f,[Li+].[N-](C#N)C#N,CC1(C(=O)C2CCCCC2=O)CCC1,0.39,Li,DCA,S2c6db26ab6e2,194.274,72.984,831,64,12.984,7.4843,26976,True,False,not_built
374,376,el0a22dc1e2e2f,[Li+].[N-](C#N)C#N,CC(=O)CCCCC(C)CC(C)=O,0.3,Li,DCA,S6fb169a60611,184.279,72.984,1143,64,17.859,8.1683,38103,True,False,not_built
375,377,el00ba9db2dd18,[Li+].[N-](C#N)C#N,CCC(C)OC(=O)CSC,0.79,Li,DCA,Sbb7fa83b9196,162.254,72.984,482,64,7.531,5.9151,11952,True,False,not_built
376,378,eld8981bcbbd80,[Li+].[N-](C#N)C#N,CCCCCOC(=O)C(C)C,1.5,Li,DCA,Sd1dc43143f43,158.241,72.984,252,64,3.938,4.7768,7692,True,False,not_built
377,379,el03e9bb358853,[Li+].[N-](C#N)C#N,CCCC(C)C1OC(=O)C1C,1.41,Li,DCA,S483e2c366092,156.225,72.984,273,64,4.266,4.8764,7755,True,False,not_built
378,380,el2b0bffbbf45e,[Li+].[N-](C#N)C#N,CC12CC34CC5CC3C1(CC54)C2,1.06,Li,DCA,Sc9f793c4e322,160.26,72.984,360,64,5.625,5.3629,10464,True,False,not_built
379,381,el9c67e5fc1950,[Li+].[N-](C#N)C#N,CC1CN2C(C)C3OC(=O)OC3C12,1.06,Li,DCA,S54bc35cabc25,183.207,72.984,315,64,4.922,5.3629,8574,True,False,not_built
380,382,el663e0067b9be,[Li+].[N-](C#N)C#N,CN(C)C(=O)CC1(C)CC2CC1C2,0.74,Li,DCA,Saaf6455ac71f,181.279,72.984,462,64,7.219,6.0454,15168,True,False,not_built
381,383,el074c60ffa47e,[Li+].[N-](C#N)C#N,CCC(C#N)CC1CCCCC1,0.48,Li,DCA,Sd5a9ab0ab734,165.28,72.984,790,64,12.344,6.9838,24874,True,False,not_built
382,384,ele41f2267de66,[Li+].[N-](C#N)C#N,CC1C(=O)CCC2(C#N)C(C3CC3)C12,0.3,Li,DCA,Sc049651726c3,189.258,72.984,1113,64,17.391,8.1683,32661,True,False,not_built
383,385,el931255e38c94,[Li+].[N-](C#N)C#N,CC1C2CC2C1(C)CC1CCCC1,0.7,Li,DCA,Scb01268f32c8,178.319,72.984,497,64,7.766,6.1585,17779,True,False,not_built
384,386,elb65c2a7f762a,[Li+].[N-](C#N)C#N,CCCC12CC(C1CC)N(C)C2CC,0.66,Li,DCA,S4bba1360ab7c,195.35,72.984,482,64,7.531,6.2804,19182,True,False,not_built
385,387,ela0c93e5dcede,[Li+].[N-](C#N)C#N,CC(C)CC(F)(F)C(C)CF,0.52,Li,DCA,S95a88cb3ce65,168.202,72.984,715,64,11.172,6.7999,18974,True,False,not_built
386,388,el59c68725db86,[Li+].[N-](C#N)C#N,CCCP(C)CCC(C)CC,0.61,Li,DCA,S03a167418cad,174.268,72.984,586,64,9.156,6.4476,20308,True,False,not_built
387,389,elebb77f4d59e7,[Li+].[N-](C#N)C#N,C1CC2CC2C(C2CC2)C1,0.3,Li,DCA,S93948a0c378c,136.238,72.984,1546,64,24.156,8.1683,40580,True,False,not_built
388,390,eldd077a069869,[Li+].[N-](C#N)C#N,CCCCC(C)C(C)SOC,1.06,Li,DCA,Se732b32e0b9a,176.325,72.984,327,64,5.109,5.3629,10521,True,False,not_built
389,391,el633645dbac0c,[Li+].[N-](C#N)C#N,CCCC(Cl)C(C#N)CC,1.41,Li,DCA,S08ece3fc4c24,159.66,72.984,267,64,4.172,4.8764,6792,True,False,not_built
390,392,el29c09e67d575,[Li+].[N-](C#N)C#N,C1CCC23CC2C2CC2(C1)C3,1.14,Li,DCA,S3e08d4e3d6f8,148.249,72.984,360,64,5.625,5.2344,10104,True,False,not_built
391,393,el984c4f5f2380,[Li+].[N-](C#N)C#N,CCCC(C(=O)CC)C(CC)C(C)C,0.83,Li,DCA,S132a7250d70e,198.35,72.984,375,64,5.859,5.8185,15384,True,False,not_built
392,394,elc75b46c06d20,[Li+].[N-](C#N)C#N,CCCC(C)CC(C)S(C)(=O)=O,0.79,Li,DCA,S215eed19c40e,192.324,72.984,407,64,6.359,5.9151,13408,True,False,not_built
393,395,el9d1b5dd9d2fc,[Li+].[N-](C#N)C#N,CCCC1(CC)COC(=O)OC1,0.66,Li,DCA,Sda1cacdbc9c4,172.224,72.984,547,64,8.547,6.2804,15700,True,False,not_built
394,396,elece797fcc586,[Li+].[N-](C#N)C#N,CC(=O)CCC1CCC(C)O1,0.43,Li,DCA,S618f437d963b,156.225,72.984,935,64,14.609,7.2446,25629,True,False,not_built
395,397,elc80befe5c4d3,[Li+].[N-](C#N)C#N,CC(C)N(C(C)C)C(C)C1(C)CC1,1.01,Li,DCA,S0ee0dc5a8bf4,183.339,72.984,331,64,5.172,5.45,12962,True,False,not_built
396,398,ele7f9b07cdaeb,[Li+].[N-](C#N)C#N,CCCC1C(CC)OCC1C1(C)CC1,0.97,Li,DCA,S51a7cc6e236d,196.334,72.984,322,64,5.031,5.5239,12620,True,False,not_built
397,399,el10fac86ad64b,[Li+].[N-](C#N)C#N,CCC(C)PCCCPC,0.3,Li,DCA,Sa756177b6943,178.196,72.984,1182,64,18.469,8.1683,35844,True,False,not_built
398,400,eld90495f87d34,[Li+].[N-](C#N)C#N,CCS(=O)(=O)C1CCC1,0.79,Li,DCA,S8c52916a9cc4,148.227,72.984,528,64,8.25,5.9151,11472,True,False,not_built
399,401,el37988854c4dd,[Li+].[N-](C#N)C#N,CC1CC(C2C(C)C(C)CC2(C)C)C1,0.61,Li,DCA,S8f3fb4a9257f,194.362,72.984,526,64,8.219,6.4476,21424,True,False,not_built
400,402,el3605aa4a0700,[Li+].[C-](C#N)(C#N)C#N,CCOC(=O)CC1CC1C1CCCC1,1.37,Li,TCM,S7a56115b4c36,196.29,97.006,219,64,3.422,4.9234,7958,True,False,not_built
401,403,elc1fc28e24ac1,[Li+].[C-](C#N)(C#N)C#N,COC(=O)CC1CCCCCC(C)C1,0.83,Li,TCM,Se3c12237517c,198.306,97.006,370,64,5.781,5.8185,13832,True,False,not_built
402,404,el28147fa3375b,[Li+].[C-](C#N)(C#N)C#N,CCC1(F)C(C)CC(C)CC1F,0.3,Li,TCM,Sd415bea370cb,176.25,97.006,1190,64,18.594,8.1683,36212,True,False,not_built
403,405,ela89c8cf406d0,[Li+].[C-](C#N)(C#N)C#N,CCCCC1C(CC)C1(C)Cl,1.46,Li,TCM,S1757108f5ae5,174.715,97.006,230,64,3.594,4.8201,7412,True,False,not_built
404,406,el78d843036bb5,[Li+].[C-](C#N)(C#N)C#N,CCCCC(C(C)=O)C(Cl)Cl,0.92,Li,TCM,Sb4b28df0322c,197.105,97.006,334,64,5.219,5.6222,8862,True,False,not_built
405,407,el85f6afbb3e04,[Li+].[C-](C#N)(C#N)C#N,CCC1(C#N)CCCCC(=O)O1,0.61,Li,TCM,S42a5d3df1f5a,167.208,97.006,606,64,9.469,6.4476,15662,True,False,not_built
406,408,elad7831f13419,[Li+].[C-](C#N)(C#N)C#N,CCCC1(CC)OOOC1C,1.1,Li,TCM,S3edb542cccd8,160.213,97.006,340,64,5.312,5.2971,9692,True,False,not_built
407,409,elddb36032afc7,[Li+].[C-](C#N)(C#N)C#N,CN(C)C1=COC(C#N)=CO1,0.92,Li,TCM,S773fac990d31,152.153,97.006,433,64,6.766,5.6222,8739,True,False,not_built
408,410,el9db19d14c9aa,[Li+].[C-](C#N)(C#N)C#N,CC(C)CCC1(C)N(C(C)C)C1(C)C,0.3,Li,TCM,Sc12b495e079e,197.366,97.006,1062,64,16.594,8.1683,44054,True,False,not_built
409,411,el1bbb42609ef3,[Li+].[C-](C#N)(C#N)C#N,CCCC(Cl)(Cl)C(F)(F)F,1.23,Li,TCM,S83cd55626e8f,195.011,97.006,248,64,3.875,5.1035,4728,True,False,not_built
410,412,el19c65104f7b5,[Li+].[C-](C#N)(C#N)C#N,CCCCCC1(C2CC2)CC1,0.79,Li,TCM,S88c0256d29e4,152.281,97.006,508,64,7.938,5.9151,16260,True,False,not_built
411,413,el23b8e4a012cb,[Li+].[C-](C#N)(C#N)C#N,CCC12CC1OC(=O)CCCCC2C,1.14,Li,TCM,S87be929fcdd1,196.29,97.006,267,64,4.172,5.2344,9590,True,False,not_built
412,414,el105a8da1de7e,[Li+].[C-](C#N)(C#N)C#N,CCCN(CCC(C)C)C(C)C,1.41,Li,TCM,S0b95c9bae88a,171.328,97.006,244,64,3.812,4.8764,9540,True,False,not_built
413,415,el301a5591ae98,[Li+].[C-](C#N)(C#N)C#N,CCCC(=O)C(C)C(=O)CC(C)=O,1.06,Li,TCM,S22d594f40992,184.235,97.006,308,64,4.812,5.3629,9444,True,False,not_built
414,416,el280afe28fc07,[Li+].[C-](C#N)(C#N)C#N,CCOC(=O)C(CC(C)=O)C1CC1C,1.1,Li,TCM,S47c98294ff41,198.262,97.006,275,64,4.297,5.2971,9312,True,False,not_built
415,417,el612f873c2c68,[Li+].[C-](C#N)(C#N)C#N,CCCSC(C)CC(C)CC,0.61,Li,TCM,S89eb5805c65c,174.353,97.006,581,64,9.078,6.4476,19685,True,False,not_built
416,418,el683efbf5e6e2,[Li+].[C-](C#N)(C#N)C#N,CCCOC(=O)OCCC(C)OC,0.57,Li,TCM,Sfa9b574ca493,190.239,97.006,571,64,8.922,6.595,18213,True,False,not_built
417,419,elda090e9aab6d,[Li+].[C-](C#N)(C#N)C#N,CCC(C)CC1C(C)C(C)C1C,0.79,Li,TCM,Scd193559ed5c,168.324,97.006,460,64,7.188,5.9151,17072,True,False,not_built
418,420,el3022adab029a,[Li+].[C-](C#N)(C#N)C#N,C1CC2CC1CC1CC21,1.32,Li,TCM,S2c8bb0cecdef,122.211,97.006,367,64,5.734,4.9848,8953,True,False,not_built
419,421,elfc924df2aab8,[Li+].[C-](C#N)(C#N)C#N,CCCC1C(CC)OCC1C1(C)CC1,0.92,Li,TCM,S51a7cc6e236d,196.334,97.006,336,64,5.25,5.6222,13280,True,False,not_built
420,422,elffcde2f5bb2d,[Li+].[C-](C#N)(C#N)C#N,CC1C2CC3CC3C(C#N)C(C2)C1C,0.7,Li,TCM,S212fcef44279,189.302,97.006,464,64,7.25,6.1585,15824,True,False,not_built
421,423,el6b25708df874,[Li+].[C-](C#N)(C#N)C#N,CS(=O)(=O)C1CCCCC1,1.23,Li,TCM,S5300873bc4a7,162.254,97.006,298,64,4.656,5.1035,7664,True,False,not_built
422,424,el6c4d926f0d5f,[Li+].[C-](C#N)(C#N)C#N,CC(C)C1CCCCCCCCCC1,1.32,Li,TCM,Sd05e72462d5b,196.378,97.006,228,64,3.562,4.9848,10088,True,False,not_built
423,425,el9de51d99e019,[Li+].[C-](C#N)(C#N)C#N,CCCCC(C)C(C)SOC,1.41,Li,TCM,Se732b32e0b9a,176.325,97.006,237,64,3.703,4.8764,7859,True,False,not_built
424,426,el99c298708858,[Li+].[C-](C#N)(C#N)C#N,CC(Cl)CC1CC(C#N)C1,0.66,Li,TCM,Sefc0a92539bb,157.644,97.006,592,64,9.25,6.2804,13536,True,False,not_built
425,427,elfd622f6de092,[Li+].[C-](C#N)(C#N)C#N,CCCC(C)(C#N)CCl,1.14,Li,TCM,Sf1f1a71ce265,145.633,97.006,360,64,5.625,5.2344,8072,True,False,not_built
426,428,ela308fc46373a,[Li+].[C-](C#N)(C#N)C#N,CC(C)C(=O)C(=O)C(C)(C)CC#N,1.01,Li,TCM,S39eca86e5cae,181.235,97.006,329,64,5.141,5.45,9724,True,False,not_built
427,429,elf7330e8f4a0d,[Li+].[C-](C#N)(C#N)C#N,CC1CCC2C(C)CC(C)C2C1,0.83,Li,TCM,S18868d4b6d16,166.308,97.006,442,64,6.906,5.8185,15540,True,False,not_built
428,430,el9b189165f584,[Li+].[C-](C#N)(C#N)C#N,CCCC(C(C)C)C1(C)CCCC1,0.79,Li,TCM,Sf6505944a542,182.351,97.006,424,64,6.625,5.9151,17048,True,False,not_built
429,431,el070e68569046,[Li+].[C-](C#N)(C#N)C#N,COC(C)CC1CCCC12CCC2,0.43,Li,TCM,S3c2b9a6b3cbf,182.307,97.006,796,64,12.438,7.2446,28372,True,False,not_built
430,432,el91454396dff9,[Li+].[C-](C#N)(C#N)C#N,CCC1CC(C)C(C)(C)C1(C)C,0.61,Li,TCM,S9493aee39285,168.324,97.006,602,64,9.406,6.4476,22184,True,False,not_built
431,433,el10ecde2b489e,[Li+].[C-](C#N)(C#N)C#N,CCC(CCC(C)C(C)C)OC,0.97,Li,TCM,S2d7695c3830d,172.312,97.006,362,64,5.656,5.5239,13544,True,False,not_built
432,434,el535f41b2f451,[Li+].[C-](C#N)(C#N)C#N,CCCC(CCC(F)F)C(=O)OC,1.37,Li,TCM,S3edf6137d9c9,194.221,97.006,222,64,3.469,4.9234,6950,True,False,not_built
433,435,el14ecc67deacf,[Li+].[C-](C#N)(C#N)C#N,CC1(C(F)F)CCCC1=O,1.37,Li,TCM,S51f19d4718d1,148.152,97.006,291,64,4.547,4.9234,6332,True,False,not_built
434,436,elbf866e92047e,[Li+].[C-](C#N)(C#N)C#N,CC1CC2CC(C2)C(C)C(=O)OC1C,0.52,Li,TCM,S06b428d05009,196.29,97.006,608,64,9.5,6.7999,21184,True,False,not_built
435,437,elc5b1e32ed3c1,[Li+].[C-](C#N)(C#N)C#N,CCC(C(=O)OC)S(=O)(=O)CC,1.14,Li,TCM,S00ae5d24d88e,194.252,97.006,270,64,4.219,5.2344,7532,True,False,not_built
436,438,el021adaa5c966,[Li+].[C-](C#N)(C#N)C#N,CCC1CCC(Cl)C1C(C)=O,0.39,Li,TCM,Sb99841ae74a7,174.671,97.006,919,64,14.359,7.4843,24406,True,False,not_built
437,439,el62dacf3ffed1,[Li+].[C-](C#N)(C#N)C#N,CC12CC3CC(C1)C2C3,1.1,Li,TCM,S564bf053352a,122.211,97.006,446,64,6.969,5.2971,10770,True,False,not_built
438,440,ela8b9a95ba90e,[Li+].[C-](C#N)(C#N)C#N,CCC(C)C(=O)CCC(C)C(C)(C)C,0.7,Li,TCM,Sf19b728d9135,198.35,97.006,443,64,6.922,6.1585,18232,True,False,not_built
439,441,el76adf7d6cfef,[Li+].[C-](C#N)(C#N)C#N,CCN(C)CC1(CC(C)C)CCC1,0.83,Li,TCM,S02f75f962139,183.339,97.006,401,64,6.266,5.8185,15750,True,False,not_built
440,442,elcc3dd3c0418a,[Li+].[C-](C#N)(C#N)C#N,CCCCOS(C)(C)C(C)(C)C,1.19,Li,TCM,S51cb37ed5e76,192.368,97.006,261,64,4.078,5.1601,9908,True,False,not_built
441,443,elb29cb282fc26,[Li+].[C-](C#N)(C#N)C#N,CC(C)N(C)C(CCF)CC(F)F,0.79,Li,TCM,S449c85953918,197.244,97.006,392,64,6.125,5.9151,12664,True,False,not_built
442,444,eldac4b20ad6b2,[Li+].[C-](C#N)(C#N)C#N,CCCCC(CC)C(C)CC(C)C,1.28,Li,TCM,Sfc50a27988ff,184.367,97.006,251,64,3.922,5.0362,10803,True,False,not_built
443,445,el8260e0b58425,[Li+].[C-](C#N)(C#N)C#N,C#Cc1sccc1C(C)(C)C,0.92,Li,TCM,Sb8c4ec3d9f9d,164.273,97.006,401,64,6.266,5.6222,9735,True,False,not_built
444,446,el0775875a07bf,[Li+].[C-](C#N)(C#N)C#N,CCC1(C)CC1CCC(C)C(C)C#N,1.5,Li,TCM,S51e845198b25,193.334,97.006,202,64,3.156,4.7768,7986,True,False,not_built
445,447,el38e2919fee7f,[Li+].[C-](C#N)(C#N)C#N,CCCC1CC(=O)C(C(C)C)C1(C)C,1.06,Li,TCM,Sd86af9db6f52,196.334,97.006,289,64,4.516,5.3629,11494,True,False,not_built
446,448,el436057e9ec66,[Li+].[C-](C#N)(C#N)C#N,CCCCC(C)(C)C(Cl)C#N,0.66,Li,TCM,S2da4f0e838ce,173.687,97.006,537,64,8.391,6.2804,15011,True,False,not_built
447,449,ela065a3b25c03,[Li+].[C-](C#N)(C#N)C#N,COC(=O)C1CC(C)(F)CC1CF,1.23,Li,TCM,S0e2a3cf7f309,192.205,97.006,252,64,3.938,5.1035,7316,True,False,not_built
448,450,elee2c86ceacae,[Li+].[C-](C#N)(C#N)C#N,CCCC(Cl)C(C#N)CC,0.79,Li,TCM,S08ece3fc4c24,159.66,97.006,485,64,7.578,5.9151,12152,True,False,not_built
449,451,elb1b75c275de7,[Li+].[C-](C#N)(C#N)C#N,CCSCC(CC)SSC,0.92,Li,TCM,S0d661ac5af93,196.406,97.006,336,64,5.25,5.6222,9248,True,False,not_built
450,452,el836bbbf0f5d6,[Li+].[O-][N+](=O)=O,CC(C)C1CCC(CCC#N)C1C,1.23,Li,NO3,S7ccd429524b5,179.307,68.945,276,64,4.312,5.1035,9704,True,False,not_built
451,453,elcf48f38d0c2c,[Li+].[O-][N+](=O)=O,CCON(C)C(C)C1CCCS1,0.92,Li,NO3,S25d091ed29f0,189.324,68.945,354,64,5.531,5.6222,11294,True,False,not_built
452,454,ela30b4ad2316f,[Li+].[O-][N+](=O)=O,CC1CCC2C3CC4CC3CC4C12C,1.46,Li,NO3,S3411ed878697,190.33,68.945,217,64,3.391,4.8201,8132,True,False,not_built
453,455,el5677349ca4ef,[Li+].[O-][N+](=O)=O,COC1=CSC=CC1,0.83,Li,NO3,S7646c4e68019,128.196,68.945,581,64,9.078,5.8185,9616,True,False,not_built
454,456,eleb52b352bfe8,[Li+].[O-][N+](=O)=O,CC1CCC2C(C)CC(C)C2C1,0.43,Li,NO3,S18868d4b6d16,166.308,68.945,879,64,13.734,7.2446,30206,True,False,not_built
455,457,elef312f820c49,[Li+].[O-][N+](=O)=O,CCCC12CC(C1CC)N(C)C2CC,0.34,Li,NO3,S4bba1360ab7c,195.35,68.945,950,64,14.844,7.8345,37370,True,False,not_built
456,458,eldd9ff8fe70e1,[Li+].[O-][N+](=O)=O,CC1CC2CC3CCC(C1)C3C2,1.46,Li,NO3,S3124c1c67d7b,164.292,68.945,251,64,3.922,4.8201,8352,True,False,not_built
457,459,elac905416edc5,[Li+].[O-][N+](=O)=O,CCC(CC)CC(=O)C(C)CC,1.46,Li,NO3,S7bb1936c0770,170.296,68.945,242,64,3.781,4.8201,8548,True,False,not_built
458,460,el9c6c2c22e080,[Li+].[O-][N+](=O)=O,CCCN(CCC(C)C)C(C)C,1.19,Li,NO3,S0b95c9bae88a,171.328,68.945,299,64,4.672,5.1601,11383,True,False,not_built
459,461,el52bd962cc9c6,[Li+].[O-][N+](=O)=O,CCCC1CC1CC(C)(C)CC,0.39,Li,NO3,S0729e0894394,168.324,68.945,960,64,15.0,7.4843,34880,True,False,not_built
460,462,el01054a5b9a97,[Li+].[O-][N+](=O)=O,CCC1CC1C1CCC(C)C1C,0.66,Li,NO3,S0864a8853cc8,166.308,68.945,567,64,8.859,6.2804,19598,True,False,not_built
461,463,el2ff0acb8cbab,[Li+].[O-][N+](=O)=O,CCC(C)CCCC1C2CCC12C,0.34,Li,NO3,Sdad207b418e3,180.335,68.945,1029,64,16.078,7.8345,38393,True,False,not_built
462,464,elb6aa779aa9d1,[Li+].[O-][N+](=O)=O,CCC(C#N)CS(=O)(=O)CC,0.34,Li,NO3,S98fbd1dc7f19,175.253,68.945,1059,64,16.547,7.8345,25736,True,False,not_built
463,465,el17f36ee1bd9d,[Li+].[O-][N+](=O)=O,CCC1CCC2OC(=O)OC12,0.57,Li,NO3,S44b0ad759a7a,156.181,68.945,702,64,10.969,6.595,16466,True,False,not_built
464,466,elbfb412bf0731,[Li+].[O-][N+](=O)=O,CC1CC(C)(C#N)C(=O)C2(C)CC12,1.01,Li,NO3,Sac66560e7d87,177.247,68.945,343,64,5.359,5.45,9924,True,False,not_built
465,467,el393d0747f015,[Li+].[O-][N+](=O)=O,CC(C)CCOC(=O)C(C)(C)F,0.34,Li,NO3,S18cb379914cf,176.231,68.945,1053,64,16.453,7.8345,30857,True,False,not_built
466,468,elb1323014661c,[Li+].[O-][N+](=O)=O,CC(C)N(C)C(CCF)CC(F)F,1.5,Li,NO3,S449c85953918,197.244,68.945,203,64,3.172,4.7768,6613,True,False,not_built
467,469,el44b1b7d92746,[Li+].[O-][N+](=O)=O,CCOC(=O)OCCCS(C)=O,0.83,Li,NO3,S67d9707a7b0d,194.252,68.945,384,64,6.0,5.8185,10304,True,False,not_built
468,470,el5b3d0218cc98,[Li+].[O-][N+](=O)=O,CCC(C(C)C)C1CCC(C)(C)C1C,0.61,Li,NO3,Sfcb43392bce6,196.378,68.945,521,64,8.141,6.4476,22202,True,False,not_built
469,471,el82404527f3b3,[Li+].[O-][N+](=O)=O,CCCC1(CC)C(COC)C1(C)C,0.92,Li,NO3,S768fb88d8bed,184.323,68.945,363,64,5.672,5.6222,13751,True,False,not_built
470,472,elaab85fc60996,[Li+].[O-][N+](=O)=O,CC1CC2CCCC3(CCCC3=O)C12,1.28,Li,NO3,S8b1bf3f51566,192.302,68.945,247,64,3.859,5.0362,8718,True,False,not_built
471,473,ele54493a945f9,[Li+].[O-][N+](=O)=O,CCCC12CC(C)C1CC(=O)O2,0.66,Li,NO3,S10cf9329fa6e,168.236,68.945,561,64,8.766,6.2804,16028,True,False,not_built
472,474,elfc3647521c92,[Li+].[O-][N+](=O)=O,CCC(=O)C(C)CS(=O)C(C)C,0.34,Li,NO3,S7bbcb126e0fa,190.308,68.945,975,64,15.234,7.8345,29570,True,False,not_built
473,475,elae3d5faa2023,[Li+].[O-][N+](=O)=O,COC(=O)C(C)CC(C)CC(C)=O,0.34,Li,NO3,S7e691d351329,186.251,68.945,997,64,15.578,7.8345,31227,True,False,not_built
474,476,el56473afadd1e,[Li+].[O-][N+](=O)=O,CCC1CCC(C)(C)C(=O)C1,1.32,Li,NO3,S0debb2ea78ce,154.253,68.945,297,64,4.641,4.9848,8933,True,False,not_built
475,477,ela769bcc75e02,[Li+].[O-][N+](=O)=O,CCCCC(C)C(=O)C1CO1,0.43,Li,NO3,Sfcbb517ad521,156.225,68.945,936,64,14.625,7.2446,25592,True,False,not_built
476,478,elfc8d2236695a,[Li+].[O-][N+](=O)=O,CCCC(CCC)C[PH](C)=O,1.06,Li,NO3,S906f14670514,176.24,68.945,328,64,5.125,5.3629,10816,True,False,not_built
477,479,elc976e9286643,[Li+].[O-][N+](=O)=O,CC1CCC2CC(C)(C1)C1CC21C,0.74,Li,NO3,S8b89dcd229c6,178.319,68.945,470,64,7.344,6.0454,16770,True,False,not_built
478,480,elb07cceb7090d,[Li+].[O-][N+](=O)=O,COC(=O)OC1CCCC(C)C1,1.23,Li,NO3,Sc20bd1037f85,172.224,68.945,287,64,4.484,5.1035,8356,True,False,not_built
479,481,elfa24c752df66,[Li+].[O-][N+](=O)=O,CCC1(OOC)CC1C,0.34,Li,NO3,Se3c539fd0daf,130.187,68.945,1426,64,22.281,7.8345,33118,True,False,not_built
480,482,el7d3ad91c318a,[Li+].[O-][N+](=O)=O,CSCCCC(C)SC,1.41,Li,NO3,S6c940f6d3035,164.339,68.945,260,64,4.062,4.8764,6820,True,False,not_built
481,483,elda089dfe6d99,[Li+].[O-][N+](=O)=O,CC1COCCCC1(C)C,1.14,Li,NO3,S76cb98704df3,142.242,68.945,376,64,5.875,5.2344,10848,True,False,not_built
482,484,eldbe1eca8a5ef,[Li+].[O-][N+](=O)=O,CC1C2CC3CC3C(C#N)C(C2)C1C,0.83,Li,NO3,S212fcef44279,189.302,68.945,394,64,6.156,5.8185,13322,True,False,not_built
483,485,el3495e6480758,[Li+].[O-][N+](=O)=O,CCCC(CCC)CCC(C)(C)C,0.52,Li,NO3,S79b623a4f639,184.367,68.945,653,64,10.203,6.7999,27093,True,False,not_built
484,486,el81a36077e997,[Li+].[O-][N+](=O)=O,CCCC1C2CCC(C)C(C)C12OC,1.5,Li,NO3,Sd7bdaf9f3368,196.334,68.945,204,64,3.188,4.7768,8072,True,False,not_built
485,487,eld3ad7ffa23ef,[Li+].[O-][N+](=O)=O,CCCC(=O)C(C)C(C)(C)C,0.66,Li,NO3,S540c9bce5ae8,156.269,68.945,604,64,9.438,6.2804,19044,True,False,not_built
486,488,el13322983a260,[Li+].[O-][N+](=O)=O,CC(=O)CCC1CCC(C)O1,0.88,Li,NO3,S618f437d963b,156.225,68.945,449,64,7.016,5.7062,12443,True,False,not_built
487,489,eld9b372dc820f,[Li+].[O-][N+](=O)=O,CC12CCC3CCC(C1)C2COC3,0.79,Li,NO3,S8f5ff86e310c,180.291,68.945,435,64,6.797,5.9151,14675,True,False,not_built
488,490,el3b92b06fd127,[Li+].[O-][N+](=O)=O,CC(C)CSC1CC2CCCC2C1,0.57,Li,NO3,S64b9f25a2563,198.375,68.945,553,64,8.641,6.595,19675,True,False,not_built
489,491,elcb0757843a37,[Li+].[O-][N+](=O)=O,CC(C)CCC1C(C)CC(C)C1(C)C,0.79,Li,NO3,Sf61baf56bf5f,196.378,68.945,399,64,6.234,5.9151,17078,True,False,not_built
490,492,elf8dd161ffbfa,[Li+].[O-][N+](=O)=O,CC(C)C1CCC(Cl)CC1C,0.48,Li,NO3,S4912a45432f3,174.715,68.945,748,64,11.688,6.9838,22760,True,False,not_built
491,493,el277d830a09f2,[Li+].[O-][N+](=O)=O,CCC1CC(C(C)C)C(C)(C)C1C,0.3,Li,NO3,Sb4bbb829a6cc,182.351,68.945,1156,64,18.062,8.1683,45404,True,False,not_built
492,494,el1ec20aeac9a3,[Li+].[O-][N+](=O)=O,CC1CCC1CC1(C#N)CC(C)(C)C1,0.66,Li,NO3,Sba29cb4cafe8,191.318,68.945,493,64,7.703,6.2804,17575,True,False,not_built
493,495,elf9a51c63089a,[Li+].[O-][N+](=O)=O,CCCC1SOC(C)(C)C1C,0.43,Li,NO3,See7b7915ca26,174.309,68.945,839,64,13.109,7.2446,24651,True,False,not_built
494,496,el362ab9368a04,[Li+].[O-][N+](=O)=O,CCC(C#N)C1CCC1,0.79,Li,NO3,S02591dae1a2e,123.199,68.945,637,64,9.953,5.9151,14334,True,False,not_built
495,497,eldda1137d2565,[Li+].[O-][N+](=O)=O,CCCCC1CCCC(CC)C(C)C1,1.37,Li,NO3,Sad1eacf0b333,196.378,68.945,225,64,3.516,4.9234,9770,True,False,not_built
496,498,el5f19d2f865ef,[Li+].[O-][N+](=O)=O,CC1CCCC2(C#N)CCC(C1)C2,0.48,Li,NO3,S74ba05e7be4c,177.291,68.945,737,64,11.516,6.9838,23904,True,False,not_built
497,499,ele24e1dd8e1d6,[Li+].[O-][N+](=O)=O,CCCOCCC1CC(C)CCC1C,0.3,Li,NO3,S91316768d2cc,198.35,68.945,1062,64,16.594,8.1683,42800,True,False,not_built
498,500,elb15b2545891b,[Li+].[O-][N+](=O)=O,CCOC(C)OC(=O)OC,0.43,Li,NO3,Sa65afd9a774c,148.158,68.945,987,64,15.422,7.2446,22034,True,False,not_built
499,501,elc53ac19c2095,[Li+].[O-][N+](=O)=O,CCC1C(C2C3CCCC32)C1(C)C,0.92,Li,NO3,S29d9d1d89fb7,178.319,68.945,376,64,5.875,5.6222,13480,True,False,not_built
500,502,el8e9d2bd6fa5e,[Li+].CC(=O)[O-],CC1C(C#N)C23CC(C)C(C)(C2)C13,0.3,Li,OAc,S4991d945e3bf,175.275,65.985,1203,64,18.797,8.1683,36602,True,False,not_built
501,503,el7e6e3ded926e,[Li+].CC(=O)[O-],CCCC(=O)OSC,1.19,Li,OAc,Se3f549a5d23b,134.2,65.985,382,64,5.969,5.1601,7388,True,False,not_built
502,504,el75b13b784bd2,[Li+].CC(=O)[O-],CC(CS(C)(=O)=O)C(F)CF,0.7,Li,OAc,Sdaeeb9e5227e,186.223,65.985,478,64,7.469,6.1585,11506,True,False,not_built
503,505,el03284dfcf905,[Li+].CC(=O)[O-],CC1(C(F)F)CCCC1=O,0.74,Li,OAc,S51f19d4718d1,148.152,65.985,567,64,8.859,6.0454,11852,True,False,not_built
504,506,elc861a427a900,[Li+].CC(=O)[O-],CCC12C3C4C(C)C5C3C13C4C2C53,0.3,Li,OAc,S492656780d86,172.271,65.985,1224,64,19.125,8.1683,36008,True,False,not_built
505,507,el3d8b4f027a55,[Li+].CC(=O)[O-],CCC(C)CC1(CC)CCCCC1,1.14,Li,OAc,S7d05cbdbe553,182.351,65.985,294,64,4.594,5.2344,11978,True,False,not_built
506,508,elc3a32dbfd041,[Li+].CC(=O)[O-],CC(C)C1CC2CC(C#N)(C2)C(C)C1,0.48,Li,OAc,Sc5da8e3272f7,191.318,65.985,684,64,10.688,6.9838,24452,True,False,not_built
507,509,el6150ed478813,[Li+].CC(=O)[O-],CC(=O)CC1CC1C1CC(C)C2CC21,1.1,Li,OAc,S5abf042b60e2,192.302,65.985,290,64,4.531,5.2971,10372,True,False,not_built
508,510,el180634bb4e50,[Li+].CC(=O)[O-],CC(=O)OCP,1.19,Li,OAc,Sf9576e27998a,106.061,65.985,484,64,7.562,5.1601,6804,True,False,not_built
509,511,eld785a8584402,[Li+].CC(=O)[O-],CC(=O)C1CC2CCCC(C2)C1=O,1.32,Li,OAc,Sc945ef1d4e68,180.247,65.985,255,64,3.984,4.9848,7907,True,False,not_built
510,512,elfba6afb7a128,[Li+].CC(=O)[O-],CCC1(C(C)(C)C)OOC1=O,1.14,Li,OAc,S11daa9807048,158.197,65.985,339,64,5.297,5.2344,8987,True,False,not_built
511,513,elc6b43a54c660,[Li+].CC(=O)[O-],CC1CC(C)(C)C2CCCC12,0.66,Li,OAc,S5a85077a5e68,152.281,65.985,620,64,9.688,6.2804,19732,True,False,not_built
512,514,el0efb18b9ad6a,[Li+].CC(=O)[O-],CCCCC(=O)C(C)(C)C(C)CC,1.19,Li,OAc,Sfd23e7eb1b3a,184.323,65.985,278,64,4.344,5.1601,10798,True,False,not_built
513,515,elef6fcef74e28,[Li+].CC(=O)[O-],CCC1(C2(C)CC3C(C)C3C2)CC1C,1.32,Li,OAc,Sdcd316182b15,192.346,65.985,239,64,3.734,4.9848,9594,True,False,not_built
514,516,elcf3b1d101a3d,[Li+].CC(=O)[O-],CCCCCCCCC(C)CCF,0.66,Li,OAc,S86006ad61426,188.33,65.985,502,64,7.844,6.2804,19588,True,False,not_built
515,517,ele8a456bc92d0,[Li+].CC(=O)[O-],CCC1C(C)C(C)CC1C(C)(C)CC,0.43,Li,OAc,S698aa04d26aa,196.378,65.985,745,64,11.641,7.2446,31802,True,False,not_built
516,518,elb5e8d4e67960,[Li+].CC(=O)[O-],CCCCC(=O)C(C)(C)C(C)C,1.37,Li,OAc,S3f15ac81e06e,170.296,65.985,260,64,4.062,4.9234,9352,True,False,not_built
517,519,el44e8a8530202,[Li+].CC(=O)[O-],CCC(C(C)C)C1(C)C(C)CCC1C,0.48,Li,OAc,Scaafd0d5c5e6,196.378,65.985,666,64,10.406,6.9838,28484,True,False,not_built
518,520,elf2c181757c4a,[Li+].CC(=O)[O-],CCCC(C)N(CC)CC(=O)CC,1.01,Li,OAc,Sda541a8e3cb1,185.311,65.985,329,64,5.141,5.45,12356,True,False,not_built
519,521,el184a3427a5aa,[Li+].CC(=O)[O-],CCCCC(C)S(=O)(=O)Cl,0.57,Li,OAc,Sd18aae4c301d,184.688,65.985,594,64,9.281,6.595,14174,True,False,not_built
520,522,el1223145c17b5,[Li+].CC(=O)[O-],CCCCCCC1(CC)CCC(C)C1,0.43,Li,OAc,S5f05f128dad8,196.378,65.985,745,64,11.641,7.2446,31802,True,False,not_built
521,523,el21c3003af6ca,[Li+].CC(=O)[O-],CC1CC(C2C(C)C(C)CC2(C)C)C1,1.23,Li,OAc,S8f3fb4a9257f,194.362,65.985,255,64,3.984,5.1035,10712,True,False,not_built
522,524,elb51517be3dd6,[Li+].CC(=O)[O-],CCC(CC)(OC(C)=O)C(C)(C)C,0.48,Li,OAc,S1c0509a5bc15,186.295,65.985,702,64,10.969,6.9838,25082,True,False,not_built
523,525,elb57c538b78c0,[Li+].CC(=O)[O-],CCC1C2C3CC4CCC(C)C4(C3)C12,1.1,Li,OAc,S9e42897c7122,190.33,65.985,293,64,4.578,5.2971,11060,True,False,not_built
524,526,el790333a955cd,[Li+].CC(=O)[O-],CCCC1(CC)OOOC1C,1.14,Li,OAc,S3edb542cccd8,160.213,65.985,335,64,5.234,5.2344,9557,True,False,not_built
525,527,elec4841b36857,[Li+].CC(=O)[O-],CCC(C#N)C1CCC1,0.34,Li,OAc,S02591dae1a2e,123.199,65.985,1508,64,23.562,7.8345,33688,True,False,not_built
526,528,el2e61aca89508,[Li+].CC(=O)[O-],CCCCC(C)OC(=O)OCC,0.48,Li,OAc,Sf0923465db12,174.24,65.985,751,64,11.734,6.9838,23042,True,False,not_built
527,529,el2b4ca8b56d5d,[Li+].CC(=O)[O-],CC(Cl)CC(C)CC(C)CCF,1.28,Li,OAc,S49244028bc54,194.721,65.985,244,64,3.812,5.0362,8320,True,False,not_built
528,530,eld0ae1392c32e,[Li+].CC(=O)[O-],CC(CCCC1CC1C)CC(C)(C)C,0.92,Li,OAc,S092311ac4b7e,196.378,65.985,342,64,5.344,5.6222,14876,True,False,not_built
529,531,el353f1875b2a0,[Li+].CC(=O)[O-],CCCCCC(C)C(=O)OCCC,0.43,Li,OAc,S9b643758157f,186.295,65.985,786,64,12.281,7.2446,28022,True,False,not_built
530,532,el1b869267a238,[Li+].CC(=O)[O-],CCCC(OC)C1OC(=O)OC1=O,1.5,Li,OAc,S89917b3a9009,188.179,65.985,214,64,3.344,4.7768,5862,True,False,not_built
531,533,elfd8b1d011002,[Li+].CC(=O)[O-],CCC1(C)CC2C(C)C2C1C(=O)OC,0.61,Li,OAc,Sf7a80b70e1cf,196.29,65.985,522,64,8.156,6.4476,18260,True,False,not_built
532,534,el072e957ec938,[Li+].CC(=O)[O-],CSCCCC(C)SC,0.3,Li,OAc,S6c940f6d3035,164.339,65.985,1283,64,20.047,8.1683,32587,True,False,not_built
533,535,el32dde6c4d280,[Li+].CC(=O)[O-],CCCC(=O)C(=O)OC,1.41,Li,OAc,S350f767980e6,130.143,65.985,330,64,5.156,4.8764,6782,True,False,not_built
534,536,ela511963de651,[Li+].CC(=O)[O-],CCC(C)C(=O)CCC(C)(C)C(C)=O,0.3,Li,OAc,S50bb80543e6c,198.306,65.985,1063,64,16.609,8.1683,38780,True,False,not_built
535,537,el4ec7fb4d9477,[Li+].CC(=O)[O-],CC(C)CC1(C)CCCC(C)C1C#N,0.97,Li,OAc,S019e3680544f,193.334,65.985,328,64,5.125,5.5239,12648,True,False,not_built
536,538,el4943b2e86b90,[Li+].CC(=O)[O-],CCOC(=O)C(CC(C)=O)C1CC1C,1.5,Li,OAc,S47c98294ff41,198.262,65.985,203,64,3.172,4.7768,7008,True,False,not_built
537,539,elf6bd66e5bcfc,[Li+].CC(=O)[O-],COC1CCCC(C2CCC3CC32)C1,1.01,Li,OAc,Sd269ffaefcd5,194.318,65.985,313,64,4.891,5.45,11780,True,False,not_built
538,540,ela2ab629f9a1a,[Li+].CC(=O)[O-],CCCC(C)CC1(C#N)CCC(C)C1,1.01,Li,OAc,S438872e204ff,193.334,65.985,315,64,4.922,5.45,12167,True,False,not_built
539,541,elb2513c8877ab,[Li+].CC(=O)[O-],CC1(C)CCCCCS(=O)(=O)C1,0.74,Li,OAc,Se4b1fea15fa6,190.308,65.985,441,64,6.891,6.0454,13742,True,False,not_built
540,542,elee6eca59489d,[Li+].CC(=O)[O-],CCSCC1CC1CC,0.43,Li,OAc,Sbcc64a73ff0d,144.283,65.985,1014,64,15.844,7.2446,25862,True,False,not_built
541,543,el4762811ac69c,[Li+].CC(=O)[O-],CC(F)C(C)S(C)(C)CF,1.01,Li,OAc,S66717cc722a6,170.268,65.985,358,64,5.594,5.45,9820,True,False,not_built
542,544,el41a783e9e804,[Li+].CC(=O)[O-],CC1CCC12CC2C(=O)OC1(C)CC1,1.41,Li,OAc,S1f168c1db747,194.274,65.985,221,64,3.453,4.8764,7584,True,False,not_built
543,545,eldaf844babb69,[Li+].CC(=O)[O-],CCC(C)C(P)CCCN(C)C,0.39,Li,OAc,Sc7d8b7d1f96b,189.283,65.985,854,64,13.344,7.4843,31256,True,False,not_built
544,546,el453ca3c3040c,[Li+].CC(=O)[O-],CC(C)C(=O)C(=O)C(C)(C)CC#N,1.37,Li,OAc,S39eca86e5cae,181.235,65.985,244,64,3.812,4.9234,7344,True,False,not_built
545,547,elf6ad1718fcc2,[Li+].CC(=O)[O-],CC(=O)C1CCCS(=O)(=O)C1,0.79,Li,OAc,S102a9bcca9d2,176.237,65.985,446,64,6.969,5.9151,10770,True,False,not_built
546,548,el57bacabf12ce,[Li+].CC(=O)[O-],CCCP(C)CCC(C)CC,0.97,Li,OAc,S03a167418cad,174.268,65.985,364,64,5.688,5.5239,12888,True,False,not_built
547,549,elf3ccdafd2384,[Li+].CC(=O)[O-],COC(=O)C(C)CS(C)(=O)=O,0.48,Li,OAc,S0daec2fd1c9a,180.225,65.985,726,64,11.344,6.9838,17210,True,False,not_built
548,550,el5ab88b83c9c4,[Li+].CC(=O)[O-],CCC1C2CC3CC1(CC3C#N)C2=O,1.06,Li,OAc,S1001f6556102,189.258,65.985,306,64,4.781,5.3629,9386,True,False,not_built
549,551,el9b2312f17945,[Li+].CC(=O)[O-],CCC1CCCC12CC(=O)OC2C,0.52,Li,OAc,S9abea462f31b,182.263,65.985,662,64,10.344,6.7999,21034,True,False,not_built
550,552,elfaeabceeedec,[Li+].[O-]C(=O)C(F)(F)F,CCCCC(C#N)CC(C)CC(C)C,0.3,Li,TFA,S8cdd65623f90,195.35,119.955,1069,64,16.703,8.1683,42203,True,False,not_built
551,553,elfa28eb00aa5d,[Li+].[O-]C(=O)C(F)(F)F,CCSCC1CC1CC,0.52,Li,TFA,Sbcc64a73ff0d,144.283,119.955,822,64,12.844,6.7999,21062,True,False,not_built
552,554,elea28107812cb,[Li+].[O-]C(=O)C(F)(F)F,CCC1(F)C(C)CC(C)CC1F,0.83,Li,TFA,Sd415bea370cb,176.25,119.955,412,64,6.438,5.8185,12872,True,False,not_built
553,555,el8bc1f1617eb9,[Li+].[O-]C(=O)C(F)(F)F,CCCC12CC(C1CC)N(C)C2CC,1.19,Li,TFA,S4bba1360ab7c,195.35,119.955,252,64,3.938,5.1601,10340,True,False,not_built
554,556,el23afd0d5ed7e,[Li+].[O-]C(=O)C(F)(F)F,CCCC(C)CC1(C#N)CCC(C)C1,0.83,Li,TFA,S438872e204ff,193.334,119.955,375,64,5.859,5.8185,14387,True,False,not_built
555,557,el737b8496e829,[Li+].[O-]C(=O)C(F)(F)F,CC(C#N)CC1CCCC1,0.3,Li,TFA,Sa4cbf3457150,137.226,119.955,1522,64,23.781,8.1683,38562,True,False,not_built
556,558,el20858988e810,[Li+].[O-]C(=O)C(F)(F)F,CCCC(C(=O)CC)C(CC)C(C)C,0.52,Li,TFA,S132a7250d70e,198.35,119.955,598,64,9.344,6.7999,24432,True,False,not_built
557,559,el394c635c4328,[Li+].[O-]C(=O)C(F)(F)F,CC1CC(OC=O)CCC2(C)CC2C1,1.5,Li,TFA,S54ea9a861261,196.29,119.955,194,64,3.031,4.7768,7108,True,False,not_built
558,560,elce4d60861158,[Li+].[O-]C(=O)C(F)(F)F,CCS(=O)(=O)CCCC(C)(C)F,1.5,Li,TFA,Sdf29eb5de996,196.287,119.955,194,64,3.031,4.7768,6138,True,False,not_built
559,561,el94ee1f88520f,[Li+].[O-]C(=O)C(F)(F)F,CCCCCC(F)C(=O)CN(C)C,0.74,Li,TFA,S215c3dee5440,189.274,119.955,433,64,6.766,6.0454,14801,True,False,not_built
560,562,el58ab2823b5c7,[Li+].[O-]C(=O)C(F)(F)F,CCCC1C(CC)OCC1C1(C)CC1,1.28,Li,TFA,S51a7cc6e236d,196.334,119.955,232,64,3.625,5.0362,9328,True,False,not_built
561,563,el43e6d3ff4248,[Li+].[O-]C(=O)C(F)(F)F,CC1CC2CC(C2)C(C)C(=O)OC1C,1.19,Li,TFA,S06b428d05009,196.29,119.955,251,64,3.922,5.1601,9046,True,False,not_built
562,564,elafaf52c1928d,[Li+].[O-]C(=O)C(F)(F)F,CC(C)C1CCC(CCC#N)C1C,1.46,Li,TFA,S7ccd429524b5,179.307,119.955,219,64,3.422,4.8201,7958,True,False,not_built
563,565,el5adaf6cadcac,[Li+].[O-]C(=O)C(F)(F)F,CC(C)CCC1(C)N(C(C)C)C1(C)C,1.37,Li,TFA,Sc12b495e079e,197.366,119.955,214,64,3.344,4.9234,9286,True,False,not_built
564,566,el41dbff0b23ec,[Li+].[O-]C(=O)C(F)(F)F,CCCCC(SC)SSC,1.06,Li,TFA,S18e7dafbc7d1,196.406,119.955,284,64,4.438,5.3629,7896,True,False,not_built
565,567,el8768794db30b,[Li+].[O-]C(=O)C(F)(F)F,CCCC12CC(C)C1CC(=O)O2,0.79,Li,TFA,S10cf9329fa6e,168.236,119.955,455,64,7.109,5.9151,13252,True,False,not_built
566,568,elada76bc1a141,[Li+].[O-]C(=O)C(F)(F)F,CC(C)C(C)CCCC(=O)C#N,1.06,Li,TFA,S11dbf603976a,167.252,119.955,334,64,5.219,5.3629,10198,True,False,not_built
567,569,el3d9b6a875053,[Li+].[O-]C(=O)C(F)(F)F,CCCC1CC(=O)C(C(C)C)C1(C)C,0.66,Li,TFA,Sd86af9db6f52,196.334,119.955,471,64,7.359,6.2804,18410,True,False,not_built
568,570,el3da16a71fa01,[Li+].[O-]C(=O)C(F)(F)F,CC(C)CC(C)CC#N,0.7,Li,TFA,Sd06cb76093d0,125.215,119.955,694,64,10.844,6.1585,17168,True,False,not_built
569,571,ela7480de0a028,[Li+].[O-]C(=O)C(F)(F)F,CC(CCCC(C)C(C)C)SC#N,1.06,Li,TFA,Sd73f2639bcc7,199.363,119.955,280,64,4.375,5.3629,10032,True,False,not_built
570,572,el4eb6d5ec781a,[Li+].[O-]C(=O)C(F)(F)F,CCCCC(=O)OCCC(C)C,0.97,Li,TFA,S19e8ece671ac,172.268,119.955,357,64,5.578,5.5239,11936,True,False,not_built
571,573,el79d112be6a8d,[Li+].[O-]C(=O)C(F)(F)F,CN(C)C(=O)CC1(C)CC2CC1C2,1.01,Li,TFA,Saaf6455ac71f,181.279,119.955,325,64,5.078,5.45,10912,True,False,not_built
572,574,el7285d33e8f72,[Li+].[O-]C(=O)C(F)(F)F,CC12CC34CC5CC3C1(CC54)C2,0.74,Li,TFA,Sc9f793c4e322,160.26,119.955,511,64,7.984,6.0454,14820,True,False,not_built
573,575,el235941e0b5e5,[Li+].[O-]C(=O)C(F)(F)F,CC1(C(F)F)CCCC1=O,0.79,Li,TFA,S51f19d4718d1,148.152,119.955,516,64,8.062,5.9151,10832,True,False,not_built
574,576,el8c93b5299d9e,[Li+].[O-]C(=O)C(F)(F)F,CCC(C)PCCCPC,0.3,Li,TFA,Sa756177b6943,178.196,119.955,1172,64,18.312,8.1683,35672,True,False,not_built
575,577,eld9579bfb8a3a,[Li+].[O-]C(=O)C(F)(F)F,CCCC12CCOC1(CC)C2,1.01,Li,TFA,S7f239775ead5,154.253,119.955,382,64,5.969,5.45,11590,True,False,not_built
576,578,el7fc1416ce334,[Li+].[O-]C(=O)C(F)(F)F,CC1(C)C2C3CCC4C3CC2C41C,1.01,Li,TFA,S03b1c3d6608e,176.303,119.955,334,64,5.219,5.45,11534,True,False,not_built
577,579,el3a333eac3728,[Li+].[O-]C(=O)C(F)(F)F,CCC12COC(CC1C)CC2(C)C,1.46,Li,TFA,Sc89b2e9a7cc2,182.307,119.955,216,64,3.375,4.8201,8072,True,False,not_built
578,580,el0fecafb6b150,[Li+].[O-]C(=O)C(F)(F)F,C1CCC23CC2C2CC2(C1)C3,0.92,Li,TFA,S3e08d4e3d6f8,148.249,119.955,439,64,6.859,5.6222,12365,True,False,not_built
579,581,el4210ccf11779,[Li+].[O-]C(=O)C(F)(F)F,CCOC(C)OC(=O)OC,0.88,Li,TFA,Sa65afd9a774c,148.158,119.955,460,64,7.188,5.7062,10632,True,False,not_built
580,582,el4fa91ba10df0,[Li+].[O-]C(=O)C(F)(F)F,CC(C)C1CCCCCCCCCC1,0.34,Li,TFA,Sd05e72462d5b,196.378,119.955,936,64,14.625,7.8345,39824,True,False,not_built
581,583,elc1ad50ebb704,[Li+].[O-]C(=O)C(F)(F)F,CCCC(C)(C)CC(=O)C(C)C(C)C,0.52,Li,TFA,S2aedd08cf251,198.35,119.955,598,64,9.344,6.7999,24432,True,False,not_built
582,584,ele66341e6e457,[Li+].[O-]C(=O)C(F)(F)F,CCN1C(C)CC(=O)C12CC2C,0.7,Li,TFA,Sf4671bf64324,167.252,119.955,520,64,8.125,6.1585,15592,True,False,not_built
583,585,el11b695e47051,[Li+].[O-]C(=O)C(F)(F)F,CCC1CCCCC1C(=O)OC(C)C,0.74,Li,TFA,S0856fd16b158,198.306,119.955,413,64,6.453,6.0454,15380,True,False,not_built
584,586,el8b4a5ddfacb7,[Li+].[O-]C(=O)C(F)(F)F,CCON(C)C(C)C1CCCS1,0.74,Li,TFA,S25d091ed29f0,189.324,119.955,433,64,6.766,6.0454,13935,True,False,not_built
585,587,el9c22f839a29f,[Li+].[O-]C(=O)C(F)(F)F,CCCC(OC)C1OC(=O)OC1=O,0.79,Li,TFA,S89917b3a9009,188.179,119.955,407,64,6.359,5.9151,10687,True,False,not_built
586,588,elef246da45da4,[Li+].[O-]C(=O)C(F)(F)F,CC(C)C1CCC2C(C1)C1C2N1C,1.23,Li,TFA,S82dda085815f,179.307,119.955,265,64,4.141,5.1035,9522,True,False,not_built
587,589,elbc9bf6c3fa94,[Li+].[O-]C(=O)C(F)(F)F,CCC1CC(C)C1C(C)CCOC,0.43,Li,TFA,Se5d79f034af8,184.323,119.955,783,64,12.234,7.2446,29483,True,False,not_built
588,590,el66be6181b9aa,[Li+].[O-]C(=O)C(F)(F)F,CCCC(CCC(F)F)C(=O)OC,0.7,Li,TFA,S3edf6137d9c9,194.221,119.955,447,64,6.984,6.1585,13475,True,False,not_built
589,591,el80e34021f993,[Li+].[O-]C(=O)C(F)(F)F,CCC(C)(C)CCC(=O)N1CCCO1,0.48,Li,TFA,Sbfb28e1331c0,199.294,119.955,646,64,10.094,6.9838,23122,True,False,not_built
590,592,elb31a555673df,[Li+].[O-]C(=O)C(F)(F)F,CCC(C#N)C1CCC1,0.66,Li,TFA,S02591dae1a2e,123.199,119.955,750,64,11.719,6.2804,17012,True,False,not_built
591,593,el5fc85a97b960,[Li+].[O-]C(=O)C(F)(F)F,CCC(=O)C(CCC(C)C)OC,1.14,Li,TFA,S66cc5bdb407d,172.268,119.955,300,64,4.688,5.2344,10112,True,False,not_built
592,594,elca561df39e17,[Li+].[O-]C(=O)C(F)(F)F,CCC1CCC2C3CCC3OC(=O)C12,0.34,Li,TFA,Scc9eb242aee3,194.274,119.955,946,64,14.781,7.8345,30784,True,False,not_built
593,595,el0726eadd87b3,[Li+].[O-]C(=O)C(F)(F)F,CC1C2CC(=O)C(C#N)C(C)(C)CC12,0.7,Li,TFA,Sf8166c430727,191.274,119.955,454,64,7.094,6.1585,14586,True,False,not_built
594,596,elb1ce0562191b,[Li+].[O-]C(=O)C(F)(F)F,CC(F)C(C)S(C)(C)CF,0.3,Li,TFA,S66717cc722a6,170.268,119.955,1226,64,19.156,8.1683,32388,True,False,not_built
595,597,eldbb05fca5a0b,[Li+].[O-]C(=O)C(F)(F)F,CCC12CC1OC(=O)CCCCC2C,1.46,Li,TFA,S87be929fcdd1,196.29,119.955,200,64,3.125,4.8201,7312,True,False,not_built
596,598,el65eeb4fce012,[Li+].[O-]C(=O)C(F)(F)F,COC(=O)OCC(=O)C(=O)C(C)C,1.19,Li,TFA,S8f1340067aec,188.179,119.955,262,64,4.094,5.1601,7062,True,False,not_built
597,599,el13ecf541ec17,[Li+].[O-]C(=O)C(F)(F)F,CC(C)CCCC(C)C(C)SC#N,0.57,Li,TFA,Sb5996fb1cc25,199.363,119.955,541,64,8.453,6.595,18906,True,False,not_built
598,600,el1c1a65e1a7a1,[Li+].[O-]C(=O)C(F)(F)F,CCC(CC)C(=O)CS(C)(=O)=O,0.52,Li,TFA,Sd3ae60486a18,192.28,119.955,617,64,9.641,6.7999,17788,True,False,not_built
599,601,el5a8dde818989,[Li+].[O-]C(=O)C(F)(F)F,CC(CF)C1(CF)CCOC1,0.39,Li,TFA,Se980182157d3,164.195,119.955,972,64,15.188,7.4843,24812,True,False,not_built
600,602,el07df97b5540b,[Li+].CCC(=O)[O-],CCC1CCC(CC)C1,0.79,Li,PROP,Sbb6378958c06,126.243,80.012,618,64,9.656,5.9151,17390,True,False,not_built
601,603,el484dfc1141cd,[Li+].CCC(=O)[O-],CCC1(C)CC1CCC(C)C(C)C#N,0.34,Li,PROP,S51e845198b25,193.334,80.012,958,64,14.969,7.8345,36150,True,False,not_built
602,604,el6bd5fead3059,[Li+].CCC(=O)[O-],CCC1(C#N)CCCCC(=O)O1,0.83,Li,PROP,S42a5d3df1f5a,167.208,80.012,443,64,6.922,5.8185,11779,True,False,not_built
603,605,el519996db4aef,[Li+].CCC(=O)[O-],CCCC(CCC#N)C(C)(CC)CC,0.52,Li,PROP,Saba94beca9d0,195.35,80.012,615,64,9.609,6.7999,24689,True,False,not_built
604,606,elc369f2e1a7f0,[Li+].CCC(=O)[O-],CCCC12CC(C1CC)N(C)C2CC,0.57,Li,PROP,S4bba1360ab7c,195.35,80.012,559,64,8.734,6.595,22505,True,False,not_built
605,607,elf9012d684db2,[Li+].CCC(=O)[O-],CCS(=O)(=O)CC(C)CCCl,1.37,Li,PROP,S15e4a5daa0b8,198.715,80.012,220,64,3.438,4.9234,6424,True,False,not_built
606,608,el044d5679268d,[Li+].CCC(=O)[O-],CC(Cl)CCC(C)C(F)(F)F,1.14,Li,PROP,S9d4e73696978,188.62,80.012,282,64,4.406,5.2344,7190,True,False,not_built
607,609,el2b2b16bc6ac7,[Li+].CCC(=O)[O-],CC(C)CC1(C)CCCC(C)C1C#N,0.43,Li,PROP,S019e3680544f,193.334,80.012,754,64,11.781,7.2446,28602,True,False,not_built
608,610,ele6fc17b18f4a,[Li+].CCC(=O)[O-],CCCCC(C)CC(=O)CC,1.32,Li,PROP,S4c6e570a4396,156.269,80.012,291,64,4.547,4.9848,9725,True,False,not_built
609,611,el7187770c4d1d,[Li+].CCC(=O)[O-],CCC(CC)C(C)C(=O)OC(C)C,1.01,Li,PROP,Sffb26a91871b,186.295,80.012,324,64,5.062,5.45,12044,True,False,not_built
610,612,el7dd68acf2fb7,[Li+].CCC(=O)[O-],CC1CCC2(CCC(=O)O2)C1(C)C,1.37,Li,PROP,Sd88a8f4d1933,182.263,80.012,240,64,3.75,4.9234,8144,True,False,not_built
611,613,el6582b7cdcf75,[Li+].CCC(=O)[O-],CC1C(C#N)C2CC1C(C)(C)C2C,1.19,Li,PROP,S0f374748e1f0,177.291,80.012,286,64,4.469,5.1601,9856,True,False,not_built
612,614,el06f5dc2c222f,[Li+].CCC(=O)[O-],CCCCCC(C)C(C)C(C)CCC,0.7,Li,PROP,S7fa323ae328e,198.394,80.012,446,64,6.969,6.1585,20328,True,False,not_built
613,615,el0417ff8ca968,[Li+].CCC(=O)[O-],CC1CCCC2CC34CCC1C23C4,0.92,Li,PROP,S47e18ae7e0a2,176.303,80.012,377,64,5.891,5.6222,13145,True,False,not_built
614,616,elf40124f5add4,[Li+].CCC(=O)[O-],CC(=O)CC(C)CCOC(C)=O,0.92,Li,PROP,S306bd578470e,172.224,80.012,386,64,6.031,5.6222,11512,True,False,not_built
615,617,el7dc05f016d82,[Li+].CCC(=O)[O-],COCC1C2C(C)C2C(C)CC1(C)C,1.19,Li,PROP,S677f2e1835a5,196.334,80.012,259,64,4.047,5.1601,10546,True,False,not_built
616,618,el7c3d136f081b,[Li+].CCC(=O)[O-],COC(=O)CCC1CCCCCC1C,0.57,Li,PROP,S84e1b66e3a27,198.306,80.012,551,64,8.609,6.595,20540,True,False,not_built
617,619,el7441ef42ae23,[Li+].CCC(=O)[O-],CCS(=O)(=O)CCCC(C)(C)C,0.7,Li,PROP,S0784587f49f4,192.324,80.012,460,64,7.188,6.1585,15424,True,False,not_built
618,620,el379b44ef88d9,[Li+].CCC(=O)[O-],CC(F)CC(C)(F)C#N,0.57,Li,PROP,S21ee62110bf4,133.141,80.012,821,64,12.828,6.595,15482,True,False,not_built
619,621,el2b47cc7a7feb,[Li+].CCC(=O)[O-],CCCCC(SC)SSC,0.66,Li,PROP,S18e7dafbc7d1,196.406,80.012,478,64,7.469,6.2804,13132,True,False,not_built
620,622,elf95d55c0efcb,[Li+].CCC(=O)[O-],CCCCC(CC)CC(C)C(C)CC,0.48,Li,PROP,S49a4630f52c4,198.394,80.012,657,64,10.266,6.9838,29612,True,False,not_built
621,623,elc3dc90ecb61c,[Li+].CCC(=O)[O-],CCC(C(C)C)C1CCC(C)(C)C1C,0.34,Li,PROP,Sfcb43392bce6,196.378,80.012,943,64,14.734,7.8345,40310,True,False,not_built
622,624,el3786f71c0662,[Li+].CCC(=O)[O-],CCCOCCCC(C)CCC,1.46,Li,PROP,Sc5c6aa8511cf,172.312,80.012,237,64,3.703,4.8201,9236,True,False,not_built
623,625,el4393b6ffdc5a,[Li+].CCC(=O)[O-],CCCC1C(CC)OCC1C1(C)CC1,0.39,Li,PROP,S51a7cc6e236d,196.334,80.012,820,64,12.812,7.4843,31864,True,False,not_built
624,626,el9129da37dca8,[Li+].CCC(=O)[O-],CCC(=O)CC1OC(=O)C1C1CC1,1.37,Li,PROP,Sb1b067069f60,182.219,80.012,240,64,3.75,4.9234,7184,True,False,not_built
625,627,elb60d18d75797,[Li+].CCC(=O)[O-],C1CC2CC1CC1CC21,0.3,Li,PROP,S2c8bb0cecdef,122.211,80.012,1721,64,26.891,8.1683,40287,True,False,not_built
626,628,elce6e5bcc1071,[Li+].CCC(=O)[O-],CC(=O)CC1CC1C1CC(C)C2CC21,1.23,Li,PROP,S5abf042b60e2,192.302,80.012,255,64,3.984,5.1035,9374,True,False,not_built
627,629,el1640bcdaf157,[Li+].CCC(=O)[O-],CCCCC(CC)CC1CCCC1C,0.7,Li,PROP,Sd8be3826b583,196.378,80.012,450,64,7.031,6.1585,19604,True,False,not_built
628,630,el9ce7edbb0a6e,[Li+].CCC(=O)[O-],CC(CCCC(C)C(C)C)SC#N,0.92,Li,PROP,Sd73f2639bcc7,199.363,80.012,334,64,5.219,5.6222,12060,True,False,not_built
629,631,el715a9a66a039,[Li+].CCC(=O)[O-],CCC1C2CC3CC1(CC3C#N)C2=O,0.61,Li,PROP,S1001f6556102,189.258,80.012,538,64,8.406,6.4476,16306,True,False,not_built
630,632,el9c857bdf2f4f,[Li+].CCC(=O)[O-],COC1CCCC(C2CCC3CC32)C1,0.88,Li,PROP,Sd269ffaefcd5,194.318,80.012,359,64,5.609,5.7062,13628,True,False,not_built
631,633,eld712b2ef1ea0,[Li+].CCC(=O)[O-],CCC(C)(C)CCC1C2CCSC21,0.83,Li,PROP,S22a1f2e879e5,198.375,80.012,374,64,5.844,5.8185,13794,True,False,not_built
632,634,el9d9ee000b0d4,[Li+].CCC(=O)[O-],CC(=O)C1CC2CCCC(C2)C1=O,0.92,Li,PROP,Sc945ef1d4e68,180.247,80.012,369,64,5.766,5.6222,11405,True,False,not_built
633,635,ela8a617dbcf7c,[Li+].CCC(=O)[O-],CCCCC(C)C(C)SOC,0.79,Li,PROP,Se732b32e0b9a,176.325,80.012,442,64,6.906,5.9151,14406,True,False,not_built
634,636,elc4ebbeb86bbe,[Li+].CCC(=O)[O-],CCCCC(CCC)CC(C)C#N,0.97,Li,PROP,S2f81a223478a,181.323,80.012,347,64,5.422,5.5239,13196,True,False,not_built
635,637,el7d87e3ba0c76,[Li+].CCC(=O)[O-],CC1(C(=O)C2CCCCC2=O)CCC1,1.32,Li,PROP,S2c6db26ab6e2,194.274,80.012,234,64,3.656,4.9848,8192,True,False,not_built
636,638,elb24674d9570f,[Li+].CCC(=O)[O-],CC(F)C(=O)C1(C)CCCO1,0.83,Li,PROP,S689754e2e743,160.188,80.012,463,64,7.234,5.8185,11816,True,False,not_built
637,639,el00952ab39e82,[Li+].CCC(=O)[O-],CCC(C)C(OOC)C(C)C(C)C,0.74,Li,PROP,S8bb7ec38e979,188.311,80.012,443,64,6.922,6.0454,17095,True,False,not_built
638,640,el1984c8f4f00d,[Li+].CCC(=O)[O-],CCCC(C)(P)CC,0.43,Li,PROP,Sf19df5a34060,132.187,80.012,1103,64,17.234,7.2446,28279,True,False,not_built
639,641,el1e63eede27a5,[Li+].CCC(=O)[O-],CCCC(CC)COC(=O)OCC,0.74,Li,PROP,S741ce2435b05,188.267,80.012,443,64,6.922,6.0454,15323,True,False,not_built
640,642,el5e4001aaec09,[Li+].CCC(=O)[O-],CCCC(CC)C(C)C1CC1CC,0.43,Li,PROP,S474d894c63f0,182.351,80.012,800,64,12.5,7.2446,31904,True,False,not_built
641,643,elcfedffc08823,[Li+].CCC(=O)[O-],CC12CCCC1(C)C(C(=O)C#N)CC2,0.52,Li,PROP,Sd9dc0fe3209c,191.274,80.012,628,64,9.812,6.7999,20172,True,False,not_built
642,644,elbd62df7ed88f,[Li+].CCC(=O)[O-],CCCC1(CC)COC(=O)OC1,1.46,Li,PROP,Sda1cacdbc9c4,172.224,80.012,237,64,3.703,4.8201,7340,True,False,not_built
643,645,el0bb49f137257,[Li+].CCC(=O)[O-],CCC(C)CC1(CC)CCCCC1,0.39,Li,PROP,S7d05cbdbe553,182.351,80.012,883,64,13.797,7.4843,35141,True,False,not_built
644,646,el8cacad99ce11,[Li+].CCC(=O)[O-],CCCC(CC)(CC)CCl,0.88,Li,PROP,Sad1dcf189f93,162.704,80.012,428,64,6.688,5.7062,13116,True,False,not_built
645,647,eldb82f758e7b7,[Li+].CCC(=O)[O-],CC1C2CCC(C)(C)C1OC(=O)O2,1.32,Li,PROP,Sc48b3e380db0,184.235,80.012,247,64,3.859,4.9848,7867,True,False,not_built
646,648,el9cbe344381d1,[Li+].CCC(=O)[O-],CCC1CCCC12CC(=O)OC2C,1.46,Li,PROP,S9abea462f31b,182.263,80.012,224,64,3.5,4.8201,7648,True,False,not_built
647,649,elefaecc2ad993,[Li+].CCC(=O)[O-],CCCCC(C)C(=O)C(C)(C#N)CC,0.48,Li,PROP,Sa4b7429fc237,195.306,80.012,667,64,10.422,6.9838,24049,True,False,not_built
648,650,el0d99c67bf94d,[Li+].CCC(=O)[O-],CCCOC(=O)OCCC(C)OC,0.48,Li,PROP,Sfa9b574ca493,190.239,80.012,685,64,10.703,6.9838,21939,True,False,not_built
649,651,el6ce520bda9d2,[Li+].CCC(=O)[O-],CSC(C#N)CC(C)(C)C,0.74,Li,PROP,Sf42ae195b4ec,157.282,80.012,531,64,8.297,6.0454,13979,True,False,not_built
650,652,el61a6f7ad690e,[Li+].[O-]C(=O)c1ccccc1,CCC1(CC)CC(C)CC(C)C1,1.01,Li,BNZ,S4bee2eeb9b7a,168.324,128.056,348,64,5.438,5.45,13488,True,False,not_built
651,653,el9272478fa413,[Li+].[O-]C(=O)c1ccccc1,CCCCC1CC1C1C(=O)CCC1C,0.34,Li,BNZ,S36c1e53a8081,194.318,128.056,944,64,14.75,7.8345,34944,True,False,not_built
652,654,el5b150c99949d,[Li+].[O-]C(=O)c1ccccc1,CCCCC(C(C)=O)C(Cl)Cl,1.5,Li,BNZ,Sb4b28df0322c,197.105,128.056,192,64,3.0,4.7768,5760,True,False,not_built
653,655,elb45ef60f423f,[Li+].[O-]C(=O)c1ccccc1,CCC1CC(C)C(C)(C)C1(C)C,0.83,Li,BNZ,S9493aee39285,168.324,128.056,429,64,6.703,5.8185,16404,True,False,not_built
654,656,el3a3a72b3eb7f,[Li+].[O-]C(=O)c1ccccc1,CCCC(C)(C#N)CCl,0.66,Li,BNZ,Sf1f1a71ce265,145.633,128.056,633,64,9.891,6.2804,14253,True,False,not_built
655,657,el6756a8c3835b,[Li+].[O-]C(=O)c1ccccc1,CCC(=O)CCC(=O)OC(C)=O,1.37,Li,BNZ,Sa6a3d5227fd7,172.18,128.056,243,64,3.797,4.9234,6792,True,False,not_built
656,658,el3b8f21f722a2,[Li+].[O-]C(=O)c1ccccc1,CCCC1(C)CCC(C)CC1(C)C,1.19,Li,BNZ,Scd9bd4eae4e8,182.351,128.056,268,64,4.188,5.1601,11412,True,False,not_built
657,659,el45d07d41ba82,[Li+].[O-]C(=O)c1ccccc1,CCCCC(CC)CC(=O)C1CC1,1.19,Li,BNZ,S0093f7b1166e,182.307,128.056,269,64,4.203,5.1601,10375,True,False,not_built
658,660,ele712533d2d61,[Li+].[O-]C(=O)c1ccccc1,CCCCCCC(C)CC#N,0.61,Li,BNZ,Sf97f954bd603,153.269,128.056,653,64,10.203,6.4476,20550,True,False,not_built
659,661,eld65616650f4e,[Li+].[O-]C(=O)c1ccccc1,CC(C)(C)CC1CCCCC1C#N,1.5,Li,BNZ,S3f5cb079c28a,179.307,128.056,211,64,3.297,4.7768,8134,True,False,not_built
660,662,el2f0ca3b4173b,[Li+].[O-]C(=O)c1ccccc1,CCC1C(C)C(C)CC1C(C)(C)CC,0.83,Li,BNZ,S698aa04d26aa,196.378,128.056,368,64,5.75,5.8185,16416,True,False,not_built
661,663,elb04cacbf0a2d,[Li+].[O-]C(=O)c1ccccc1,CCC1(C)CC1CCC(C)C(C)C#N,0.92,Li,BNZ,S51e845198b25,193.334,128.056,335,64,5.234,5.6222,13355,True,False,not_built
662,664,elbd4a969e700e,[Li+].[O-]C(=O)c1ccccc1,CCCC(C(C)C)C(C)C(=O)OC,1.23,Li,BNZ,S154d08ee4719,186.295,128.056,253,64,3.953,5.1035,9815,True,False,not_built
663,665,el46ec85aa7f82,[Li+].[O-]C(=O)c1ccccc1,CC(C)C(C1CC1)C(C)(C)C,1.1,Li,BNZ,S30c282926cf7,154.297,128.056,346,64,5.406,5.2971,12378,True,False,not_built
664,666,el9f0445aa076a,[Li+].[O-]C(=O)c1ccccc1,CCCC(C)CC1(C#N)CCC(C)C1,0.48,Li,BNZ,S438872e204ff,193.334,128.056,665,64,10.391,6.9838,25565,True,False,not_built
665,667,elb43345f3db71,[Li+].[O-]C(=O)c1ccccc1,CC1CC(C2C(C)C(C)CC2(C)C)C1,0.66,Li,BNZ,S8f3fb4a9257f,194.362,128.056,474,64,7.406,6.2804,19920,True,False,not_built
666,668,el5755d2dfb89c,[Li+].[O-]C(=O)c1ccccc1,CCCC(C)CC(=O)OC(C)=O,0.74,Li,BNZ,S8af73807eb6d,172.224,128.056,474,64,7.406,6.0454,14232,True,False,not_built
667,669,ela6843a4d2812,[Li+].[O-]C(=O)c1ccccc1,CC(Cl)CCC(C)C(F)(F)F,1.46,Li,BNZ,S9d4e73696978,188.62,128.056,207,64,3.234,4.8201,5721,True,False,built
668,670,el91a0ea2d9fa6,[Li+].[O-]C(=O)c1ccccc1,COC(=O)C(C)C(C)S(=O)(=O)F,1.19,Li,BNZ,Saa5f97f3f22c,198.215,128.056,247,64,3.859,5.1601,6641,True,False,not_built
669,671,el24b0d2c57d26,[Li+].[O-]C(=O)c1ccccc1,CC1(C)C2C3CCC4C3CC2C41C,0.74,Li,BNZ,S03b1c3d6608e,176.303,128.056,463,64,7.234,6.0454,16239,True,False,not_built
670,672,el4a91e0406188,[Li+].[O-]C(=O)c1ccccc1,CCCC(Cl)C(C#N)CC,1.19,Li,BNZ,S08ece3fc4c24,159.66,128.056,307,64,4.797,5.1601,8328,True,False,not_built
671,673,el113ca095a06f,[Li+].[O-]C(=O)c1ccccc1,CCC(CC)C(C)C(=O)OC(C)C,1.19,Li,BNZ,Sffb26a91871b,186.295,128.056,263,64,4.109,5.1601,10165,True,False,not_built
672,674,el9211e43efa81,[Li+].[O-]C(=O)c1ccccc1,CCC(CC#N)CCF,0.79,Li,BNZ,Sf2238c0afee3,129.178,128.056,590,64,9.219,5.9151,13350,True,False,not_built
673,675,el0cfa2d2c671d,[Li+].[O-]C(=O)c1ccccc1,CCC1(F)C(C)CC(C)CC1F,0.79,Li,BNZ,Sd415bea370cb,176.25,128.056,432,64,6.75,5.9151,13920,True,False,not_built
674,676,el6e235320606f,[Li+].[O-]C(=O)c1ccccc1,CCCC(C#N)CCCC(C)(C)CC,1.41,Li,BNZ,Sb4f8232b0eff,195.35,128.056,208,64,3.25,4.8764,9072,True,False,not_built
675,677,elb017c25b173f,[Li+].[O-]C(=O)c1ccccc1,CCCC(C)C(C)CCC(=O)CC#N,0.97,Li,BNZ,S5abea7358f4a,195.306,128.056,313,64,4.891,5.5239,11915,True,False,not_built
676,678,el9a144f92344c,[Li+].[O-]C(=O)c1ccccc1,COC(=O)OCC1C2CCCC1C2,0.48,Li,BNZ,S0ef33bcac1ff,184.235,128.056,698,64,10.906,6.9838,21202,True,False,not_built
677,679,el9c545105b7e8,[Li+].[O-]C(=O)c1ccccc1,CCCC(C#N)CC(C)CCC(C)C,1.19,Li,BNZ,Sd98739503b9b,195.35,128.056,251,64,3.922,5.1601,10749,True,False,not_built
678,680,el8afc0d8c2007,[Li+].[O-]C(=O)c1ccccc1,CC1(C(=O)Cl)CCCC1CCl,1.01,Li,BNZ,S83a035dfd4b7,195.089,128.056,300,64,4.688,5.45,7860,True,False,not_built
679,681,el1297f6804f73,[Li+].[O-]C(=O)c1ccccc1,CCC1(C(C)(C)C)OOC1=O,0.92,Li,BNZ,S11daa9807048,158.197,128.056,409,64,6.391,5.6222,11185,True,False,not_built
680,682,el6216b0f353a0,[Li+].[O-]C(=O)c1ccccc1,CC1C2C3CC(C)C45C(CC2C34)CC15,1.19,Li,BNZ,S085bfae473c3,188.314,128.056,260,64,4.062,5.1601,9800,True,False,not_built
681,683,el0bd2936d235a,[Li+].[O-]C(=O)c1ccccc1,CCCC(CC)C(C)C1CC1CC,1.41,Li,BNZ,S474d894c63f0,182.351,128.056,222,64,3.469,4.8764,9618,True,False,not_built
682,684,elef448f2b6a00,[Li+].[O-]C(=O)c1ccccc1,CCCC(=O)C(C)C(C)(C)C,0.7,Li,BNZ,S540c9bce5ae8,156.269,128.056,554,64,8.656,6.1585,18134,True,False,not_built
683,685,el3d1a21e3852e,[Li+].[O-]C(=O)c1ccccc1,CCCCC1CC(CCC(C)C)C1,0.79,Li,BNZ,S70767f10af14,182.351,128.056,418,64,6.531,5.9151,17262,True,False,not_built
684,686,el0505027aeb2e,[Li+].[O-]C(=O)c1ccccc1,CCC1(OC(=O)OC)CCC(C)C1,0.52,Li,BNZ,S21b3f288896b,186.251,128.056,635,64,9.922,6.7999,20645,True,False,not_built
685,687,elfe34706305ad,[Li+].[O-]C(=O)c1ccccc1,CC1=C[C@H](F)C=CO1,1.1,Li,BNZ,Sd88a7ba70eab,114.119,128.056,468,64,7.312,5.2971,7980,True,False,not_built
686,688,el369175c126df,[Li+].[O-]C(=O)c1ccccc1,CCC1C2CCCC(C3(C)CC3)C12,0.79,Li,BNZ,Se8cc3e7b0f9a,178.319,128.056,427,64,6.672,5.9151,15905,True,False,not_built
687,689,eld4121e81f20a,[Li+].[O-]C(=O)c1ccccc1,CCC12COC(CC1C)CC2(C)C,0.7,Li,BNZ,Sc89b2e9a7cc2,182.307,128.056,475,64,7.422,6.1585,17585,True,False,not_built
688,690,elcacac2626fc0,[Li+].[O-]C(=O)c1ccccc1,CCCC(C(=O)CC)C(CC)C(C)C,1.14,Li,BNZ,S132a7250d70e,198.35,128.056,259,64,4.047,5.2344,11320,True,False,not_built
689,691,el500f6e3eb39b,[Li+].[O-]C(=O)c1ccccc1,CC(C)CC(C)(C#N)CC1CC1(C)C,0.79,Li,BNZ,S64fe52509b79,193.334,128.056,394,64,6.156,5.9151,15538,True,False,not_built
690,692,el92eb1ca0f99e,[Li+].[O-]C(=O)c1ccccc1,CC1CCC(=O)CC(=O)C12CCCC2,0.88,Li,BNZ,S9fc75bb3be25,194.274,128.056,350,64,5.469,5.7062,12160,True,False,not_built
691,693,el85526099fb63,[Li+].[O-]C(=O)c1ccccc1,CC(C)C1CCC2C(C1)C1C2N1C,0.83,Li,BNZ,S82dda085815f,179.307,128.056,403,64,6.297,5.8185,14662,True,False,not_built
692,694,el827bd28e0936,[Li+].[O-]C(=O)c1ccccc1,CCC(CC)C(=O)CS(C)(=O)=O,0.61,Li,BNZ,Sd3ae60486a18,192.28,128.056,521,64,8.141,6.4476,15548,True,False,not_built
693,695,el703c98c4ffd0,[Li+].[O-]C(=O)c1ccccc1,CC(=O)CCC(C)(C)C(C)C(C)C,0.43,Li,BNZ,S778694cdca07,184.323,128.056,781,64,12.203,7.2446,29857,True,False,not_built
694,696,el7c434caba44a,[Li+].[O-]C(=O)c1ccccc1,CC1CCCC2CC1COC(C)(C)C2,1.32,Li,BNZ,Sc542501a432b,196.334,128.056,222,64,3.469,4.9848,9396,True,False,not_built
695,697,el4777faac77a1,[Li+].[O-]C(=O)c1ccccc1,CC1C(C#N)C2CC1C(C)(C)C2C,0.39,Li,BNZ,S0f374748e1f0,177.291,128.056,898,64,14.031,7.4843,29696,True,False,not_built
696,698,el376f793bd5dc,[Li+].[O-]C(=O)c1ccccc1,CCCC1C(CC)OCC1C1(C)CC1,0.7,Li,BNZ,S51a7cc6e236d,196.334,128.056,441,64,6.891,6.1585,17718,True,False,not_built
697,699,el07aece88a4f3,[Li+].[O-]C(=O)c1ccccc1,COP(C)(=O)CC(=O)CC(C)C,1.1,Li,BNZ,S8608d8fc97d1,192.195,128.056,278,64,4.344,5.2971,9022,True,False,not_built
698,700,el330ba777c324,[Li+].[O-]C(=O)c1ccccc1,CC1C(=O)CCC2(C#N)C(C3CC3)C12,0.43,Li,BNZ,Sc049651726c3,189.258,128.056,761,64,11.891,7.2446,23029,True,False,not_built
699,701,ela8ecec000260,[Li+].[O-]C(=O)c1ccccc1,CCCC(CCC)CCC(C)(C)C,1.1,Li,BNZ,S79b623a4f639,184.367,128.056,289,64,4.516,5.2971,12809,True,False,not_built
700,702,el26630fefa37a,[Li+].[O-]C=O,CCC(C)C(=O)CCC(C)C(C)(C)C,0.66,Li,HCOO,Sf19b728d9135,198.35,51.958,479,64,7.484,6.2804,19480,True,False,not_built
701,703,el076f9d2c32eb,[Li+].[O-]C=O,CSC(Cl)(Cl)SC,0.66,Li,HCOO,S8be9c34179ac,177.121,51.958,536,64,8.375,6.2804,7288,True,False,not_built
702,704,el281945fb4613,[Li+].[O-]C=O,CCCC(OC)C1OC(=O)OC1=O,0.61,Li,HCOO,S89917b3a9009,188.179,51.958,547,64,8.547,6.4476,13995,True,False,not_built
703,705,elcce394c2ee70,[Li+].[O-]C=O,CCC1(OC(=O)OC)CCC(C)C1,0.83,Li,HCOO,S21b3f288896b,186.251,51.958,404,64,6.312,5.8185,12844,True,False,not_built
704,706,el0d6a675e2f99,[Li+].[O-]C=O,C#Cc1ccc(N(C)C)s1,1.01,Li,HCOO,Sa2822d48f732,151.234,51.958,406,64,6.344,5.45,8034,True,False,not_built
705,707,elfe7fae46daa9,[Li+].[O-]C=O,CCC(=O)CCC(=O)OC(C)=O,0.74,Li,HCOO,Sa6a3d5227fd7,172.18,51.958,491,64,7.672,6.0454,12104,True,False,not_built
706,708,elbede90955551,[Li+].[O-]C=O,CC(C)C1CCC(CCC#N)C1C,0.79,Li,HCOO,S7ccd429524b5,179.307,51.958,441,64,6.891,5.9151,15314,True,False,not_built
707,709,elc7fc49f6eced,[Li+].[O-]C=O,CC1CCCC2CC1COC(C)(C)C2,0.66,Li,HCOO,Sc542501a432b,196.334,51.958,484,64,7.562,6.2804,18712,True,False,not_built
708,710,el3597fc8aa289,[Li+].[O-]C=O,CCC(CCC(C)C(C)C)OC,0.57,Li,HCOO,S2d7695c3830d,172.312,51.958,640,64,10.0,6.595,23360,True,False,not_built
709,711,el86b6572ce6d4,[Li+].[O-]C=O,CC(Cl)CC1CC(C#N)C1,1.1,Li,HCOO,Sefc0a92539bb,157.644,51.958,357,64,5.578,5.2971,8174,True,False,not_built
710,712,elef550b1e66d7,[Li+].[O-]C=O,CCCC(C#N)CCCC(C)(C)CC,1.28,Li,HCOO,Sb4f8232b0eff,195.35,51.958,246,64,3.844,5.0362,9914,True,False,not_built
711,713,elf3e74e0b6e98,[Li+].[O-]C=O,CC(=O)N(OC(=O)OCF)C(C)=O,0.66,Li,HCOO,S405908ff67ce,193.13,51.958,492,64,7.688,6.2804,10652,True,False,not_built
712,714,el2bfd61ab984e,[Li+].[O-]C=O,CCC(=O)C(CCC(C)C)OC,1.37,Li,HCOO,S66cc5bdb407d,172.268,51.958,260,64,4.062,4.9234,8640,True,False,not_built
713,715,el42905921efba,[Li+].[O-]C=O,CC1CC2CCSC3CC1C2C3,0.97,Li,HCOO,S09f4af3f55c8,182.332,51.958,351,64,5.484,5.5239,10850,True,False,not_built
714,716,el294ff51f2f1d,[Li+].[O-]C=O,CCCC1(C)CCC(C)CC1(C)C,0.48,Li,HCOO,Scd9bd4eae4e8,182.351,51.958,720,64,11.25,6.9838,28400,True,False,not_built
715,717,el1d05d73a2e23,[Li+].[O-]C=O,CCCC(=O)C(CC)S(C)(=O)=O,0.74,Li,HCOO,S0963cf231b77,192.28,51.958,440,64,6.875,6.0454,12640,True,False,not_built
716,718,elcc2d5fd42d2f,[Li+].[O-]C=O,CCC(=O)C1(C)CC(C)CCCC1C,0.3,Li,HCOO,S563675d9fccf,196.334,51.958,1077,64,16.828,8.1683,41246,True,False,not_built
717,719,elab2e1eaa6a0f,[Li+].[O-]C=O,CC(=O)CCC(C)(C)C(C)C(C)C,0.34,Li,HCOO,S778694cdca07,184.323,51.958,1011,64,15.797,7.8345,37727,True,False,not_built
718,720,ela72a1c48606b,[Li+].[O-]C=O,CC(C)N(C(C)C)C(C)C1(C)CC1,0.7,Li,HCOO,S0ee0dc5a8bf4,183.339,51.958,488,64,7.625,6.1585,18864,True,False,not_built
719,721,ele7c985f95b0e,[Li+].[O-]C=O,CCC1C(=O)OC(C)C(C)C1C,0.83,Li,HCOO,S33c8ea617033,170.252,51.958,441,64,6.891,5.8185,13550,True,False,not_built
720,722,el6ad5254dc618,[Li+].[O-]C=O,CCCC(C)(C)CC(=O)C(C)C(C)C,1.28,Li,HCOO,S2aedd08cf251,198.35,51.958,242,64,3.781,5.0362,10000,True,False,not_built
721,723,elc0586b32dfe0,[Li+].[O-]C=O,CCC1(C)CC2C(C)C2C1C(=O)OC,0.43,Li,HCOO,Sf7a80b70e1cf,196.29,51.958,748,64,11.688,7.2446,25752,True,False,not_built
722,724,el58ced9065232,[Li+].[O-]C=O,CCCC(=O)CCCCC(F)CC,1.32,Li,HCOO,Sa6dd15fd0e20,188.286,51.958,247,64,3.859,4.9848,8718,True,False,not_built
723,725,el376078863328,[Li+].[O-]C=O,CCCC(C)C(C)(C)CCC(C)=O,0.57,Li,HCOO,S46f60018b3ae,184.323,51.958,599,64,9.359,6.595,22483,True,False,not_built
724,726,elc043e5ad916c,[Li+].[O-]C=O,CC1CC2CC(C2)C(C)C(=O)OC1C,0.43,Li,HCOO,S06b428d05009,196.29,51.958,748,64,11.688,7.2446,25752,True,False,not_built
725,727,el51e4a6845355,[Li+].[O-]C=O,CC(=O)CC(C)CCOC(C)=O,1.14,Li,HCOO,S306bd578470e,172.224,51.958,315,64,4.922,5.2344,9140,True,False,not_built
726,728,el7f22ce1d84cc,[Li+].[O-]C=O,CC(CCCC1CC1C)CC(C)(C)C,1.23,Li,HCOO,S092311ac4b7e,196.378,51.958,255,64,3.984,5.1035,11030,True,False,not_built
727,729,ela0cee40dddfc,[Li+].[O-]C=O,CCC(C)C(CC#N)CCCC(C)=O,1.01,Li,HCOO,S4492192f1d4e,195.306,51.958,314,64,4.906,5.45,11310,True,False,not_built
728,730,el915ff8ca9804,[Li+].[O-]C=O,CCC(C)CC1(CC)CCCCC1,0.43,Li,HCOO,S7d05cbdbe553,182.351,51.958,805,64,12.578,7.2446,31715,True,False,not_built
729,731,el4e225503195e,[Li+].[O-]C=O,CCSCC1CCCCCC1,0.43,Li,HCOO,S39ae2dd49403,172.337,51.958,852,64,13.312,7.2446,26732,True,False,not_built
730,732,el6da6ea7260db,[Li+].[O-]C=O,CC(CC1CC1)CC12CC1C2,0.74,Li,HCOO,Sc95df2261b87,150.265,51.958,563,64,8.797,6.0454,16647,True,False,not_built
731,733,el4359c95f4fd1,[Li+].[O-]C=O,CCCCOS(C)(C)C(C)(C)C,0.83,Li,HCOO,S51cb37ed5e76,192.368,51.958,391,64,6.109,5.8185,14396,True,False,not_built
732,734,eldec12fc7fb56,[Li+].[O-]C=O,CC(C#N)CC1CCCC1,1.5,Li,HCOO,Sa4cbf3457150,137.226,51.958,297,64,4.641,4.7768,7745,True,False,not_built
733,735,elbc2f203ad65f,[Li+].[O-]C=O,COC(=O)C(=O)C(C)CC(C)Cl,0.66,Li,HCOO,S714db46e8721,192.642,51.958,493,64,7.703,6.2804,12645,True,False,not_built
734,736,ela11de18037f0,[Li+].[O-]C=O,CCC1CC(C)C1C(C)CCOC,0.52,Li,HCOO,Se5d79f034af8,184.323,51.958,657,64,10.266,6.7999,24629,True,False,not_built
735,737,eladb1688faa1f,[Li+].[O-]C=O,COCS(=O)(=O)C(C)(C)C,1.46,Li,HCOO,S7adf30e6977e,166.242,51.958,252,64,3.938,4.8201,6368,True,False,not_built
736,738,elfaf7849d1ef0,[Li+].[O-]C=O,CCCC(F)(F)CCCC#N,0.48,Li,HCOO,S4625203302a0,161.195,51.958,815,64,12.734,6.9838,19880,True,False,not_built
737,739,ele0425b677a98,[Li+].[O-]C=O,CCN1C(C)CC(=O)C12CC2C,0.3,Li,HCOO,Sf4671bf64324,167.252,51.958,1264,64,19.75,8.1683,36976,True,False,not_built
738,740,el286096415bf1,[Li+].[O-]C=O,CC(C)CSC(C)C(C)(C)C,0.79,Li,HCOO,S5f4ac39e42a9,174.353,51.958,453,64,7.078,5.9151,15269,True,False,not_built
739,741,el741ee53fe225,[Li+].[O-]C=O,CCCCC(C)(C)CCCC(C)C,0.79,Li,HCOO,S9b35c1a8cb3a,184.367,51.958,429,64,6.703,5.9151,17909,True,False,not_built
740,742,el4f36ddf31839,[Li+].[O-]C=O,CC1C2CC(=O)C(C#N)C(C)(C)CC12,1.06,Li,HCOO,Sf8166c430727,191.274,51.958,305,64,4.766,5.3629,9775,True,False,not_built
741,743,elf7531a4e5e2e,[Li+].[O-]C=O,CCC1CC(C)C(C)(C)C1(C)C,1.37,Li,HCOO,S9493aee39285,168.324,51.958,266,64,4.156,4.9234,9896,True,False,not_built
742,744,eleef3acec24a8,[Li+].[O-]C=O,CCC(SC)C(=O)OC(C)C,1.46,Li,HCOO,S12fd33700510,176.281,51.958,238,64,3.719,4.8201,6746,True,False,not_built
743,745,el3e1c926847a6,[Li+].[O-]C=O,CCCCC(C)C(=O)C1CO1,0.66,Li,HCOO,Sfcbb517ad521,156.225,51.958,608,64,9.5,6.2804,16736,True,False,not_built
744,746,elac451cf30a27,[Li+].[O-]C=O,CC(=O)OC1(C)CCCC(C)(C)C1C,1.5,Li,HCOO,S2dc26f76daea,198.306,51.958,205,64,3.203,4.7768,7700,True,False,not_built
745,747,el3d61dcbe9caa,[Li+].[O-]C=O,CC1CC(C)(C)C(=O)CC1C(C)(C)C,1.06,Li,HCOO,Sa28fab30c970,196.334,51.958,298,64,4.656,5.3629,11644,True,False,not_built
746,748,el549d2223f1ac,[Li+].[O-]C=O,COC(=O)OCCOC(C)F,0.34,Li,HCOO,S4d2f15c975f3,166.148,51.958,1121,64,17.516,7.8345,24982,True,False,not_built
747,749,el733ddbd5536c,[Li+].[O-]C=O,CC1CC(C)(C)C2CCCC12,1.46,Li,HCOO,S5a85077a5e68,152.281,51.958,275,64,4.297,4.8201,8845,True,False,not_built
748,750,ele17b6c4e6dd6,[Li+].[O-]C=O,CC1CC2CC(C2)CC1C,0.43,Li,HCOO,Sf10c4bc2c87a,138.254,51.958,1062,64,16.594,7.2446,30056,True,False,not_built
749,751,el1c72a8f74125,[Li+].[O-]C=O,c1csc(CCCC2CC2)c1,1.01,Li,HCOO,S3281a174850d,166.289,51.958,369,64,5.766,5.45,9545,True,False,not_built
750,752,elb7142f496a33,[Li+].COS(=O)(=O)[O-],CCCC(C)C1OC(=O)C1C,0.97,Li,MS,S483e2c366092,156.225,118.039,394,64,6.156,5.5239,11278,True,False,not_built
751,753,el5fc429980960,[Li+].COS(=O)(=O)[O-],COP(C)(=O)CC(=O)CC(C)C,0.97,Li,MS,S8608d8fc97d1,192.195,118.039,320,64,5.0,5.5239,9920,True,False,not_built
752,754,elfbed2305f2b2,[Li+].COS(=O)(=O)[O-],COCC1C2C(C)C2C(C)CC1(C)C,0.83,Li,MS,S677f2e1835a5,196.334,118.039,370,64,5.781,5.8185,14700,True,False,not_built
753,755,elcb727f8f5657,[Li+].COS(=O)(=O)[O-],CCN(C)S(=O)(=O)CC(C)C,1.28,Li,MS,S42f2c28623a2,179.285,118.039,254,64,3.969,5.0362,7752,True,False,not_built
754,756,elc4ed76323162,[Li+].COS(=O)(=O)[O-],CC(C)CCOC(=O)C(C)(C)F,0.34,Li,MS,S18cb379914cf,176.231,118.039,1043,64,16.297,7.8345,30887,True,False,not_built
755,757,el1caa86023c3c,[Li+].COS(=O)(=O)[O-],COC(=O)OCC1C2CCCC1C2,0.39,Li,MS,S0ef33bcac1ff,184.235,118.039,867,64,13.547,7.4843,25783,True,False,not_built
756,758,el1e99ea9d22c5,[Li+].COS(=O)(=O)[O-],C=Cc1ccc(C(C)=O)s1,0.79,Li,MS,Sa86757a9ca26,152.218,118.039,503,64,7.859,5.9151,9694,True,False,not_built
757,759,el132176bacd1e,[Li+].COS(=O)(=O)[O-],CC1CC12CCC1CCC3C(CC1)C32,0.79,Li,MS,Sa3e12b06cfb4,190.33,118.039,402,64,6.281,5.9151,15112,True,False,not_built
758,760,el25c22ad0f5cb,[Li+].COS(=O)(=O)[O-],CCC1C(C2C3CCCC32)C1(C)C,0.97,Li,MS,S29d9d1d89fb7,178.319,118.039,345,64,5.391,5.5239,12715,True,False,not_built
759,761,eld4dfa4cfd5c4,[Li+].COS(=O)(=O)[O-],CC1CC2CCCC(C(C)C)(C1)C2=O,1.19,Li,MS,Sba2151eeb424,194.318,118.039,254,64,3.969,5.1601,9784,True,False,not_built
760,762,elb55cfa7f1931,[Li+].COS(=O)(=O)[O-],CCCCCC1(C2CC2)CC1,1.01,Li,MS,S88c0256d29e4,152.281,118.039,387,64,6.047,5.45,12637,True,False,not_built
761,763,elf922b3f75f7b,[Li+].COS(=O)(=O)[O-],CCCCCCCCC(C)PC,0.61,Li,MS,S07fbd8140c70,188.295,118.039,534,64,8.344,6.4476,20398,True,False,not_built
762,764,ela6107ec1e3b2,[Li+].COS(=O)(=O)[O-],CCCCC(CC)C1CC(=O)N1C,0.7,Li,MS,Sb9c6d3d2c9f5,183.295,118.039,475,64,7.422,6.1585,16790,True,False,not_built
763,765,elfdab4fed4686,[Li+].COS(=O)(=O)[O-],CCC12CC(CCCCC1=O)C2,1.23,Li,MS,S6025d9407903,166.264,118.039,286,64,4.469,5.1035,9220,True,False,not_built
764,766,eldb8abca49e05,[Li+].COS(=O)(=O)[O-],CC1CCC12CC2C(=O)OC1(C)CC1,0.52,Li,MS,S1f168c1db747,194.274,118.039,611,64,9.547,6.7999,20192,True,False,not_built
765,767,elfdcca5dc6003,[Li+].COS(=O)(=O)[O-],CCCC1(C)CC(=O)C12CCCC2C,0.92,Li,MS,Sa6089f35064a,194.318,118.039,335,64,5.234,5.6222,12700,True,False,not_built
766,768,elf05695a0b43d,[Li+].COS(=O)(=O)[O-],CCCCCC(CSC)C(C)C,0.97,Li,MS,Sdf475eb76ff7,188.38,118.039,327,64,5.109,5.5239,12412,True,False,not_built
767,769,el457b01f8bb4a,[Li+].COS(=O)(=O)[O-],CCC(CC(C)=O)C(=O)CC(F)F,1.23,Li,MS,Sf4b76415d7ab,192.205,118.039,248,64,3.875,5.1035,7336,True,False,not_built
768,770,el3fcc8b098da1,[Li+].COS(=O)(=O)[O-],CCCC1(C)CC(CC)C(=O)C1C,1.19,Li,MS,S3e91070b9bf6,182.307,118.039,271,64,4.234,5.1601,10125,True,False,not_built
769,771,el59209d47ee14,[Li+].COS(=O)(=O)[O-],CCCC(C)OC(=O)OC(C)=O,0.88,Li,MS,Sd65f75c3bea9,174.196,118.039,392,64,6.125,5.7062,10832,True,False,not_built
770,772,el399497e36f46,[Li+].COS(=O)(=O)[O-],CCCCC(=O)C(C)(C)C(C)CC,0.66,Li,MS,Sfd23e7eb1b3a,184.323,118.039,502,64,7.844,6.2804,19214,True,False,not_built
771,773,elcc94c3d91457,[Li+].COS(=O)(=O)[O-],CCCCC1CC1C1C(=O)CCC1C,0.74,Li,MS,S36c1e53a8081,194.318,118.039,422,64,6.594,6.0454,15832,True,False,not_built
772,774,elbe1da983b037,[Li+].COS(=O)(=O)[O-],CCC(C)CC1C(C)C(C)C1C,0.79,Li,MS,Scd193559ed5c,168.324,118.039,455,64,7.109,5.9151,17020,True,False,not_built
773,775,elb3e99e095067,[Li+].COS(=O)(=O)[O-],CC(=O)C1CC2CCCC(C2)C1=O,0.57,Li,MS,Sc945ef1d4e68,180.247,118.039,598,64,9.344,6.595,17982,True,False,not_built
774,776,elc38e800264bf,[Li+].COS(=O)(=O)[O-],CCCC1CC2C3CCC3C3C1C23,1.06,Li,MS,Sb5f8b2e0409a,176.303,118.039,317,64,4.953,5.3629,11101,True,False,not_built
775,777,el994607b29aed,[Li+].COS(=O)(=O)[O-],CCCC(C)CC1(C#N)CCC(C)C1,0.52,Li,MS,S438872e204ff,193.334,118.039,614,64,9.594,6.7999,23358,True,False,not_built
776,778,el41a44d09b6e6,[Li+].COS(=O)(=O)[O-],COCCC(C(C)C)C(C)C,1.1,Li,MS,S4bbc75ff2226,158.285,118.039,340,64,5.312,5.2971,11860,True,False,not_built
777,779,elf0d849691273,[Li+].COS(=O)(=O)[O-],CCC1CC2C(OC)CC(C)C2(C)C1,1.23,Li,MS,Sed183be5a1b2,196.334,118.039,242,64,3.781,5.1035,9836,True,False,not_built
778,780,el2e83fd974bc3,[Li+].COS(=O)(=O)[O-],CC1(C)C2C3CCC4C3CC2C41C,1.46,Li,MS,S03b1c3d6608e,176.303,118.039,223,64,3.484,4.8201,7999,True,False,not_built
779,781,el3f7c0b0aff33,[Li+].COS(=O)(=O)[O-],CCCCCC(CC)C(C)(C)C,0.43,Li,MS,Sd15cc661409b,170.34,118.039,848,64,13.25,7.2446,32864,True,False,not_built
780,782,el3dd5c38e2a28,[Li+].COS(=O)(=O)[O-],CCCCCC(C)C(C)C(C)CCC,1.23,Li,MS,S7fa323ae328e,198.394,118.039,240,64,3.75,5.1035,11200,True,False,not_built
781,783,elb62d0e6906c1,[Li+].COS(=O)(=O)[O-],CCCC1CCC1CCl,0.39,Li,MS,S8685bf8df3cd,146.661,118.039,1089,64,17.016,7.4843,26776,True,False,not_built
782,784,el6cbdb77a73be,[Li+].COS(=O)(=O)[O-],CCCCCCC(CC)CC,0.7,Li,MS,S5e2fb05b8dc3,156.313,118.039,556,64,8.688,6.1585,20100,True,False,not_built
783,785,el6c1d2fbc335e,[Li+].COS(=O)(=O)[O-],CCCC1(CCC(C)C)CCCC1,0.48,Li,MS,S0c1a921aa42c,182.351,118.039,707,64,11.047,6.9838,28213,True,False,not_built
784,786,el3fc2ff76b660,[Li+].COS(=O)(=O)[O-],CCC(C#N)CCCC(CC)CC,0.48,Li,MS,Sa96bae06f7f5,181.323,118.039,711,64,11.109,6.9838,26236,True,False,not_built
785,787,elf8842dcefa5a,[Li+].COS(=O)(=O)[O-],COC(=O)C(C)CC(C)CC(C)=O,0.48,Li,MS,S7e691d351329,186.251,118.039,692,64,10.812,6.9838,22092,True,False,not_built
786,788,el3a02be2ac409,[Li+].COS(=O)(=O)[O-],CCCC(CC)(CC)CCl,0.34,Li,MS,Sad1dcf189f93,162.704,118.039,1130,64,17.656,7.8345,33410,True,False,not_built
787,789,el9e4ee49c2e4d,[Li+].COS(=O)(=O)[O-],CCCC1CC1(C)C(=O)C#N,1.32,Li,MS,S1ae25b2e2f71,151.209,118.039,291,64,4.547,4.9848,7624,True,False,not_built
788,790,el7ac75db702ba,[Li+].COS(=O)(=O)[O-],CCCC1SOC(C)(C)C1C,0.34,Li,MS,See7b7915ca26,174.309,118.039,1054,64,16.469,7.8345,31206,True,False,not_built
789,791,el91c53bdbcca7,[Li+].COS(=O)(=O)[O-],CCOC(=O)C(CC(C)=O)C1CC1C,0.79,Li,MS,S47c98294ff41,198.262,118.039,386,64,6.031,5.9151,12992,True,False,not_built
790,792,ele4f8e2141b10,[Li+].COS(=O)(=O)[O-],COC(=O)CC1(CC(C)C)CCC1,1.14,Li,MS,S1dd77507259b,184.279,118.039,281,64,4.391,5.2344,9913,True,False,not_built
791,793,elaba588977869,[Li+].COS(=O)(=O)[O-],CC(C)CC(C)(C)C(C)C1CC1,1.5,Li,MS,S1f142f079b38,168.324,118.039,227,64,3.547,4.7768,8812,True,False,not_built
792,794,el77cfd1332f4e,[Li+].COS(=O)(=O)[O-],CCC(CC)C(C)C1CC(C)C1C,1.32,Li,MS,S704174ceff3d,182.351,118.039,242,64,3.781,4.9848,10078,True,False,not_built
793,795,el0b46104a2704,[Li+].COS(=O)(=O)[O-],CCC(C)C(=O)CCC(C)(C)C(C)=O,0.43,Li,MS,S50bb80543e6c,198.306,118.039,728,64,11.375,7.2446,26848,True,False,not_built
794,796,el033ddb53791f,[Li+].COS(=O)(=O)[O-],CCSCC1CCCCCC1,1.5,Li,MS,S39ae2dd49403,172.337,118.039,222,64,3.469,4.7768,7522,True,False,not_built
795,797,elcf79620c515c,[Li+].COS(=O)(=O)[O-],CC(=O)N(OC(=O)OCF)C(C)=O,1.1,Li,MS,S405908ff67ce,193.13,118.039,278,64,4.344,5.2971,6478,True,False,not_built
796,798,el07842a422056,[Li+].COS(=O)(=O)[O-],CCCOC(=O)C(C)C1CCC1CC,0.52,Li,MS,S2c3975e95d78,198.306,118.039,598,64,9.344,6.7999,22168,True,False,not_built
797,799,elb4b9ffed901c,[Li+].COS(=O)(=O)[O-],CC(C)C(C)CCCC(=O)C#N,0.83,Li,MS,S11dbf603976a,167.252,118.039,434,64,6.781,5.8185,13226,True,False,not_built
798,800,el8fe84da7bd59,[Li+].COS(=O)(=O)[O-],CCCC(C)CC(C)S(C)(=O)=O,1.41,Li,MS,S215eed19c40e,192.324,118.039,213,64,3.328,4.8764,7456,True,False,not_built
799,801,el6c2a338c7d28,[Li+].COS(=O)(=O)[O-],CCCCCCCOS(C)(=O)=O,0.79,Li,MS,S76874b16b9c2,194.296,118.039,394,64,6.156,5.9151,12460,True,False,not_built
800,802,el607c39a5d5a3,[Li+].[S-]C#N,FCC1OCCO1,0.66,Li,SCN,Sc6d1213a5bbb,106.096,65.026,891,64,13.922,6.2804,12730,True,False,not_built
801,803,el987439b438d2,[Li+].[S-]C#N,CC1CCC(=O)CC(=O)C12CCCC2,0.7,Li,SCN,S9fc75bb3be25,194.274,65.026,458,64,7.156,6.1585,14912,True,False,not_built
802,804,el2a01c6d2a772,[Li+].[S-]C#N,CCCC1(C)CC(=O)C12CCCC2C,0.74,Li,SCN,Sa6089f35064a,194.318,65.026,432,64,6.75,6.0454,15808,True,False,not_built
803,805,elec6813e07b78,[Li+].[S-]C#N,CCC1C2CCCC(C3(C)CC3)C12,0.57,Li,SCN,Se8cc3e7b0f9a,178.319,65.026,616,64,9.625,6.595,21816,True,False,not_built
804,806,el34fa84b0dd58,[Li+].[S-]C#N,CCC(C)CC1C(C)C(C)C1C,0.34,Li,SCN,Scd193559ed5c,168.324,65.026,1104,64,17.25,7.8345,40000,True,False,not_built
805,807,eld0798e0f99cf,[Li+].[S-]C#N,COC1=CSC=CC1,0.92,Li,SCN,S7646c4e68019,128.196,65.026,524,64,8.188,5.6222,8640,True,False,not_built
806,808,elcd01b89b0960,[Li+].[S-]C#N,CC1C2CC(=O)C(C#N)C(C)(C)CC12,0.74,Li,SCN,Sf8166c430727,191.274,65.026,439,64,6.859,6.0454,13865,True,False,not_built
807,809,el96a6c7d7558b,[Li+].[S-]C#N,CCCC(C)(C1CCC1)C1CCC1C,0.7,Li,SCN,S4dd055d26b47,194.362,65.026,458,64,7.156,6.1585,18576,True,False,not_built
808,810,el3d7e52286ff4,[Li+].[S-]C#N,CC(C)CCC1CC1CC1CCC1C,0.61,Li,SCN,S3446c8d7f537,194.362,65.026,527,64,8.234,6.4476,21336,True,False,not_built
809,811,el7406c058cc34,[Li+].[S-]C#N,CC(=O)OC1(C)CCCC(C)(C)C1C,1.46,Li,SCN,S2dc26f76daea,198.306,65.026,209,64,3.266,4.8201,7780,True,False,not_built
810,812,el73544953423a,[Li+].[S-]C#N,CCCC1(C)CCC(C)CC1(C)C,1.06,Li,SCN,Scd9bd4eae4e8,182.351,65.026,318,64,4.969,5.3629,12658,True,False,not_built
811,813,el9f3e87bf40a8,[Li+].[S-]C#N,CC(F)C(C)S(C)(C)CF,0.79,Li,SCN,S66717cc722a6,170.268,65.026,461,64,7.203,5.9151,12242,True,False,not_built
812,814,el9ef3f19c661a,[Li+].[S-]C#N,CC1CC2CC(C2)CC1C,0.52,Li,SCN,Sf10c4bc2c87a,138.254,65.026,873,64,13.641,6.7999,24700,True,False,not_built
813,815,el662b6610c201,[Li+].[S-]C#N,CC1CCCC2(C#N)CCC(C1)C2,1.28,Li,SCN,S74ba05e7be4c,177.291,65.026,268,64,4.188,5.0362,8832,True,False,not_built
814,816,el2a2a00fdbd13,[Li+].[S-]C#N,COC(=O)OCC(=O)C(=O)C(C)C,1.37,Li,SCN,S8f1340067aec,188.179,65.026,235,64,3.672,4.9234,6131,True,False,not_built
815,817,elc946bd416e61,[Li+].[S-]C#N,CC1CC(C)C(CCC(=O)N(C)C)C1,0.3,Li,SCN,Sacaced582033,197.322,65.026,1069,64,16.703,8.1683,39809,True,False,not_built
816,818,el54a4c12cad6d,[Li+].[S-]C#N,CCCC1SOC(C)(C)C1C,1.46,Li,SCN,See7b7915ca26,174.309,65.026,237,64,3.703,4.8201,7129,True,False,not_built
817,819,el9eca6367e709,[Li+].[S-]C#N,CCCC(C)CC(=O)OC(C)=O,1.14,Li,SCN,S8af73807eb6d,172.224,65.026,312,64,4.875,5.2344,8992,True,False,not_built
818,820,el8a0d13780058,[Li+].[S-]C#N,CC(=O)CC(C)CCOC(C)=O,0.39,Li,SCN,S306bd578470e,172.224,65.026,939,64,14.672,7.4843,26548,True,False,not_built
819,821,elf45a7c2cb69a,[Li+].[S-]C#N,CC(C)CCOC(=O)C(C)(C)F,1.23,Li,SCN,S18cb379914cf,176.231,65.026,281,64,4.391,5.1035,8405,True,False,not_built
820,822,el74e95a0db151,[Li+].[S-]C#N,CCSCC(CC)SSC,0.43,Li,SCN,S0d661ac5af93,196.406,65.026,745,64,11.641,7.2446,19626,True,False,not_built
821,823,eld94b0faee41c,[Li+].[S-]C#N,CCCC(C)(P)CC,0.34,Li,SCN,Sf19df5a34060,132.187,65.026,1405,64,21.953,7.8345,35381,True,False,not_built
822,824,el12dbbb16f747,[Li+].[S-]C#N,CC1(C)CC2CCCC(C#N)(C2)C1,0.43,Li,SCN,S9ca4c915b22f,177.291,65.026,826,64,12.906,7.2446,26688,True,False,not_built
823,825,el960de8733931,[Li+].[S-]C#N,CCCN(CCC(C)C)C(C)C,0.83,Li,SCN,S0b95c9bae88a,171.328,65.026,436,64,6.812,5.8185,16388,True,False,not_built
824,826,elfe88a5fcd278,[Li+].[S-]C#N,CC(F)C(C)CCCCC(C)(F)F,1.06,Li,SCN,S021398c6e8f0,196.256,65.026,295,64,4.609,5.3629,9696,True,False,not_built
825,827,el14f49e26f2f5,[Li+].[S-]C#N,CC(=O)C1C2CC3CC(C2)CC1C3,0.79,Li,SCN,S1714f3826520,178.275,65.026,441,64,6.891,5.9151,13927,True,False,not_built
826,828,el2699500ba9a1,[Li+].[S-]C#N,CCCC(=O)C(CC)CC(C)(C)F,0.43,Li,SCN,Se54e5e1458a3,188.286,65.026,777,64,12.141,7.2446,26674,True,False,not_built
827,829,elb7b7e2511665,[Li+].[S-]C#N,COCCC(C(C)C)C(C)C,0.52,Li,SCN,S4bbc75ff2226,158.285,65.026,762,64,11.906,6.7999,25402,True,False,not_built
828,830,el9d853e213b49,[Li+].[S-]C#N,CCC(=O)C(CCC(C)C)OC,1.32,Li,SCN,S66cc5bdb407d,172.268,65.026,267,64,4.172,4.9848,8800,True,False,not_built
829,831,el94a3756a6665,[Li+].[S-]C#N,CCC1CCC(CC)C1,1.46,Li,SCN,Sbb6378958c06,126.243,65.026,328,64,5.125,4.8201,9112,True,False,not_built
830,832,el50ea9d2c9ede,[Li+].[S-]C#N,CCCCC(C)OC(=O)OCC,1.23,Li,SCN,Sf0923465db12,174.24,65.026,285,64,4.453,5.1035,8806,True,False,not_built
831,833,ele10f1fda0acd,[Li+].[S-]C#N,CSCCCC(C)SC,0.39,Li,SCN,S6c940f6d3035,164.339,65.026,984,64,15.375,7.4843,24856,True,False,not_built
832,834,el0f04c5d5e9c0,[Li+].[S-]C#N,CCCCC1CC(C2(C)CC2C)C1,1.28,Li,SCN,S99b4ebe19032,180.335,65.026,264,64,4.125,5.0362,10024,True,False,not_built
833,835,ela5d713f590e0,[Li+].[S-]C#N,CCCC12CC(C1CC)N(C)C2CC,1.14,Li,SCN,S4bba1360ab7c,195.35,65.026,275,64,4.297,5.2344,10981,True,False,not_built
834,836,el4fcb860a732d,[Li+].[S-]C#N,CCCC1CC2C3CCC3C3C1C23,0.92,Li,SCN,Sb5f8b2e0409a,176.303,65.026,381,64,5.953,5.6222,12829,True,False,not_built
835,837,el37798da3a88d,[Li+].[S-]C#N,CCCCCCCCC(C#N)C(C)C,0.48,Li,SCN,S21c3b61d16a4,195.35,65.026,670,64,10.469,6.9838,26386,True,False,not_built
836,838,el0e8e75bf9fe4,[Li+].[S-]C#N,CC(=O)CCCC(C)C(C)(C)C#N,1.5,Li,SCN,S854954286a9b,181.279,65.026,222,64,3.469,4.7768,7360,True,False,not_built
837,839,eldac7342198ef,[Li+].[S-]C#N,CC1CC(OC=O)CCC2(C)CC2C1,0.83,Li,SCN,S54ea9a861261,196.29,65.026,380,64,5.938,5.8185,13176,True,False,not_built
838,840,el6c52df44618b,[Li+].[S-]C#N,CCC1CC1C1CCC(C)C1C,0.34,Li,SCN,S0864a8853cc8,166.308,65.026,1117,64,17.453,7.8345,38234,True,False,not_built
839,841,el167823a02fae,[Li+].[S-]C#N,COC(=O)OC1CCCC(C)C1,0.52,Li,SCN,Sc20bd1037f85,172.224,65.026,700,64,10.938,6.7999,19856,True,False,not_built
840,842,eld0dd820b81e6,[Li+].[S-]C#N,CC(C)CSC(C)C(C)(C)C,0.79,Li,SCN,S5f4ac39e42a9,174.353,65.026,451,64,7.047,5.9151,15139,True,False,not_built
841,843,eled744e6c48e3,[Li+].[S-]C#N,CC(Cl)CC(C#N)CC(C)(C)C,0.34,Li,SCN,S04f9354a0ce7,187.714,65.026,990,64,15.469,7.8345,29956,True,False,not_built
842,844,el8a219d6a4f6b,[Li+].[S-]C#N,CC1C2C3CC4C5CCC1(C54)C32,0.7,Li,SCN,S8d4c296e01a7,160.26,65.026,555,64,8.672,6.1585,15796,True,False,not_built
843,845,el40e397f3a0cb,[Li+].[S-]C#N,CCC1(C)CC2C(C)C2C1C(=O)OC,0.88,Li,SCN,Sf7a80b70e1cf,196.29,65.026,358,64,5.594,5.7062,12428,True,False,not_built
844,846,el09fc6f6f9477,[Li+].[S-]C#N,CCCCC(C)(C)CCC(C)C#N,1.46,Li,SCN,S116ffdaba3f4,181.323,65.026,228,64,3.562,4.8201,8464,True,False,not_built
845,847,elaf35b867c429,[Li+].[S-]C#N,COC(=O)CC1(CC(C)C)CCC1,0.39,Li,SCN,S1dd77507259b,184.279,65.026,877,64,13.703,7.4843,29197,True,False,not_built
846,848,el8d028c2b8bd3,[Li+].[S-]C#N,CCCC1CC1(C)C(=O)C#N,1.01,Li,SCN,S1ae25b2e2f71,151.209,65.026,403,64,6.297,5.45,9928,True,False,not_built
847,849,el6a8d67e3e842,[Li+].[S-]C#N,CCCCCCC(C)CC#N,1.41,Li,SCN,Sf97f954bd603,153.269,65.026,280,64,4.375,4.8764,8656,True,False,not_built
848,850,elc176e03a9c56,[Li+].[S-]C#N,CCCC(C)N(CC)CC(=O)CC,1.28,Li,SCN,Sda541a8e3cb1,185.311,65.026,257,64,4.016,5.0362,9508,True,False,not_built
849,851,elc4ed02fa93d6,[Li+].[S-]C#N,CCCCCCCCC(C)PC,1.41,Li,SCN,S07fbd8140c70,188.295,65.026,228,64,3.562,4.8764,8692,True,False,not_built
850,852,el670cd1d5f112,[Li+].[Br-],CCCCOS(C)(C)C(C)(C)C,1.41,Li,Br,S51cb37ed5e76,192.368,86.845,219,64,3.422,4.8764,8012,True,False,not_built
851,853,el4e5d8a793d69,[Li+].[Br-],CCCCCCCCC(C)PC,0.97,Li,Br,S07fbd8140c70,188.295,86.845,333,64,5.203,5.5239,12449,True,False,not_built
852,854,el23760106f11d,[Li+].[Br-],CC(C)C1CCC(Cl)CC1C,0.39,Li,Br,S4912a45432f3,174.715,86.845,921,64,14.391,7.4843,27758,True,False,not_built
853,855,el9a4374d0aa31,[Li+].[Br-],C1C2CC3C4CC5CC4C3C1CC25,0.3,Li,Br,Sbaa7a375e524,174.287,86.845,1205,64,18.828,8.1683,37483,True,False,not_built
854,856,eld884c6cb987a,[Li+].[Br-],CCCCC(=O)C(C)C(C)OC,0.7,Li,Br,S33048bd02f4d,172.268,86.845,512,64,8.0,6.1585,16512,True,False,not_built
855,857,elc418aa84c804,[Li+].[Br-],CCCOC(=O)OCOC,1.19,Li,Br,S8dd2bb084caf,148.158,86.845,341,64,5.328,5.1601,7630,True,False,not_built
856,858,elf6a4d369f699,[Li+].[Br-],CCCCCC1CCCC1CCC,0.48,Li,Br,S47877aa32dad,182.351,86.845,713,64,11.141,6.9838,27935,True,False,not_built
857,859,ela85cc85d5bf1,[Li+].[Br-],CCC(CC#N)CCF,1.32,Li,Br,Sf2238c0afee3,129.178,86.845,350,64,5.469,4.9848,7478,True,False,not_built
858,860,elce54b12ae102,[Li+].[Br-],CCCCCCCCC(C#N)C(C)C,0.57,Li,Br,S21c3b61d16a4,195.35,86.845,558,64,8.719,6.595,21890,True,False,not_built
859,861,el6b78e64e0d89,[Li+].[Br-],CCCC(=O)OSC,0.88,Li,Br,Se3f549a5d23b,134.2,86.845,518,64,8.094,5.7062,9452,True,False,not_built
860,862,elc9d1a74b52b3,[Li+].[Br-],CC(CF)CCCF,0.52,Li,Br,S7e5730baa9c6,122.158,86.845,981,64,15.328,6.7999,19748,True,False,not_built
861,863,el4ee7e5095f31,[Li+].[Br-],CCS(=O)(=O)CCCC(C)(C)C,0.88,Li,Br,S0784587f49f4,192.324,86.845,361,64,5.641,5.7062,11680,True,False,not_built
862,864,elab3ef5ca1946,[Li+].[Br-],CCC12CC(CCCCC1=O)C2,0.83,Li,Br,S6025d9407903,166.264,86.845,444,64,6.938,5.8185,13448,True,False,not_built
863,865,el4ca8fbe57531,[Li+].[Br-],CCC(C)C(=O)CCC(C)(C)C(C)=O,0.3,Li,Br,S50bb80543e6c,198.306,86.845,1059,64,16.547,8.1683,38252,True,False,not_built
864,866,el628f8b2cf2dc,[Li+].[Br-],C1CC(C2CC3CC4(CCC24)C3)C1,0.97,Li,Br,S4c1fa032d683,176.303,86.845,356,64,5.562,5.5239,11876,True,False,not_built
865,867,eld86b6eddc39e,[Li+].[Br-],CC(C)C(=O)C(=O)C(C)(C)CC#N,1.28,Li,Br,S39eca86e5cae,181.235,86.845,258,64,4.031,5.0362,7352,True,False,not_built
866,868,ela3a76b619e23,[Li+].[Br-],CC(=O)CCC1CCC(C)O1,1.46,Li,Br,S618f437d963b,156.225,86.845,260,64,4.062,4.8201,7148,True,False,not_built
867,869,el8d45310d3793,[Li+].[Br-],CCCC(=O)OC1CCC(CC)C1,0.7,Li,Br,Sf0ccf2ecc2c6,184.279,86.845,478,64,7.469,6.1585,15902,True,False,not_built
868,870,el9ea741eca7e5,[Li+].[Br-],CCC(C)C(=O)C1(C#N)CC1,1.37,Li,Br,Sfe0a2224b0d6,151.209,86.845,287,64,4.484,4.9234,7016,True,False,not_built
869,871,elb53cb8accebd,[Li+].[Br-],CC(C)CC(C)(C#N)CC1CC1(C)C,1.37,Li,Br,S64fe52509b79,193.334,86.845,225,64,3.516,4.9234,8453,True,False,not_built
870,872,el6d7108cb97df,[Li+].[Br-],CC(CCCC1CC1C)CC(C)(C)C,1.5,Li,Br,S092311ac4b7e,196.378,86.845,201,64,3.141,4.7768,8570,True,False,not_built
871,873,el7cd1947efd63,[Li+].[Br-],CCC1CC1C1CC(CC(C)C)C1,0.74,Li,Br,S1ec7b77ec362,180.335,86.845,461,64,7.203,6.0454,17185,True,False,not_built
872,874,elf243c99d6259,[Li+].[Br-],CCC1CCC2OC(=O)OC12,1.32,Li,Br,S44b0ad759a7a,156.181,86.845,290,64,4.531,4.9848,6798,True,False,not_built
873,875,el354632318b52,[Li+].[Br-],CC(C)CCOC(=O)C(C)(C)F,0.97,Li,Br,S18cb379914cf,176.231,86.845,356,64,5.562,5.5239,10452,True,False,not_built
874,876,el3dd0255f8219,[Li+].[Br-],CC(CC1CC1)CC12CC1C2,0.34,Li,Br,Sc95df2261b87,150.265,86.845,1231,64,19.234,7.8345,35827,True,False,not_built
875,877,ela0a2b9f185af,[Li+].[Br-],CC(F)CC(C)(F)C#N,0.61,Li,Br,S21ee62110bf4,133.141,86.845,763,64,11.922,6.4476,13862,True,False,not_built
876,878,el3dc92d83c7e6,[Li+].[Br-],CCCC1CC1CC(C)(C)CC,1.1,Li,Br,S0729e0894394,168.324,86.845,326,64,5.094,5.2971,11864,True,False,not_built
877,879,elc73581e5800a,[Li+].[Br-],CCS(=O)(=O)C1CCC1,0.48,Li,Br,S8c52916a9cc4,148.227,86.845,877,64,13.703,6.9838,18545,True,False,not_built
878,880,el9a38c369a2a2,[Li+].[Br-],CSCC(C(=O)F)C(C)C(C)C,0.83,Li,Br,S2b37bc0ab1b1,192.299,86.845,384,64,6.0,5.8185,11264,True,False,not_built
879,881,el592597dd6bde,[Li+].[Br-],CC12CCCC1(C)C(C(=O)C#N)CC2,1.23,Li,Br,Sd9dc0fe3209c,191.274,86.845,255,64,3.984,5.1035,8033,True,False,not_built
880,882,el62c1234f6a55,[Li+].[Br-],CC1C(CS(C)(=O)=O)C1(C)C,0.48,Li,Br,Scd162cff19ff,176.281,86.845,738,64,11.531,6.9838,20054,True,False,not_built
881,883,el3f54563a461c,[Li+].[Br-],CCC1C2CCCC(C3(C)CC3)C12,0.88,Li,Br,Se8cc3e7b0f9a,178.319,86.845,390,64,6.094,5.7062,13778,True,False,not_built
882,884,el157a150a513c,[Li+].[Br-],CCCN(CCC(C)C)C(C)C,0.57,Li,Br,S0b95c9bae88a,171.328,86.845,636,64,9.938,6.595,23660,True,False,not_built
883,885,elc7e5bb104b0b,[Li+].[Br-],CCCSC(C)CC(C)CC,0.97,Li,Br,S89eb5805c65c,174.353,86.845,360,64,5.625,5.5239,12008,True,False,not_built
884,886,el2ef626c6ce78,[Li+].[Br-],COC(=O)C1(C)CCCC(=O)C1C,0.57,Li,Br,S1a1cf1d818d4,184.235,86.845,592,64,9.25,6.595,17296,True,False,not_built
885,887,eld9c54b9cef52,[Li+].[Br-],CCC1(C)C2CC(C)C(C)C21,1.5,Li,Br,Sc771399b815d,152.281,86.845,259,64,4.047,4.7768,8157,True,False,not_built
886,888,elbd36e5ac208c,[Li+].[Br-],CC1CCC(=O)C1C(C)C(C)(C)C,0.39,Li,Br,Sd29032727b47,182.307,86.845,882,64,13.781,7.4843,30998,True,False,not_built
887,889,ele19724468593,[Li+].[Br-],COC(=O)OCC1C2CCCC1C2,1.46,Li,Br,S0ef33bcac1ff,184.235,86.845,220,64,3.438,4.8201,6508,True,False,not_built
888,890,elb1b3d552ffce,[Li+].[Br-],CCCC1C(C)C1C1CC1CC,1.28,Li,Br,S1091aa941239,166.308,86.845,281,64,4.391,5.0362,9682,True,False,not_built
889,891,elc25771d5af9e,[Li+].[Br-],CC1CC2CCCC3CCC1C32,1.32,Li,Br,S9d9b7937f2bd,164.292,86.845,275,64,4.297,4.9848,8928,True,False,not_built
890,892,el92351da0baa4,[Li+].[Br-],CCC1CC(C)C1C(C)CCOC,1.32,Li,Br,Se5d79f034af8,184.323,86.845,245,64,3.828,4.9848,9193,True,False,not_built
891,893,el6e44355d17d7,[Li+].[Br-],CC1C2C(=O)C(=O)C(CC(C)(C)C)C12,0.52,Li,Br,S941de040ae01,194.274,86.845,617,64,9.641,6.7999,19872,True,False,not_built
892,894,el6d35fa0e3ff8,[Li+].[Br-],CC1CCCC2CC1COC(C)(C)C2,1.46,Li,Br,Sc542501a432b,196.334,86.845,207,64,3.234,4.8201,7994,True,False,not_built
893,895,elda28bc8bd7cc,[Li+].[Br-],CC(Cl)CC1CC(C#N)C1,1.01,Li,Br,Sefc0a92539bb,157.644,86.845,381,64,5.953,5.45,8510,True,False,not_built
894,896,el5c38f26561c5,[Li+].[Br-],CCC1C(=O)OC(C)C(C)C1C,1.46,Li,Br,S33c8ea617033,170.252,86.845,238,64,3.719,4.8201,7268,True,False,not_built
895,897,elda980c6fba1a,[Li+].[Br-],CCC12CC3CCC(C3C)C(C)C1C2,1.37,Li,Br,Sff7833169321,192.346,86.845,226,64,3.531,4.9234,8716,True,False,not_built
896,898,ele9b64d41dead,[Li+].[Br-],CCCP(C)CCC(C)CC,1.01,Li,Br,S03a167418cad,174.268,86.845,345,64,5.391,5.45,11858,True,False,not_built
897,899,el1c2d87a6b66b,[Li+].[Br-],CCCC(CC#N)CCC(C)CC,0.74,Li,Br,Sec2908caa354,181.323,86.845,459,64,7.172,6.0454,16652,True,False,not_built
898,900,el66c6138dbcb1,[Li+].[Br-],CC1C2C(C)(C)C3CC3(C)C12C,0.43,Li,Br,Saa1a20217fa0,164.292,86.845,886,64,13.844,7.2446,28480,True,False,not_built
899,901,eldf499a66b871,[Li+].[Br-],CCCC(C)C1OC(=O)C1C,0.39,Li,Br,S483e2c366092,156.225,86.845,1029,64,16.078,7.4843,27911,True,False,not_built
900,902,el57cde8eb0dd6,[Li+].[Cl-],COC(=O)CC1CCCCCC(C)C1,1.46,Li,Cl,Se3c12237517c,198.306,42.394,213,64,3.328,4.8201,7796,True,False,not_built
901,903,elb40e453463f4,[Li+].[Cl-],CC(=O)C1CC(C)CCC1C,1.23,Li,Cl,S43e65862d143,154.253,42.394,327,64,5.109,5.1035,9611,True,False,not_built
902,904,el2fc527c8c12b,[Li+].[Cl-],CCC12C3C4C(C)C5C3C13C4C2C53,1.32,Li,Cl,S492656780d86,172.271,42.394,272,64,4.25,4.9848,8016,True,False,not_built
903,905,el186fc2fad74d,[Li+].[Cl-],CC1CCC2C(C)CC(C)C2C1,1.41,Li,Cl,S18868d4b6d16,166.308,42.394,263,64,4.109,4.8764,9070,True,False,not_built
904,906,el321bd9f942e3,[Li+].[Cl-],CCC(C)C(=O)CCC(C)(C)C(C)=O,0.43,Li,Cl,S50bb80543e6c,198.306,42.394,742,64,11.594,7.2446,26840,True,False,not_built
905,907,elec9f88e46f39,[Li+].[Cl-],C=Cc1ccc(C(C)=O)s1,0.61,Li,Cl,Sa86757a9ca26,152.218,42.394,679,64,10.609,6.4476,12350,True,False,not_built
906,908,el6dc41d833837,[Li+].[Cl-],CC(C#N)CC1CCCC1,0.34,Li,Cl,Sa4cbf3457150,137.226,42.394,1360,64,21.25,7.8345,34128,True,False,not_built
907,909,el45aa3666fe08,[Li+].[Cl-],CC(C)C1CCC2C(C)C2(C)C1,0.3,Li,Cl,S8fd80d3badb6,166.308,42.394,1273,64,19.891,8.1683,43410,True,False,not_built
908,910,el0005d0329f72,[Li+].[Cl-],CCCN(CCC(C)C)C(C)C,1.32,Li,Cl,S0b95c9bae88a,171.328,42.394,274,64,4.281,4.9848,10266,True,False,not_built
909,911,el6c8e1a843bf9,[Li+].[Cl-],CCCC(C#N)CCF,1.46,Li,Cl,S3ffbcf1debc6,129.178,42.394,327,64,5.109,4.8201,6995,True,False,not_built
910,912,el1d9d06516be6,[Li+].[Cl-],CCCCC1C(CC)C1(C)Cl,0.48,Li,Cl,S1757108f5ae5,174.715,42.394,754,64,11.781,6.9838,22748,True,False,not_built
911,913,el1d95d4e74f91,[Li+].[Cl-],CCCC1(C)CCC(C)CC1(C)C,1.19,Li,Cl,Scd9bd4eae4e8,182.351,42.394,286,64,4.469,5.1601,11282,True,False,not_built
912,914,el579817527630,[Li+].[Cl-],CCC1CC(C)C2(CC)CC12C,0.92,Li,Cl,Sa0ac44749359,166.308,42.394,409,64,6.391,5.6222,14034,True,False,not_built
913,915,el7f0360f5a19b,[Li+].[Cl-],CCCC(F)(F)CCCC#N,0.34,Li,Cl,S4625203302a0,161.195,42.394,1158,64,18.094,7.8345,27920,True,False,not_built
914,916,elf0d68320f67f,[Li+].[Cl-],CCCCC(=O)C(C)(C)C(C)C,1.41,Li,Cl,S3f15ac81e06e,170.296,42.394,257,64,4.016,4.8764,8866,True,False,not_built
915,917,el3742ae0519e0,[Li+].[Cl-],CC1CC12CCC1CCC3C(CC1)C32,1.37,Li,Cl,Sa3e12b06cfb4,190.33,42.394,237,64,3.703,4.9234,8660,True,False,not_built
916,918,el278e82ac7966,[Li+].[Cl-],CCC(C#N)CCCC(CC)CC,0.97,Li,Cl,Sa96bae06f7f5,181.323,42.394,355,64,5.547,5.5239,12908,True,False,not_built
917,919,eldcedfb994f62,[Li+].[Cl-],CC1C2CC2C1(C)CC1CCCC1,1.14,Li,Cl,Scb01268f32c8,178.319,42.394,306,64,4.781,5.2344,10838,True,False,not_built
918,920,elb911d98775e7,[Li+].[Cl-],CCCCCCCCC(C)PC,0.79,Li,Cl,S07fbd8140c70,188.295,42.394,422,64,6.594,5.9151,15742,True,False,not_built
919,921,elb7cfb054837f,[Li+].[Cl-],CC(C)C1CCC2C(C1)C1C2N1C,1.28,Li,Cl,S82dda085815f,179.307,42.394,270,64,4.219,5.0362,9308,True,False,not_built
920,922,ele72c843174a2,[Li+].[Cl-],CCCCCCC(CC)CC,0.83,Li,Cl,S5e2fb05b8dc3,156.313,42.394,483,64,7.547,5.8185,17033,True,False,not_built
921,923,ela6fddd220b5d,[Li+].[Cl-],CC(CCCC(C)C(C)C)SC#N,1.5,Li,Cl,Sd73f2639bcc7,199.363,42.394,206,64,3.219,4.7768,7132,True,False,not_built
922,924,elb1f4a3dee358,[Li+].[Cl-],CC1CCCC2C(C1)CC(C)C2(C)C,0.34,Li,Cl,S64644640c1ff,194.362,42.394,960,64,15.0,7.8345,38528,True,False,not_built
923,925,elc3a6ab9dd044,[Li+].[Cl-],CCCC(=O)OSC,0.48,Li,Cl,Se3f549a5d23b,134.2,42.394,982,64,15.344,6.9838,17804,True,False,not_built
924,926,elb55c20bedce5,[Li+].[Cl-],CCC(C#N)C(C)CCC(C)C,1.5,Li,Cl,S20c79f89aeba,167.296,42.394,245,64,3.828,4.7768,8213,True,False,not_built
925,927,el34116a5d7423,[Li+].[Cl-],CC1C2CC3CC14CC32CC4=O,0.66,Li,Cl,S3be81ebf022a,162.232,42.394,588,64,9.188,6.2804,15416,True,False,not_built
926,928,ele02cffaf9836,[Li+].[Cl-],CCC(=O)C(CCC(C)C)OC,0.66,Li,Cl,S66cc5bdb407d,172.268,42.394,554,64,8.656,6.2804,17856,True,False,not_built
927,929,el7ffd589be35c,[Li+].[Cl-],CC(=O)CC(C(C)=O)C(=O)C(C)=O,1.28,Li,Cl,S4614047ca666,184.191,42.394,263,64,4.109,5.0362,6703,True,False,not_built
928,930,el8286cfab0640,[Li+].[Cl-],CC1C(=O)CCC2(C#N)C(C3CC3)C12,0.52,Li,Cl,Sc049651726c3,189.258,42.394,642,64,10.031,6.7999,18746,True,False,not_built
929,931,el8bef652d4e2a,[Li+].[Cl-],CCCCCCCCC(C)CCF,0.92,Li,Cl,S86006ad61426,188.33,42.394,361,64,5.641,5.6222,13846,True,False,not_built
930,932,elba78ac9f282c,[Li+].[Cl-],CCC1CCCC(=O)C1Cl,0.66,Li,Cl,S97aa1623b0ae,160.644,42.394,594,64,9.281,6.2804,13790,True,False,not_built
931,933,elfe306b54968f,[Li+].[Cl-],CC(C)CC(F)(F)C(C)CF,0.52,Li,Cl,S95a88cb3ce65,168.202,42.394,722,64,11.281,6.7999,18900,True,False,not_built
932,934,el6d9a75ac4a80,[Li+].[Cl-],CC(=O)C1CCCS(=O)(=O)C1,1.5,Li,Cl,S102a9bcca9d2,176.237,42.394,233,64,3.641,4.7768,5487,True,False,not_built
933,935,el03da95cfe56b,[Li+].[Cl-],CC1C2C(C)(C)C3CC3(C)C12C,0.52,Li,Cl,Saa1a20217fa0,164.292,42.394,739,64,11.547,6.7999,23776,True,False,not_built
934,936,ela82eda8e8942,[Li+].[Cl-],CCCCC(C)C(=O)C1CO1,0.39,Li,Cl,Sfcbb517ad521,156.225,42.394,1040,64,16.25,7.4843,28208,True,False,not_built
935,937,eldd3dfc5ad7f2,[Li+].[Cl-],CC1CC(C2C(C)C(C)CC2(C)C)C1,1.1,Li,Cl,S8f3fb4a9257f,194.362,42.394,291,64,4.547,5.2971,11768,True,False,not_built
936,938,el6751a6d984ba,[Li+].[Cl-],CCCCCCC(=O)CC(C)CCC,1.37,Li,Cl,S013fdf74fdc1,198.35,42.394,227,64,3.547,4.9234,9208,True,False,not_built
937,939,el5478404b19f0,[Li+].[Cl-],CC(C)C1C(C)CCCC1C#N,0.43,Li,Cl,S3440701362b9,165.28,42.394,891,64,13.922,7.2446,27749,True,False,not_built
938,940,elb8b0a581acf4,[Li+].[Cl-],CCC(CC#N)CCF,1.14,Li,Cl,Sf2238c0afee3,129.178,42.394,422,64,6.594,5.2344,8990,True,False,not_built
939,941,el4300ffe140c8,[Li+].[Cl-],CCC(C)C(F)CCCCC(C)C,0.97,Li,Cl,S5129f39735bf,188.33,42.394,342,64,5.344,5.5239,13124,True,False,not_built
940,942,el8b1cc797b4e8,[Li+].[Cl-],CCCC(C)(P)CC,1.32,Li,Cl,Sf19df5a34060,132.187,42.394,355,64,5.547,4.9848,9003,True,False,not_built
941,943,elda9f209767b4,[Li+].[Cl-],C1CCC23CC2C2CC2(C1)C3,0.43,Li,Cl,S3e08d4e3d6f8,148.249,42.394,993,64,15.516,7.2446,26939,True,False,not_built
942,944,el16fceefa0054,[Li+].[Cl-],CC12CCCC1(C)C(C(=O)C#N)CC2,1.5,Li,Cl,Sd9dc0fe3209c,191.274,42.394,215,64,3.359,4.7768,6793,True,False,not_built
943,945,elf14255bb3f0b,[Li+].[Cl-],CC(C)CSC1CC2CCCC2C1,1.06,Li,Cl,S64b9f25a2563,198.375,42.394,296,64,4.625,5.3629,10488,True,False,not_built
944,946,el908fa5d99ddc,[Li+].[Cl-],CCC(C)CC1(C2C(C)C2(C)C)CC1,1.32,Li,Cl,Sf54d69514dd7,194.362,42.394,241,64,3.766,4.9848,9768,True,False,not_built
945,947,el5ff511dcd672,[Li+].[Cl-],CC(C)C1CCCCCCCCCC1,0.74,Li,Cl,Sd05e72462d5b,196.378,42.394,432,64,6.75,6.0454,18272,True,False,not_built
946,948,elcf51b935ca23,[Li+].[Cl-],CCS(=O)(=O)CC(C)CCCl,1.46,Li,Cl,S15e4a5daa0b8,198.715,42.394,213,64,3.328,4.8201,5666,True,False,not_built
947,949,elf832a7d99a92,[Li+].[Cl-],CC(F)C(C)CCCCC(C)(F)F,1.06,Li,Cl,S021398c6e8f0,196.256,42.394,300,64,4.688,5.3629,9728,True,False,not_built
948,950,eldada702d75ae,[Li+].[Cl-],COC(C)CC1CCCC12CCC2,0.43,Li,Cl,S3c2b9a6b3cbf,182.307,42.394,808,64,12.625,7.2446,28408,True,False,not_built
949,951,el7f542d938309,[Li+].[Cl-],CC1CC(OC=O)CCC2(C)CC2C1,1.41,Li,Cl,S54ea9a861261,196.29,42.394,223,64,3.484,4.8764,7710,True,False,not_built
950,952,el25b86a3d0dd9,[Li+].[O-]S(=O)(=O)c1ccc(C)cc1,CCOC(=O)OCCCS(C)=O,0.48,Li,OTs,S67d9707a7b0d,194.252,178.138,652,64,10.188,6.9838,18168,True,False,not_built
951,953,el79029792db42,[Li+].[O-]S(=O)(=O)c1ccc(C)cc1,CC1C2CC3C(C2)C3C1CC#N,1.1,Li,OTs,S2c58752f76d1,161.248,178.138,319,64,4.984,5.2971,9829,True,False,not_built
952,954,el0a131d86de95,[Li+].[O-]S(=O)(=O)c1ccc(C)cc1,CCC(Cl)CC(C)C1CCCC1,0.48,Li,OTs,Sb647fa7d1fbc,188.742,178.138,671,64,10.484,6.9838,23359,True,False,not_built
953,955,el28e9cc51267c,[Li+].[O-]S(=O)(=O)c1ccc(C)cc1,CC1C2CCC(C)(C)C1OC(=O)O2,0.83,Li,OTs,Sc48b3e380db0,184.235,178.138,382,64,5.969,5.8185,12294,True,False,not_built
954,956,elad38ab699b98,[Li+].[O-]S(=O)(=O)c1ccc(C)cc1,CCC1(F)C(C)CC(C)CC1F,1.28,Li,OTs,Sd415bea370cb,176.25,178.138,246,64,3.844,5.0362,8596,True,False,not_built
955,957,el5cd13939c093,[Li+].[O-]S(=O)(=O)c1ccc(C)cc1,CC(=O)C1CC2(C(C)=O)CC2C1C,0.57,Li,OTs,Se447765789e9,180.247,178.138,586,64,9.156,6.595,18210,True,False,not_built
956,958,el6d210738c3cc,[Li+].[O-]S(=O)(=O)c1ccc(C)cc1,CCCC(=O)OC1CCC(CC)C1,1.23,Li,OTs,Sf0ccf2ecc2c6,184.279,178.138,246,64,3.844,5.1035,9334,True,False,not_built
957,959,ele4055f142826,[Li+].[O-]S(=O)(=O)c1ccc(C)cc1,CC1C2C(=O)C(=O)C(CC(C)(C)C)C12,1.19,Li,OTs,S941de040ae01,194.274,178.138,242,64,3.781,5.1601,8960,True,False,not_built
958,960,el7cba6cfaa390,[Li+].[O-]S(=O)(=O)c1ccc(C)cc1,CCC1CCC(C)(C)C(=O)C1,1.41,Li,OTs,S0debb2ea78ce,154.253,178.138,251,64,3.922,4.8764,8495,True,False,not_built
959,961,eldf41efb95e5f,[Li+].[O-]S(=O)(=O)c1ccc(C)cc1,CC(=O)CC1CC1C1CC(C)C2CC21,0.48,Li,OTs,S5abf042b60e2,192.302,178.138,658,64,10.281,6.9838,23588,True,False,not_built
960,962,eld98e0bdad20f,[Li+].[O-]S(=O)(=O)c1ccc(C)cc1,CC12CC3(C)CC(C1)(C2)S3(=O)=O,1.19,Li,OTs,Sb198202ea31d,186.276,178.138,253,64,3.953,5.1601,7794,True,False,not_built
961,963,ela5d29c27f365,[Li+].[O-]S(=O)(=O)c1ccc(C)cc1,CCCCCC(F)(F)C(C)C,1.46,Li,OTs,S6723b0684e6f,164.239,178.138,226,64,3.531,4.8201,7770,True,False,not_built
962,964,el617504edab36,[Li+].[O-]S(=O)(=O)c1ccc(C)cc1,CCCCC(CC)C(C)CC(C)C,1.23,Li,OTs,Sfc50a27988ff,184.367,178.138,246,64,3.844,5.1035,11302,True,False,not_built
963,965,elec152abdbea3,[Li+].[O-]S(=O)(=O)c1ccc(C)cc1,CC(F)CC(C)(F)C#N,0.52,Li,OTs,S21ee62110bf4,133.141,178.138,874,64,13.656,6.7999,16948,True,False,not_built
964,966,el70713e7fe428,[Li+].[O-]S(=O)(=O)c1ccc(C)cc1,CC(C)C(=O)C(=O)C(C)(C)CC#N,1.32,Li,OTs,S39eca86e5cae,181.235,178.138,231,64,3.609,4.9848,7684,True,False,not_built
965,967,el8ec9a16a0f07,[Li+].[O-]S(=O)(=O)c1ccc(C)cc1,CCC1C(C)CC12CCS2(=O)=O,0.43,Li,OTs,S148aedf1b044,188.292,178.138,755,64,11.797,7.2446,22356,True,False,not_built
966,968,elaf9efafc7fe4,[Li+].[O-]S(=O)(=O)c1ccc(C)cc1,CCCC1(CCC(C)C)CCCC1,1.01,Li,OTs,S0c1a921aa42c,182.351,178.138,311,64,4.859,5.45,13345,True,False,not_built
967,969,el79ffbe2c50d2,[Li+].[O-]S(=O)(=O)c1ccc(C)cc1,CCCC(C#N)CC(C)CCC(C)C,0.88,Li,OTs,Sd98739503b9b,195.35,178.138,338,64,5.281,5.7062,14398,True,False,not_built
968,970,el1cd97b7c1a20,[Li+].[O-]S(=O)(=O)c1ccc(C)cc1,CCC1CCCCC1C(=O)OC(C)C,0.92,Li,OTs,S0856fd16b158,198.306,178.138,317,64,4.953,5.6222,12628,True,False,not_built
969,971,el0cd36dd62727,[Li+].[O-]S(=O)(=O)c1ccc(C)cc1,CC1CCC(C)C12C(=O)CCCC2=O,0.92,Li,OTs,S6d81f6960de1,194.274,178.138,324,64,5.062,5.6222,11584,True,False,not_built
970,972,elb5be74112e3f,[Li+].[O-]S(=O)(=O)c1ccc(C)cc1,COC(C)CC1CCCC12CCC2,0.3,Li,OTs,S3c2b9a6b3cbf,182.307,178.138,1133,64,17.703,8.1683,40871,True,False,not_built
971,973,eld8299f5097d5,[Li+].[O-]S(=O)(=O)c1ccc(C)cc1,CC(C)CC(C)(C)C(C)C1CC1,0.92,Li,OTs,S1f142f079b38,168.324,178.138,373,64,5.828,5.6222,14644,True,False,not_built
972,974,el2006e05afeb2,[Li+].[O-]S(=O)(=O)c1ccc(C)cc1,CCC(CC)(CCl)C1CC1,1.46,Li,OTs,S5807104c1f38,160.688,178.138,231,64,3.609,4.8201,7453,True,False,not_built
973,975,el946e5c4d944c,[Li+].[O-]S(=O)(=O)c1ccc(C)cc1,CCCCC(SC)SSC,0.83,Li,OTs,S18e7dafbc7d1,196.406,178.138,358,64,5.594,5.8185,10524,True,False,not_built
974,976,el9cb6c696077b,[Li+].[O-]S(=O)(=O)c1ccc(C)cc1,CCC1(C#N)CCCCC(=O)O1,0.61,Li,OTs,S42a5d3df1f5a,167.208,178.138,587,64,9.172,6.4476,15891,True,False,not_built
975,977,el5e22e7ef4f06,[Li+].[O-]S(=O)(=O)c1ccc(C)cc1,CC(=O)N(OC(=O)OCF)C(C)=O,1.5,Li,OTs,S405908ff67ce,193.13,178.138,186,64,2.906,4.7768,5122,True,False,built
976,978,elb6bdc2f35637,[Li+].[O-]S(=O)(=O)c1ccc(C)cc1,CC(C)(C)c1ccc2c(c1)ON(F)O2,0.39,Li,OTs,Sfff8dded6392,197.209,178.138,798,64,12.469,7.4843,21964,True,False,not_built
977,979,el7d45c86102fb,[Li+].[O-]S(=O)(=O)c1ccc(C)cc1,CCCC(C)C(F)CCC(C)C,0.88,Li,OTs,S16c5a20ab57f,174.303,178.138,379,64,5.922,5.7062,14481,True,False,not_built
978,980,ele867d38b5e53,[Li+].[O-]S(=O)(=O)c1ccc(C)cc1,CC(CF)C1(CF)CCOC1,0.92,Li,OTs,Se980182157d3,164.195,178.138,383,64,5.984,5.6222,10791,True,False,not_built
979,981,elcc904089ca28,[Li+].[O-]S(=O)(=O)c1ccc(C)cc1,CCC1CCCCC(CC)C(=O)O1,0.88,Li,OTs,S6b77d1171968,184.279,178.138,358,64,5.594,5.7062,13030,True,False,not_built
980,982,el5579b7297e4f,[Li+].[O-]S(=O)(=O)c1ccc(C)cc1,CCCCC(C(C)=O)C(Cl)Cl,1.41,Li,OTs,Sb4b28df0322c,197.105,178.138,196,64,3.062,4.8764,6116,True,False,not_built
981,983,el4eef982cc8e6,[Li+].[O-]S(=O)(=O)c1ccc(C)cc1,CCC12C3C4C(C)C5C3C13C4C2C53,0.79,Li,OTs,S492656780d86,172.271,178.138,431,64,6.734,5.9151,13715,True,False,not_built
982,984,elf97d57f8a3f5,[Li+].[O-]S(=O)(=O)c1ccc(C)cc1,C1CC2CC2CC2CCC3(C1)CC3C2,1.5,Li,OTs,S4e82a84f8f17,190.33,178.138,189,64,2.953,4.7768,8020,True,False,not_built
983,985,elfa72b588ea92,[Li+].[O-]S(=O)(=O)c1ccc(C)cc1,CC1CCC1CC1(C#N)CC(C)(C)C1,0.34,Li,OTs,Sba29cb4cafe8,191.318,178.138,949,64,14.828,7.8345,34431,True,False,not_built
984,986,elc3ace08e2eca,[Li+].[O-]S(=O)(=O)c1ccc(C)cc1,CC(C)CC1(C)CC(C)C12CC2,1.19,Li,OTs,S7f630a259675,166.308,178.138,283,64,4.422,5.1601,10838,True,False,not_built
985,987,el9f3234a85a67,[Li+].[O-]S(=O)(=O)c1ccc(C)cc1,CCC1CC1C1CC(CC(C)C)C1,1.01,Li,OTs,S1ec7b77ec362,180.335,178.138,314,64,4.906,5.45,12834,True,False,not_built
986,988,el9327201e04ec,[Li+].[O-]S(=O)(=O)c1ccc(C)cc1,CCCC(=O)C(C)C(=O)CC(C)=O,0.57,Li,OTs,S22d594f40992,184.235,178.138,573,64,8.953,6.595,17833,True,False,not_built
987,989,el9a55233ca4f3,[Li+].[O-]S(=O)(=O)c1ccc(C)cc1,CCS(=O)(=O)CCCC(C)(C)F,0.57,Li,OTs,Sdf29eb5de996,196.287,178.138,538,64,8.406,6.595,16818,True,False,not_built
988,990,el4c628c600678,[Li+].[O-]S(=O)(=O)c1ccc(C)cc1,CC12CC3C4CCC35CC(C1CO5)C42,1.19,Li,OTs,S69efe6872bba,190.286,178.138,247,64,3.859,5.1601,9120,True,False,not_built
989,991,el7ae972019f58,[Li+].[O-]S(=O)(=O)c1ccc(C)cc1,CCCCC(C)C(=O)C(C)(C#N)CC,1.06,Li,OTs,Sa4b7429fc237,195.306,178.138,275,64,4.297,5.3629,10841,True,False,not_built
990,992,el4f67360ee732,[Li+].[O-]S(=O)(=O)c1ccc(C)cc1,CCCCCCC1(CC)CCC(C)C1,1.06,Li,OTs,S5f05f128dad8,196.378,178.138,273,64,4.266,5.3629,12682,True,False,not_built
991,993,el6a451e2a1f6f,[Li+].[O-]S(=O)(=O)c1ccc(C)cc1,CC1C2C3CC(C)C45C(CC2C34)CC15,0.34,Li,OTs,S085bfae473c3,188.314,178.138,964,64,15.062,7.8345,33992,True,False,not_built
992,994,el775504ff8393,[Li+].[O-]S(=O)(=O)c1ccc(C)cc1,CCC1CCS12CC2,1.01,Li,OTs,Sd663443b16fe,130.256,178.138,435,64,6.797,5.45,10786,True,False,not_built
993,995,ela8b45cc7c641,[Li+].[O-]S(=O)(=O)c1ccc(C)cc1,CCC(=O)CCC(=O)OC(C)=O,1.5,Li,OTs,Sa6a3d5227fd7,172.18,178.138,209,64,3.266,4.7768,6232,True,False,not_built
994,996,el3e0e611eecc0,[Li+].[O-]S(=O)(=O)c1ccc(C)cc1,CCC(Cl)C(=O)C(C)=O,0.3,Li,OTs,Sa32c8c1fefe2,148.589,178.138,1391,64,21.734,8.1683,26254,True,False,not_built
995,997,elb6cd77ac0761,[Li+].[O-]S(=O)(=O)c1ccc(C)cc1,CC(C)C1CCCC1(C)C#N,0.88,Li,OTs,S7e0a854d8c2e,151.253,178.138,436,64,6.812,5.7062,13424,True,False,not_built
996,998,el7e26d1ecc943,[Li+].[O-]S(=O)(=O)c1ccc(C)cc1,CC1CCCC2(C#N)CCC(C1)C2,0.88,Li,OTs,S74ba05e7be4c,177.291,178.138,372,64,5.812,5.7062,13120,True,False,not_built
997,999,eld6947ec64cb5,[Li+].[O-]S(=O)(=O)c1ccc(C)cc1,CCCC1CCC1CCl,1.41,Li,OTs,S8685bf8df3cd,146.661,178.138,264,64,4.125,4.8764,7552,True,False,not_built
998,1000,el66a93b7ec65b,[Li+].[O-]S(=O)(=O)c1ccc(C)cc1,CCCC1CC1(CCC)CC(C)C,0.61,Li,OTs,S873d9c1b3d16,182.351,178.138,539,64,8.422,6.4476,22237,True,False,not_built
999,1001,elee33b1a0023c,[Li+].[O-]S(=O)(=O)c1ccc(C)cc1,CCC(C)C1C(C(C)C)CC12CC2C,0.88,Li,OTs,Sf5f024885970,194.362,178.138,340,64,5.312,5.7062,14816,True,False,not_built
1000,1002,el3349e2680d89,[Na+].[N-](S(=O)(=O)F)S(=O)(=O)F,CCC(Cl)CC(C)C1CCCC1,0.83,Na,FSI,Sb647fa7d1fbc,188.742,203.123,368,64,5.75,5.8185,12784,True,False,not_built
1001,1003,el35b0d06fdc02,[Na+].[N-](S(=O)(=O)F)S(=O)(=O)F,CC(=O)C(C)C1CC(C)C(C)C1,0.83,Na,FSI,Sbb03007c1b66,168.28,203.123,413,64,6.453,5.8185,13856,True,False,not_built
1002,1004,el960486bd5d53,[Na+].[N-](S(=O)(=O)F)S(=O)(=O)F,CN(C)C1=COC(C#N)=CO1,1.28,Na,FSI,S773fac990d31,152.153,203.123,278,64,4.344,5.0362,5922,True,False,not_built
1003,1005,el23d8e9817ad6,[Na+].[N-](S(=O)(=O)F)S(=O)(=O)F,CCCCC1C(CC)C1(C)Cl,0.61,Na,FSI,S1757108f5ae5,174.715,203.123,557,64,8.703,6.4476,17350,True,False,not_built
1004,1006,elf87f7f32d5cb,[Na+].[N-](S(=O)(=O)F)S(=O)(=O)F,CC1CC2CCCC3CCC1C32,0.57,Na,FSI,S9d9b7937f2bd,164.292,203.123,637,64,9.953,6.595,21024,True,False,not_built
1005,1007,el4c367bfa51ba,[Na+].[N-](S(=O)(=O)F)S(=O)(=O)F,C1CC(C2CC3CC4(CCC24)C3)C1,0.7,Na,FSI,S4c1fa032d683,176.303,203.123,475,64,7.422,6.1585,16315,True,False,not_built
1006,1008,el32f79bebbb6b,[Na+].[N-](S(=O)(=O)F)S(=O)(=O)F,CCCP(C)CCC,0.74,Na,FSI,S1cfa065beddf,132.187,203.123,596,64,9.312,6.0454,15540,True,False,not_built
1007,1009,el06c074bb7f55,[Na+].[N-](S(=O)(=O)F)S(=O)(=O)F,CC(=O)C1CC2CCCC(C2)C1=O,0.52,Na,FSI,Sc945ef1d4e68,180.247,203.123,640,64,10.0,6.7999,19200,True,False,not_built
1008,1010,el749f908fefe6,[Na+].[N-](S(=O)(=O)F)S(=O)(=O)F,CCCCCC(=O)N(C=O)CCC,0.48,Na,FSI,Sbeca3cf453ae,185.267,203.123,678,64,10.594,6.9838,22336,True,False,not_built
1009,1011,elc80cd456f7b9,[Na+].[N-](S(=O)(=O)F)S(=O)(=O)F,CC(CC1CCC1)C(=O)Cl,0.57,Na,FSI,Sbf7df6db1f34,160.644,203.123,651,64,10.172,6.595,15613,True,False,not_built
1010,1012,eld4ded40c78fe,[Na+].[N-](S(=O)(=O)F)S(=O)(=O)F,CCCCC(CC)C1CC(=O)N1C,0.88,Na,FSI,Sb9c6d3d2c9f5,183.295,203.123,355,64,5.547,5.7062,12710,True,False,not_built
1011,1013,el8e62491a850b,[Na+].[N-](S(=O)(=O)F)S(=O)(=O)F,CC(C)CCC1C(C)CC(C)C1(C)C,0.7,Na,FSI,Sf61baf56bf5f,196.378,203.123,427,64,6.672,6.1585,18574,True,False,not_built
1012,1014,el0ddb91c0de09,[Na+].[N-](S(=O)(=O)F)S(=O)(=O)F,CCCCCC(=O)OC(C)CCC,0.74,Na,FSI,S2d92c9c846f8,186.295,203.123,423,64,6.609,6.0454,15445,True,False,not_built
1013,1015,el2d88f3483420,[Na+].[N-](S(=O)(=O)F)S(=O)(=O)F,C1CC2CC3C4CC4C3C3CC(C1)C23,1.19,Na,FSI,S2a6894737951,188.314,203.123,245,64,3.828,5.1601,8970,True,False,not_built
1014,1016,el6b6654c9dd9d,[Na+].[N-](S(=O)(=O)F)S(=O)(=O)F,CCCC1C(C)C1C1CC1CC,0.57,Na,FSI,S1091aa941239,166.308,203.123,629,64,9.828,6.595,22026,True,False,not_built
1015,1017,elc9e4430e29db,[Na+].[N-](S(=O)(=O)F)S(=O)(=O)F,CCCC(C)OC(=O)OC(C)=O,1.41,Na,FSI,Sd65f75c3bea9,174.196,203.123,217,64,3.391,4.8764,6282,True,False,not_built
1016,1018,elda5393369843,[Na+].[N-](S(=O)(=O)F)S(=O)(=O)F,CCC(C)C(=O)C1(C#N)CC1,1.23,Na,FSI,Sfe0a2224b0d6,151.209,203.123,294,64,4.594,5.1035,7696,True,False,not_built
1017,1019,el1729d0761287,[Na+].[N-](S(=O)(=O)F)S(=O)(=O)F,CC(C)C1C(C)CCCC1C#N,0.48,Na,FSI,S3440701362b9,165.28,203.123,760,64,11.875,6.9838,24200,True,False,not_built
1018,1020,el285175ed7207,[Na+].[N-](S(=O)(=O)F)S(=O)(=O)F,CCCCCCC(=O)CC(C)CCC,0.66,Na,FSI,S013fdf74fdc1,198.35,203.123,450,64,7.031,6.2804,18640,True,False,not_built
1019,1021,el280a99b064bb,[Na+].[N-](S(=O)(=O)F)S(=O)(=O)F,CCC1C2C3CC4CCC(C)C4(C3)C12,0.52,Na,FSI,S9e42897c7122,190.33,203.123,606,64,9.469,6.7999,22456,True,False,not_built
1020,1022,el8ce54bf7d869,[Na+].[N-](S(=O)(=O)F)S(=O)(=O)F,C1CC2CC1CC1CC21,0.61,Na,FSI,S2c8bb0cecdef,122.211,203.123,796,64,12.438,6.4476,18948,True,False,not_built
1021,1023,ele3d969c515d4,[Na+].[N-](S(=O)(=O)F)S(=O)(=O)F,CCCN(CCC(C)C)C(C)C,0.74,Na,FSI,S0b95c9bae88a,171.328,203.123,460,64,7.188,6.0454,17660,True,False,not_built
1022,1024,elf55d2d57d834,[Na+].[N-](S(=O)(=O)F)S(=O)(=O)F,CCCC1(C)CCC(C)CC1(C)C,0.43,Na,FSI,Scd9bd4eae4e8,182.351,203.123,774,64,12.094,7.2446,30826,True,False,not_built
1023,1025,ela6bde859feab,[Na+].[N-](S(=O)(=O)F)S(=O)(=O)F,CCC1(C#N)CCCCC(=O)O1,0.3,Na,FSI,S42a5d3df1f5a,167.208,203.123,1230,64,19.219,8.1683,31390,True,False,not_built
1024,1026,el98bb780bc114,[Na+].[N-](S(=O)(=O)F)S(=O)(=O)F,CC1(C(F)F)CCCC1=O,0.83,Na,FSI,S51f19d4718d1,148.152,203.123,469,64,7.328,5.8185,10020,True,False,not_built
1025,1027,elf076f1cfb583,[Na+].[N-](S(=O)(=O)F)S(=O)(=O)F,CC1CCC2C(C)CC(C)C2C1,1.14,Na,FSI,S18868d4b6d16,166.308,203.123,292,64,4.562,5.2344,10568,True,False,not_built
1026,1028,eldafa8cb7c6b6,[Na+].[N-](S(=O)(=O)F)S(=O)(=O)F,CCC(C)C(=O)CCC(C)(C)C(C)=O,0.66,Na,FSI,S50bb80543e6c,198.306,203.123,450,64,7.031,6.2804,16840,True,False,not_built
1027,1029,el19ac5cf076c5,[Na+].[N-](S(=O)(=O)F)S(=O)(=O)F,COc1cc(-c2ccccc2)c[nH]1,1.37,Na,FSI,S53b96ba881ae,173.215,203.123,226,64,3.531,4.9234,6064,True,False,not_built
1028,1030,elb3e889a735cd,[Na+].[N-](S(=O)(=O)F)S(=O)(=O)F,CCCC(=O)C(C#N)C(CC)CC,0.74,Na,FSI,S85bff4aaac3b,181.279,203.123,435,64,6.797,6.0454,14560,True,False,not_built
1029,1031,elcf506bd79a67,[Na+].[N-](S(=O)(=O)F)S(=O)(=O)F,CCCCC(C#N)CC(C)CC(C)C,1.41,Na,FSI,S8cdd65623f90,195.35,203.123,193,64,3.016,4.8764,8167,True,False,not_built
1030,1032,el45129c8828a0,[Na+].[N-](S(=O)(=O)F)S(=O)(=O)F,CCCC(C)(C#N)CCl,0.57,Na,FSI,Sf1f1a71ce265,145.633,203.123,718,64,11.219,6.595,15718,True,False,not_built
1031,1033,el8f7c6642e6c8,[Na+].[N-](S(=O)(=O)F)S(=O)(=O)F,CCC1CC(C)CC1(C)CC,0.97,Na,FSI,S520dadf820a9,154.297,203.123,378,64,5.906,5.5239,13114,True,False,not_built
1032,1034,elf5c4b23bc747,[Na+].[N-](S(=O)(=O)F)S(=O)(=O)F,CC12CC3(C)CC(C1)(C2)S3(=O)=O,1.23,Na,FSI,Sb198202ea31d,186.276,203.123,238,64,3.719,5.1035,6828,True,False,not_built
1033,1035,elff7f146b197a,[Na+].[N-](S(=O)(=O)F)S(=O)(=O)F,CCC(C)CC1(C2C(C)C2(C)C)CC1,0.34,Na,FSI,Sf54d69514dd7,194.362,203.123,929,64,14.516,7.8345,37800,True,False,not_built
1034,1036,elcfcf7f8713e2,[Na+].[N-](S(=O)(=O)F)S(=O)(=O)F,CCCCCC(F)C(=O)CN(C)C,1.46,Na,FSI,S215c3dee5440,189.274,203.123,191,64,2.984,4.8201,6943,True,False,not_built
1035,1037,el7d29ae572ad4,[Na+].[N-](S(=O)(=O)F)S(=O)(=O)F,COC1=CSC=CC1,0.74,Na,FSI,S7646c4e68019,128.196,203.123,615,64,9.609,6.0454,10480,True,False,not_built
1036,1038,elf726991d6878,[Na+].[N-](S(=O)(=O)F)S(=O)(=O)F,CCC1CC(C)C(C)(C)C1(C)C,0.88,Na,FSI,S9493aee39285,168.324,203.123,387,64,6.047,5.7062,14572,True,False,not_built
1037,1039,el89b3a8a227a9,[Na+].[N-](S(=O)(=O)F)S(=O)(=O)F,CC(=O)CCC1CC(=O)C1C(C)C,1.06,Na,FSI,S5d41d348fe74,182.263,203.123,289,64,4.516,5.3629,9599,True,False,not_built
1038,1040,el890ace8e1c31,[Na+].[N-](S(=O)(=O)F)S(=O)(=O)F,CC1CC2CC3(C)CC(C1)(C2)C3,1.1,Na,FSI,Sf456fa0e2a2a,164.292,203.123,308,64,4.812,5.2971,10496,True,False,not_built
1039,1041,el26e7e4c8a993,[Na+].[N-](S(=O)(=O)F)S(=O)(=O)F,CCOC(=O)OCCCS(C)=O,0.3,Na,FSI,S67d9707a7b0d,194.252,203.123,1059,64,16.547,8.1683,28174,True,False,not_built
1040,1042,el03ace47c5a60,[Na+].[N-](S(=O)(=O)F)S(=O)(=O)F,CCCCCC1(C(C)C)CC1,1.37,Na,FSI,S591b8e4b99eb,154.297,203.123,253,64,3.953,4.9234,8989,True,False,not_built
1041,1043,elcd6b5f26ca7d,[Na+].[N-](S(=O)(=O)F)S(=O)(=O)F,CCCC(C)SCC(C)(C#N)CC,1.06,Na,FSI,S7f75c1115255,199.363,203.123,264,64,4.125,5.3629,9616,True,False,not_built
1042,1044,elfc46ad6a6b72,[Na+].[N-](S(=O)(=O)F)S(=O)(=O)F,CCCOC(=O)OC(C)N(C)CC,1.5,Na,FSI,Sc5afdc0d1f96,189.255,203.123,185,64,2.891,4.7768,6560,True,False,not_built
1043,1045,ela169b43accc2,[Na+].[N-](S(=O)(=O)F)S(=O)(=O)F,CC1C2C(=O)C(=O)C(CC(C)(C)C)C12,0.88,Na,FSI,S941de040ae01,194.274,203.123,335,64,5.234,5.7062,11360,True,False,not_built
1044,1046,el9994636cf530,[Na+].[N-](S(=O)(=O)F)S(=O)(=O)F,CC(C)C1CCCC1(C)C#N,1.06,Na,FSI,S7e0a854d8c2e,151.253,203.123,349,64,5.453,5.3629,10412,True,False,not_built
1045,1047,el4e3d591e1ed1,[Na+].[N-](S(=O)(=O)F)S(=O)(=O)F,CCC(C#N)CCCC(CC)CC,0.83,Na,FSI,Sa96bae06f7f5,181.323,203.123,383,64,5.984,5.8185,14428,True,False,not_built
1046,1048,eld619efad1ba0,[Na+].[N-](S(=O)(=O)F)S(=O)(=O)F,CCCCCC(F)(F)C(C)C,1.37,Na,FSI,S6723b0684e6f,164.239,203.123,238,64,3.719,4.9234,7542,True,False,not_built
1047,1049,el83db131913cf,[Na+].[N-](S(=O)(=O)F)S(=O)(=O)F,CCCC12CC(C1CC)N(C)C2CC,1.32,Na,FSI,S4bba1360ab7c,195.35,203.123,209,64,3.266,4.9848,8791,True,False,not_built
1048,1050,el4bbddca50d1e,[Na+].[N-](S(=O)(=O)F)S(=O)(=O)F,COCS(=O)(=O)C(C)(C)C,1.41,Na,FSI,S7adf30e6977e,166.242,203.123,227,64,3.547,4.8764,6088,True,False,not_built
1049,1051,el679afaeed68b,[Na+].[N-](S(=O)(=O)F)S(=O)(=O)F,CC(C)CCC1CC1CC1CCC1C,0.92,Na,FSI,S3446c8d7f537,194.362,203.123,319,64,4.984,5.6222,13400,True,False,not_built
1050,1052,el237f735b6b2e,[Na+].[N-](S(=O)(=O)C(F)(F)F)S(=O)(=O)C(F)(F)F,CCCC(=O)CC(C)C(C)C,1.19,Na,TFSI,Sf22199ad84a9,156.269,303.137,271,64,4.234,5.1601,9425,True,False,not_built
1051,1053,el87aa91497fc0,[Na+].[N-](S(=O)(=O)C(F)(F)F)S(=O)(=O)C(F)(F)F,CCCCC(=O)OCCC(C)C,1.32,Na,TFSI,S19e8ece671ac,172.268,303.137,215,64,3.359,4.9848,7904,True,False,not_built
1052,1054,el24abc834493a,[Na+].[N-](S(=O)(=O)C(F)(F)F)S(=O)(=O)C(F)(F)F,CC1CC2CCCC3CCC1C32,1.32,Na,TFSI,S9d9b7937f2bd,164.292,303.137,226,64,3.531,4.9848,8256,True,False,not_built
1053,1055,el26d51df15b1e,[Na+].[N-](S(=O)(=O)C(F)(F)F)S(=O)(=O)C(F)(F)F,CCC(C(C)C)C1CCC(C)(C)C1C,0.52,Na,TFSI,Sfcb43392bce6,196.378,303.137,569,64,8.891,6.7999,24922,True,False,not_built
1054,1056,el3d6471f314ff,[Na+].[N-](S(=O)(=O)C(F)(F)F)S(=O)(=O)C(F)(F)F,CCCC(F)C(=O)CC,1.1,Na,TFSI,Sb67b2c0ecdaf,132.178,303.137,354,64,5.531,5.2971,8812,True,False,not_built
1055,1057,el93e8664d9ac7,[Na+].[N-](S(=O)(=O)C(F)(F)F)S(=O)(=O)C(F)(F)F,CC1C2C(C)(C)C3CC3(C)C12C,0.3,Na,TFSI,Saa1a20217fa0,164.292,303.137,1229,64,19.203,8.1683,40352,True,False,not_built
1056,1058,el21696db2555b,[Na+].[N-](S(=O)(=O)C(F)(F)F)S(=O)(=O)C(F)(F)F,CCC(=O)N1CCCCC1Cl,1.01,Na,TFSI,S89865e0d679d,175.659,303.137,296,64,4.625,5.45,8424,True,False,not_built
1057,1059,ele5e46c22950e,[Na+].[N-](S(=O)(=O)C(F)(F)F)S(=O)(=O)C(F)(F)F,CCC(=O)C1(C)CC(C)CCCC1C,0.97,Na,TFSI,S563675d9fccf,196.334,303.137,278,64,4.344,5.5239,11588,True,False,not_built
1058,1060,el508f6bb79713,[Na+].[N-](S(=O)(=O)C(F)(F)F)S(=O)(=O)C(F)(F)F,CC1CC(C)C(CCC(=O)N(C)C)C1,0.74,Na,TFSI,Sacaced582033,197.322,303.137,380,64,5.938,6.0454,15084,True,False,not_built
1059,1061,elc1d4ba98e56f,[Na+].[N-](S(=O)(=O)C(F)(F)F)S(=O)(=O)C(F)(F)F,COC(=O)OC1CCCC(C)C1,1.5,Na,TFSI,Sc20bd1037f85,172.224,303.137,181,64,2.828,4.7768,6092,True,False,not_built
1060,1062,el05dcb12300e4,[Na+].[N-](S(=O)(=O)C(F)(F)F)S(=O)(=O)C(F)(F)F,CCCCC(C)(C)C(Cl)C#N,1.37,Na,TFSI,S2da4f0e838ce,173.687,303.137,203,64,3.172,4.9234,6505,True,False,not_built
1061,1063,el6fb81a2664ad,[Na+].[N-](S(=O)(=O)C(F)(F)F)S(=O)(=O)C(F)(F)F,CCCC(=O)C(=O)OC,0.34,Na,TFSI,S350f767980e6,130.143,303.137,1359,64,21.234,7.8345,26845,True,False,not_built
1062,1064,ela7454e8c3754,[Na+].[N-](S(=O)(=O)C(F)(F)F)S(=O)(=O)C(F)(F)F,CCCC(C)C(F)CCC(C)C,0.52,Na,TFSI,S16c5a20ab57f,174.303,303.137,641,64,10.016,6.7999,23459,True,False,not_built
1063,1065,el422d29208e36,[Na+].[N-](S(=O)(=O)C(F)(F)F)S(=O)(=O)C(F)(F)F,CCCSC(C)CC(C)CC,0.52,Na,TFSI,S89eb5805c65c,174.353,303.137,640,64,10.0,6.7999,22144,True,False,not_built
1064,1066,el408d65430a43,[Na+].[N-](S(=O)(=O)C(F)(F)F)S(=O)(=O)C(F)(F)F,CC12CCC3CCC(C1)C2COC3,1.41,Na,TFSI,S8f5ff86e310c,180.291,303.137,188,64,2.938,4.8764,7228,True,False,not_built
1065,1067,el05299bba522f,[Na+].[N-](S(=O)(=O)C(F)(F)F)S(=O)(=O)C(F)(F)F,CC(=O)CCC(C)(C)C(C)C(C)C,0.92,Na,TFSI,S778694cdca07,184.323,303.137,315,64,4.922,5.6222,12679,True,False,not_built
1066,1068,el29338d83ef67,[Na+].[N-](S(=O)(=O)C(F)(F)F)S(=O)(=O)C(F)(F)F,CCCC1(CCC(C)C)CCCC1,1.19,Na,TFSI,S0c1a921aa42c,182.351,303.137,232,64,3.625,5.1601,10072,True,False,not_built
1067,1069,el1b1ff8784501,[Na+].[N-](S(=O)(=O)C(F)(F)F)S(=O)(=O)C(F)(F)F,CCOC(=O)OCCCS(C)=O,1.28,Na,TFSI,S67d9707a7b0d,194.252,303.137,199,64,3.109,5.0362,6198,True,False,not_built
1068,1070,elf1344901ad94,[Na+].[N-](S(=O)(=O)C(F)(F)F)S(=O)(=O)C(F)(F)F,CCCOC(=O)C(C)C1CCC1CC,1.23,Na,TFSI,S2c3975e95d78,198.306,303.137,205,64,3.203,5.1035,8404,True,False,not_built
1069,1071,elfaefe776e915,[Na+].[N-](S(=O)(=O)C(F)(F)F)S(=O)(=O)C(F)(F)F,CCC1CCCCC(CC)C(=O)O1,0.39,Na,TFSI,S6b77d1171968,184.279,303.137,829,64,12.953,7.4843,28381,True,False,not_built
1070,1072,el2b84777b5a56,[Na+].[N-](S(=O)(=O)C(F)(F)F)S(=O)(=O)C(F)(F)F,CCCCCCC1(CC)CCC(C)C1,0.43,Na,TFSI,S5f05f128dad8,196.378,303.137,700,64,10.938,7.2446,30424,True,False,not_built
1071,1073,eld39f8572fcc3,[Na+].[N-](S(=O)(=O)C(F)(F)F)S(=O)(=O)C(F)(F)F,CC(=O)C1(CC(C)C(C)C)CCCC1,0.79,Na,TFSI,Se74c9a4aaac2,196.334,303.137,355,64,5.547,5.9151,14514,True,False,not_built
1072,1074,elab2bec2e190c,[Na+].[N-](S(=O)(=O)C(F)(F)F)S(=O)(=O)C(F)(F)F,CC1C(C#N)C23CC(C)C(C)(C2)C13,0.7,Na,TFSI,S4991d945e3bf,175.275,303.137,457,64,7.141,6.1585,14734,True,False,not_built
1073,1075,el84d333395794,[Na+].[N-](S(=O)(=O)C(F)(F)F)S(=O)(=O)C(F)(F)F,CCCCC(SC)SSC,1.19,Na,TFSI,S18e7dafbc7d1,196.406,303.137,216,64,3.375,5.1601,6640,True,False,not_built
1074,1076,ela89653ed79cb,[Na+].[N-](S(=O)(=O)C(F)(F)F)S(=O)(=O)C(F)(F)F,CC(=O)CCC1CCC(C)O1,0.48,Na,TFSI,S618f437d963b,156.225,303.137,780,64,12.188,6.9838,22084,True,False,not_built
1075,1077,ela8f5338a533f,[Na+].[N-](S(=O)(=O)C(F)(F)F)S(=O)(=O)C(F)(F)F,CCC12CC(CN(C)CC1C)C1CC12,0.74,Na,TFSI,S07a15c2261fc,193.334,303.137,388,64,6.062,6.0454,15380,True,False,not_built
1076,1078,eldd22814f612c,[Na+].[N-](S(=O)(=O)C(F)(F)F)S(=O)(=O)C(F)(F)F,CCCC(CC)(CC)CCl,0.57,Na,TFSI,Sad1dcf189f93,162.704,303.137,620,64,9.688,6.595,19004,True,False,not_built
1077,1079,el9215fcaca5ac,[Na+].[N-](S(=O)(=O)C(F)(F)F)S(=O)(=O)C(F)(F)F,CCC1CC2C(OC)CC(C)C2(C)C1,0.52,Na,TFSI,Sed183be5a1b2,196.334,303.137,569,64,8.891,6.7999,22646,True,False,not_built
1078,1080,eld49315be8bed,[Na+].[N-](S(=O)(=O)C(F)(F)F)S(=O)(=O)C(F)(F)F,CCC1(C(C)(C)C)OOC1=O,0.48,Na,TFSI,S11daa9807048,158.197,303.137,771,64,12.047,6.9838,20299,True,False,not_built
1079,1081,el343dd323414c,[Na+].[N-](S(=O)(=O)C(F)(F)F)S(=O)(=O)C(F)(F)F,CCC(C)C(=O)CCC(C)C(C)(C)C,0.52,Na,TFSI,Sf19b728d9135,198.35,303.137,563,64,8.797,6.7999,23544,True,False,not_built
1080,1082,el74dcbe9f9c63,[Na+].[N-](S(=O)(=O)C(F)(F)F)S(=O)(=O)C(F)(F)F,COC(C)CC1CCCC12CCC2,0.97,Na,TFSI,S3c2b9a6b3cbf,182.307,303.137,299,64,4.672,5.5239,11489,True,False,not_built
1081,1083,el0d35658fb003,[Na+].[N-](S(=O)(=O)C(F)(F)F)S(=O)(=O)C(F)(F)F,CCC(C)(C)CCC1C2CCSC21,0.79,Na,TFSI,S22a1f2e879e5,198.375,303.137,351,64,5.484,5.9151,13309,True,False,not_built
1082,1084,elff1715863434,[Na+].[N-](S(=O)(=O)C(F)(F)F)S(=O)(=O)C(F)(F)F,CCC(C)CC1C(C)C(C)C1C,0.83,Na,TFSI,Scd193559ed5c,168.324,303.137,390,64,6.094,5.8185,15064,True,False,not_built
1083,1085,el1283e391d29c,[Na+].[N-](S(=O)(=O)C(F)(F)F)S(=O)(=O)C(F)(F)F,CCCCC(CC)C1CC(=O)N1C,0.88,Na,TFSI,Sb9c6d3d2c9f5,183.295,303.137,335,64,5.234,5.7062,12414,True,False,not_built
1084,1086,el927ad38cd086,[Na+].[N-](S(=O)(=O)C(F)(F)F)S(=O)(=O)C(F)(F)F,C1CC2CC3C4CC4C3C3CC(C1)C23,1.19,Na,TFSI,S2a6894737951,188.314,303.137,225,64,3.516,5.1601,8674,True,False,not_built
1085,1087,elc3bb97768fb2,[Na+].[N-](S(=O)(=O)C(F)(F)F)S(=O)(=O)C(F)(F)F,CC1CCCC(C)S(=O)(=O)CC1,1.37,Na,TFSI,S468a1305e7ef,190.308,303.137,186,64,2.906,4.9234,6604,True,False,not_built
1086,1088,elb697e9eb0557,[Na+].[N-](S(=O)(=O)C(F)(F)F)S(=O)(=O)C(F)(F)F,CCC(=O)CC1OC(=O)C1C1CC1,0.92,Na,TFSI,Sb1b067069f60,182.219,303.137,319,64,4.984,5.6222,9637,True,False,not_built
1087,1089,el655af2c8f333,[Na+].[N-](S(=O)(=O)C(F)(F)F)S(=O)(=O)C(F)(F)F,CC1C2CC3CC14CC32CC4=O,1.06,Na,TFSI,S3be81ebf022a,162.232,303.137,302,64,4.719,5.3629,8876,True,False,not_built
1088,1090,el61350f1a34c5,[Na+].[N-](S(=O)(=O)C(F)(F)F)S(=O)(=O)C(F)(F)F,CCCC(C)OC(=O)OC(C)=O,1.19,Na,TFSI,Sd65f75c3bea9,174.196,303.137,243,64,3.797,5.1601,7342,True,False,not_built
1089,1091,el5d49bd5bac2f,[Na+].[N-](S(=O)(=O)C(F)(F)F)S(=O)(=O)C(F)(F)F,CC(Cl)CC(C#N)CC(C)(C)C,1.14,Na,TFSI,S04f9354a0ce7,187.714,303.137,238,64,3.719,5.2344,8164,True,False,not_built
1090,1092,el360554522771,[Na+].[N-](S(=O)(=O)C(F)(F)F)S(=O)(=O)C(F)(F)F,C1CC2CC3C4CCC1C4C23,0.43,Na,TFSI,Sf2f46e8065c2,148.249,303.137,927,64,14.484,7.2446,26053,True,False,not_built
1091,1093,el9453e34570dd,[Na+].[N-](S(=O)(=O)C(F)(F)F)S(=O)(=O)C(F)(F)F,CC1CC12CCC1CCC3C(CC1)C32,1.5,Na,TFSI,Sa3e12b06cfb4,190.33,303.137,164,64,2.562,4.7768,6928,True,False,not_built
1092,1094,el35ec08082713,[Na+].[N-](S(=O)(=O)C(F)(F)F)S(=O)(=O)C(F)(F)F,CCC(CC)CC(=O)C(C)CC,0.48,Na,TFSI,S7bb1936c0770,170.296,303.137,716,64,11.188,6.9838,25368,True,False,not_built
1093,1095,el0e512d493d02,[Na+].[N-](S(=O)(=O)C(F)(F)F)S(=O)(=O)C(F)(F)F,CC1CCC2(CCC(=O)O2)C1(C)C,0.79,Na,TFSI,Sd88a8f4d1933,182.263,303.137,382,64,5.969,5.9151,12866,True,False,not_built
1094,1096,el5888534903de,[Na+].[N-](S(=O)(=O)C(F)(F)F)S(=O)(=O)C(F)(F)F,CCCCCC1(C2CC2)CC1,1.1,Na,TFSI,S88c0256d29e4,152.281,303.137,307,64,4.797,5.2971,10541,True,False,not_built
1095,1097,el0f52d25f510d,[Na+].[N-](S(=O)(=O)C(F)(F)F)S(=O)(=O)C(F)(F)F,CCCC(C)C1OC(=O)C1C,0.79,Na,TFSI,S483e2c366092,156.225,303.137,446,64,6.969,5.9151,13066,True,False,not_built
1096,1098,el09244b56b775,[Na+].[N-](S(=O)(=O)C(F)(F)F)S(=O)(=O)C(F)(F)F,CCC1(OOC)CC1C,0.57,Na,TFSI,Se3c539fd0daf,130.187,303.137,775,64,12.109,6.595,18849,True,False,not_built
1097,1099,elaf8c8c8824c7,[Na+].[N-](S(=O)(=O)C(F)(F)F)S(=O)(=O)C(F)(F)F,CCC(C)CC1CC1C1CCCC1,1.41,Na,TFSI,S61a35d171a0e,180.335,303.137,188,64,2.938,4.8764,7980,True,False,not_built
1098,1100,el58774edd8210,[Na+].[N-](S(=O)(=O)C(F)(F)F)S(=O)(=O)C(F)(F)F,CCC(C)(C)CCCC(F)CF,0.39,Na,TFSI,S4b08fa0c9abb,178.266,303.137,857,64,13.391,7.4843,28448,True,False,not_built
1099,1101,el3d28932a012e,[Na+].[N-](S(=O)(=O)C(F)(F)F)S(=O)(=O)C(F)(F)F,CC(Cl)CC1CC(C#N)C1,0.57,Na,TFSI,Sefc0a92539bb,157.644,303.137,640,64,10.0,6.595,15104,True,False,not_built
1100,1102,eldc789a982fa1,[Na+].[N-](S(=O)(=O)C(F)(F)C(F)(F)F)S(=O)(=O)C(F)(F)C(F)(F)F,CCC(=O)C(CCC(C)C)OC,1.01,Na,Beti,S66cc5bdb407d,172.268,403.151,280,64,4.375,5.45,10368,True,False,not_built
1101,1103,el89394ac613a4,[Na+].[N-](S(=O)(=O)C(F)(F)C(F)(F)F)S(=O)(=O)C(F)(F)C(F)(F)F,CC1C(=O)CCC2(C#N)C(C3CC3)C12,1.37,Na,Beti,Sc049651726c3,189.258,403.151,167,64,2.609,4.9234,6251,True,False,not_built
1102,1104,el2f5242f816ed,[Na+].[N-](S(=O)(=O)C(F)(F)C(F)(F)F)S(=O)(=O)C(F)(F)C(F)(F)F,CC(CS(C)(=O)=O)C(F)CF,0.79,Na,Beti,Sdaeeb9e5227e,186.223,403.151,354,64,5.531,5.9151,9550,True,False,not_built
1103,1105,ele583e6d9fa74,[Na+].[N-](S(=O)(=O)C(F)(F)C(F)(F)F)S(=O)(=O)C(F)(F)C(F)(F)F,CCC1C(OC(C)=O)OC(=O)C1C#N,1.32,Na,Beti,S66c63f162273,197.19,403.151,169,64,2.641,4.9848,5633,True,False,not_built
1104,1106,el4154c112dec7,[Na+].[N-](S(=O)(=O)C(F)(F)C(F)(F)F)S(=O)(=O)C(F)(F)C(F)(F)F,CCC(C)CC1CC1C1CCCC1,1.28,Na,Beti,S61a35d171a0e,180.335,403.151,193,64,3.016,5.0362,8549,True,False,not_built
1105,1107,el3f94fee62346,[Na+].[N-](S(=O)(=O)C(F)(F)C(F)(F)F)S(=O)(=O)C(F)(F)C(F)(F)F,CCC(CC)(CCl)C1CC1,1.46,Na,Beti,S5807104c1f38,160.688,403.151,178,64,2.781,4.8201,6214,True,False,not_built
1106,1108,el83cfb16f17c2,[Na+].[N-](S(=O)(=O)C(F)(F)C(F)(F)F)S(=O)(=O)C(F)(F)C(F)(F)F,CC(C#N)CC1CCCC1,1.41,Na,Beti,Sa4cbf3457150,137.226,403.151,220,64,3.438,4.8764,6908,True,False,not_built
1107,1109,elfb46515ddd9e,[Na+].[N-](S(=O)(=O)C(F)(F)C(F)(F)F)S(=O)(=O)C(F)(F)C(F)(F)F,CCC(C)C(=O)CCC(C)(C)C(C)=O,1.28,Na,Beti,S50bb80543e6c,198.306,403.151,176,64,2.75,5.0362,7744,True,False,not_built
1108,1110,elbdb0096d6417,[Na+].[N-](S(=O)(=O)C(F)(F)C(F)(F)F)S(=O)(=O)C(F)(F)C(F)(F)F,CCCCC1C(C)C1CC(C)=O,0.57,Na,Beti,Sfd7734abd377,168.28,403.151,577,64,9.016,6.595,19872,True,False,not_built
1109,1111,el388fe6d3b292,[Na+].[N-](S(=O)(=O)C(F)(F)C(F)(F)F)S(=O)(=O)C(F)(F)C(F)(F)F,CCCCC(CC)CC(C)C(C)CC,1.23,Na,Beti,S49a4630f52c4,198.394,403.151,186,64,2.906,5.1035,9592,True,False,not_built
1110,1112,el7a11ea7a46aa,[Na+].[N-](S(=O)(=O)C(F)(F)C(F)(F)F)S(=O)(=O)C(F)(F)C(F)(F)F,CCCC(C#N)CC(C)CCC(C)C,1.19,Na,Beti,Sd98739503b9b,195.35,403.151,198,64,3.094,5.1601,9130,True,False,not_built
1111,1113,el88e3abe31011,[Na+].[N-](S(=O)(=O)C(F)(F)C(F)(F)F)S(=O)(=O)C(F)(F)C(F)(F)F,CCCCCC(C)C(=O)OCCC,0.66,Na,Beti,S9b643758157f,186.295,403.151,439,64,6.859,6.2804,16773,True,False,not_built
1112,1114,el8ef69c760ae8,[Na+].[N-](S(=O)(=O)C(F)(F)C(F)(F)F)S(=O)(=O)C(F)(F)C(F)(F)F,CCC1C(C)CC12CCS2(=O)=O,1.1,Na,Beti,S148aedf1b044,188.292,403.151,228,64,3.562,5.2971,7792,True,False,not_built
1113,1115,elf5911afd16a4,[Na+].[N-](S(=O)(=O)C(F)(F)C(F)(F)F)S(=O)(=O)C(F)(F)C(F)(F)F,CCC1CC(C)CC1(C)CC,0.61,Na,Beti,S520dadf820a9,154.297,403.151,582,64,9.094,6.4476,20614,True,False,not_built
1114,1116,el65fb8bb402e5,[Na+].[N-](S(=O)(=O)C(F)(F)C(F)(F)F)S(=O)(=O)C(F)(F)C(F)(F)F,CC(=O)CCC1CC(=O)C1C(C)C,0.92,Na,Beti,S5d41d348fe74,182.263,403.151,298,64,4.656,5.6222,10646,True,False,not_built
1115,1117,el7546ee0eaf66,[Na+].[N-](S(=O)(=O)C(F)(F)C(F)(F)F)S(=O)(=O)C(F)(F)C(F)(F)F,CCC1(C#N)CCCCC(=O)O1,1.28,Na,Beti,S42a5d3df1f5a,167.208,403.151,208,64,3.25,5.0362,6608,True,False,not_built
1116,1118,el2ca504a25a57,[Na+].[N-](S(=O)(=O)C(F)(F)C(F)(F)F)S(=O)(=O)C(F)(F)C(F)(F)F,COC(=O)C(C)CS(C)(=O)=O,0.52,Na,Beti,S0daec2fd1c9a,180.225,403.151,599,64,9.359,6.7999,15185,True,False,not_built
1117,1119,elb5c71578cced,[Na+].[N-](S(=O)(=O)C(F)(F)C(F)(F)F)S(=O)(=O)C(F)(F)C(F)(F)F,CCCC1C(C)C1C1CC1CC,0.7,Na,Beti,S1091aa941239,166.308,403.151,458,64,7.156,6.1585,16980,True,False,not_built
1118,1120,el69637ddda6e2,[Na+].[N-](S(=O)(=O)C(F)(F)C(F)(F)F)S(=O)(=O)C(F)(F)C(F)(F)F,CCCCOS(C)(C)C(C)(C)C,1.28,Na,Beti,S51cb37ed5e76,192.368,403.151,181,64,2.828,5.0362,7924,True,False,not_built
1119,1121,elcf42b307b7bb,[Na+].[N-](S(=O)(=O)C(F)(F)C(F)(F)F)S(=O)(=O)C(F)(F)C(F)(F)F,CCCCCC(C)S(=O)(=O)CC,0.83,Na,Beti,Sc32ce9edf4f7,192.324,403.151,322,64,5.031,5.8185,11712,True,False,not_built
1120,1122,el0efd380417b1,[Na+].[N-](S(=O)(=O)C(F)(F)C(F)(F)F)S(=O)(=O)C(F)(F)C(F)(F)F,CCCCCC(=O)OC(C)CCC,1.46,Na,Beti,S2d92c9c846f8,186.295,403.151,154,64,2.406,4.8201,6798,True,False,not_built
1121,1123,el54c22f02a635,[Na+].[N-](S(=O)(=O)C(F)(F)C(F)(F)F)S(=O)(=O)C(F)(F)C(F)(F)F,CC(C)CC(C)(C)C(C)C1CC1,0.3,Na,Beti,S1f142f079b38,168.324,403.151,1177,64,18.391,8.1683,43780,True,False,not_built
1122,1124,elceca05429a6d,[Na+].[N-](S(=O)(=O)C(F)(F)C(F)(F)F)S(=O)(=O)C(F)(F)C(F)(F)F,CC(C)N(C(C)C)C(C)C1(C)CC1,1.19,Na,Beti,S0ee0dc5a8bf4,183.339,403.151,211,64,3.297,5.1601,9426,True,False,not_built
1123,1125,el4996a1d3c4e7,[Na+].[N-](S(=O)(=O)C(F)(F)C(F)(F)F)S(=O)(=O)C(F)(F)C(F)(F)F,CCCCC(CCC)CC(C)C#N,1.28,Na,Beti,S2f81a223478a,181.323,403.151,192,64,3.0,5.0362,8320,True,False,not_built
1124,1126,el45909ade4d11,[Na+].[N-](S(=O)(=O)C(F)(F)C(F)(F)F)S(=O)(=O)C(F)(F)C(F)(F)F,CCOC(C)OC(=O)OC,1.41,Na,Beti,Sa65afd9a774c,148.158,403.151,204,64,3.188,4.8764,5896,True,False,not_built
1125,1127,el053a0363f377,[Na+].[N-](S(=O)(=O)C(F)(F)C(F)(F)F)S(=O)(=O)C(F)(F)C(F)(F)F,CC(=O)OC1(C)CCCC(C)(C)C1C,0.48,Na,Beti,S2dc26f76daea,198.306,403.151,596,64,9.312,6.9838,22864,True,False,not_built
1126,1128,eldcae1b58631d,[Na+].[N-](S(=O)(=O)C(F)(F)C(F)(F)F)S(=O)(=O)C(F)(F)C(F)(F)F,CCCC1CCC1CCl,1.5,Na,Beti,S8685bf8df3cd,146.661,403.151,187,64,2.922,4.7768,5896,True,False,not_built
1127,1129,el2f9a6acaf5ab,[Na+].[N-](S(=O)(=O)C(F)(F)C(F)(F)F)S(=O)(=O)C(F)(F)C(F)(F)F,CCCCC(C)C12CCCCCC1C2,0.74,Na,Beti,Sf52dcecf144a,194.362,403.151,367,64,5.734,6.0454,16088,True,False,not_built
1128,1130,el1ff533fda503,[Na+].[N-](S(=O)(=O)C(F)(F)C(F)(F)F)S(=O)(=O)C(F)(F)C(F)(F)F,C1CC2CC1CC1CC21,0.7,Na,Beti,S2c8bb0cecdef,122.211,403.151,624,64,9.75,6.1585,15760,True,False,not_built
1129,1131,el6be2c1fff5f7,[Na+].[N-](S(=O)(=O)C(F)(F)C(F)(F)F)S(=O)(=O)C(F)(F)C(F)(F)F,C=Cc1ccc(C(C)=O)s1,0.7,Na,Beti,Sa86757a9ca26,152.218,403.151,501,64,7.828,6.1585,10426,True,False,not_built
1130,1132,elee6a2127a858,[Na+].[N-](S(=O)(=O)C(F)(F)C(F)(F)F)S(=O)(=O)C(F)(F)C(F)(F)F,CCCC(CCC)C(C)CC#N,1.06,Na,Beti,Sd23a8f2456b8,167.296,403.151,270,64,4.219,5.3629,10318,True,False,not_built
1131,1133,el1c0722121bef,[Na+].[N-](S(=O)(=O)C(F)(F)C(F)(F)F)S(=O)(=O)C(F)(F)C(F)(F)F,CCCCCC(=O)N(C=O)CCC,1.1,Na,Beti,Sbeca3cf453ae,185.267,403.151,232,64,3.625,5.2971,8832,True,False,not_built
1132,1134,el93197dc792e7,[Na+].[N-](S(=O)(=O)C(F)(F)C(F)(F)F)S(=O)(=O)C(F)(F)C(F)(F)F,CC(=O)C1C2CCC(CSC2)C1C,0.88,Na,Beti,S4d0c8ac3ea88,198.331,403.151,290,64,4.531,5.7062,10398,True,False,not_built
1133,1135,elb8041328c2bf,[Na+].[N-](S(=O)(=O)C(F)(F)C(F)(F)F)S(=O)(=O)C(F)(F)C(F)(F)F,CC1CCC1(C)C1(C(C)C)CC1(C)C,0.34,Na,Beti,Se506208a4232,194.362,403.151,890,64,13.906,7.8345,37008,True,False,not_built
1134,1136,elb716a67a9313,[Na+].[N-](S(=O)(=O)C(F)(F)C(F)(F)F)S(=O)(=O)C(F)(F)C(F)(F)F,CCS(=O)(=O)CCCC(C)(C)F,1.5,Na,Beti,Sdf29eb5de996,196.287,403.151,140,64,2.188,4.7768,5468,True,False,not_built
1135,1137,el3cda67bffaf3,[Na+].[N-](S(=O)(=O)C(F)(F)C(F)(F)F)S(=O)(=O)C(F)(F)C(F)(F)F,CC(C)CC(F)(F)C(C)CF,0.57,Na,Beti,S95a88cb3ce65,168.202,403.151,577,64,9.016,6.595,16410,True,False,not_built
1136,1138,elea58a79fd760,[Na+].[N-](S(=O)(=O)C(F)(F)C(F)(F)F)S(=O)(=O)C(F)(F)C(F)(F)F,CCCC(C)(C#N)CCl,0.39,Na,Beti,Sf1f1a71ce265,145.633,403.151,1023,64,15.984,7.4843,22891,True,False,not_built
1137,1139,el311c8446caf3,[Na+].[N-](S(=O)(=O)C(F)(F)C(F)(F)F)S(=O)(=O)C(F)(F)C(F)(F)F,CCSCC(CC)SSC,1.01,Na,Beti,S0d661ac5af93,196.406,403.151,245,64,3.828,5.45,7778,True,False,not_built
1138,1140,el6c1a30873236,[Na+].[N-](S(=O)(=O)C(F)(F)C(F)(F)F)S(=O)(=O)C(F)(F)C(F)(F)F,CCC(C#N)C(C)CCC(C)C,0.79,Na,Beti,S20c79f89aeba,167.296,403.151,394,64,6.156,5.9151,14410,True,False,not_built
1139,1141,el82b0c5e25d76,[Na+].[N-](S(=O)(=O)C(F)(F)C(F)(F)F)S(=O)(=O)C(F)(F)C(F)(F)F,CC(CF)CCCF,1.06,Na,Beti,S7e5730baa9c6,122.158,403.151,370,64,5.781,5.3629,8808,True,False,not_built
1140,1142,el8d5bf17644ce,[Na+].[N-](S(=O)(=O)C(F)(F)C(F)(F)F)S(=O)(=O)C(F)(F)C(F)(F)F,CCCC(=O)CC(CC#N)C(C)(C)C,1.37,Na,Beti,S948c8fb83d94,195.306,403.151,161,64,2.516,4.9234,7043,True,False,not_built
1141,1143,el03ef0dca4b2c,[Na+].[N-](S(=O)(=O)C(F)(F)C(F)(F)F)S(=O)(=O)C(F)(F)C(F)(F)F,CCC12CC(CCCCC1=O)C2,0.39,Na,Beti,S6025d9407903,166.264,403.151,896,64,14.0,7.4843,28288,True,False,not_built
1142,1144,el6838620dcbcd,[Na+].[N-](S(=O)(=O)C(F)(F)C(F)(F)F)S(=O)(=O)C(F)(F)C(F)(F)F,CC(=O)CC1CC1C1CC(C)C2CC21,0.61,Na,Beti,S5abf042b60e2,192.302,403.151,467,64,7.297,6.4476,17286,True,False,not_built
1143,1145,el540ccb687127,[Na+].[N-](S(=O)(=O)C(F)(F)C(F)(F)F)S(=O)(=O)C(F)(F)C(F)(F)F,CCC1(C)CC2C(C)C2C1C(=O)OC,0.92,Na,Beti,Sf7a80b70e1cf,196.29,403.151,277,64,4.328,5.6222,10826,True,False,not_built
1144,1146,el2dcae10836e8,[Na+].[N-](S(=O)(=O)C(F)(F)C(F)(F)F)S(=O)(=O)C(F)(F)C(F)(F)F,CC1CCC2(CCC(=O)O2)C1(C)C,1.28,Na,Beti,Sd88a8f4d1933,182.263,403.151,191,64,2.984,5.0362,7329,True,False,not_built
1145,1147,el7d8144fc46d8,[Na+].[N-](S(=O)(=O)C(F)(F)C(F)(F)F)S(=O)(=O)C(F)(F)C(F)(F)F,CC(F)C(=O)C1(C)CCCO1,1.01,Na,Beti,S689754e2e743,160.188,403.151,301,64,4.703,5.45,8632,True,False,not_built
1146,1148,el622090ece4f9,[Na+].[N-](S(=O)(=O)C(F)(F)C(F)(F)F)S(=O)(=O)C(F)(F)C(F)(F)F,CCCC(=O)CC(C)C(C)C,0.74,Na,Beti,Sf22199ad84a9,156.269,403.151,456,64,7.125,6.0454,15544,True,False,not_built
1147,1149,el80ba1a5b7b1d,[Na+].[N-](S(=O)(=O)C(F)(F)C(F)(F)F)S(=O)(=O)C(F)(F)C(F)(F)F,CC1CC2CC3(C)CC(C1)(C2)C3,1.06,Na,Beti,Sf456fa0e2a2a,164.292,403.151,275,64,4.297,5.3629,10208,True,False,not_built
1148,1150,el9f7f10906a66,[Na+].[N-](S(=O)(=O)C(F)(F)C(F)(F)F)S(=O)(=O)C(F)(F)C(F)(F)F,CCCCCCC(=O)CC(C)CCC,1.5,Na,Beti,S013fdf74fdc1,198.35,403.151,139,64,2.172,4.7768,6968,True,False,not_built
1149,1151,el22b50214451d,[Na+].[N-](S(=O)(=O)C(F)(F)C(F)(F)F)S(=O)(=O)C(F)(F)C(F)(F)F,CC(C)CC1(C)CCCC(C)C1C#N,0.88,Na,Beti,S019e3680544f,193.334,403.151,298,64,4.656,5.7062,12434,True,False,not_built
1150,1152,el867c48f0c462,[Na+].[B-](F)(F)(F)F,CCC(=O)C(C)C(CC)SC#N,0.43,Na,BF4,Sca8850f40247,185.292,109.794,781,64,12.203,7.2446,21471,True,False,not_built
1151,1153,el22e174525944,[Na+].[B-](F)(F)(F)F,CCCCCS(=O)(=O)CC,0.39,Na,BF4,S6eabb7980054,164.27,109.794,974,64,15.219,7.4843,25708,True,False,not_built
1152,1154,elfccfaaee0aee,[Na+].[B-](F)(F)(F)F,CCC1C2CCCC(C3(C)CC3)C12,0.52,Na,BF4,Se8cc3e7b0f9a,178.319,109.794,667,64,10.422,6.7999,23729,True,False,not_built
1153,1155,el71b3a0dfe99b,[Na+].[B-](F)(F)(F)F,CCCCC1CC(C2(C)CC2C)C1,0.43,Na,BF4,S99b4ebe19032,180.335,109.794,802,64,12.531,7.2446,30058,True,False,not_built
1154,1156,el6518563a94bc,[Na+].[B-](F)(F)(F)F,CCCCC(=O)C(C)(C)C(C)C,0.74,Na,BF4,S3f15ac81e06e,170.296,109.794,484,64,7.562,6.0454,16840,True,False,not_built
1155,1157,ele2d4f9abe17d,[Na+].[B-](F)(F)(F)F,CCC1C(OC(C)=O)OC(=O)C1C#N,0.34,Na,BF4,S66c63f162273,197.19,109.794,934,64,14.594,7.8345,23734,True,False,not_built
1156,1158,elc82e2a5ba98c,[Na+].[B-](F)(F)(F)F,CC1=C[C@H](F)C=CO1,0.34,Na,BF4,Sd88a7ba70eab,114.119,109.794,1613,64,25.203,7.8345,24579,True,False,not_built
1157,1159,el38c0a67aa676,[Na+].[B-](F)(F)(F)F,CC(Cl)CCC(C)C(F)(F)F,1.5,Na,BF4,S9d4e73696978,188.62,109.794,204,64,3.188,4.7768,5076,True,False,not_built
1158,1160,el37b99d66d6e9,[Na+].[B-](F)(F)(F)F,CCOC(C)OC(=O)OC,0.39,Na,BF4,Sa65afd9a774c,148.158,109.794,1080,64,16.875,7.4843,24144,True,False,not_built
1159,1161,ela21c8775f427,[Na+].[B-](F)(F)(F)F,CC12CC3C4CCC35CC(C1CO5)C42,0.39,Na,BF4,S69efe6872bba,190.286,109.794,841,64,13.141,7.4843,27296,True,False,not_built
1160,1162,el2f189f17252f,[Na+].[B-](F)(F)(F)F,CC1CN2C(C)C3OC(=O)OC3C12,0.3,Na,BF4,S54bc35cabc25,183.207,109.794,1142,64,17.844,8.1683,30076,True,False,not_built
1161,1163,elffd5700116d9,[Na+].[B-](F)(F)(F)F,CCC(C)C(CC#N)CCCC(C)=O,0.43,Na,BF4,S4492192f1d4e,195.306,109.794,741,64,11.578,7.2446,26319,True,False,not_built
1162,1164,elf111777eed7a,[Na+].[B-](F)(F)(F)F,CCCCCC1(C(C)C)CC1,0.92,Na,BF4,S591b8e4b99eb,154.297,109.794,424,64,6.625,5.6222,14376,True,False,not_built
1163,1165,el34cd5a465905,[Na+].[B-](F)(F)(F)F,CCCC(=O)CCCCC(F)CC,1.32,Na,BF4,Sa6dd15fd0e20,188.286,109.794,236,64,3.688,4.9848,8408,True,False,not_built
1164,1166,elc296daf74863,[Na+].[B-](F)(F)(F)F,CCC1CCC(C)(C)C1C1CCCC1,1.19,Na,BF4,Sd737f5b5eb3e,194.362,109.794,255,64,3.984,5.1601,10584,True,False,not_built
1165,1167,elaaadf3347c55,[Na+].[B-](F)(F)(F)F,CC1CCC(C)C12C(=O)CCCC2=O,1.01,Na,BF4,S6d81f6960de1,194.274,109.794,305,64,4.766,5.45,10144,True,False,not_built
1166,1168,elb0d952ad98bb,[Na+].[B-](F)(F)(F)F,CCCCCC(=O)OC(C)CCC,0.39,Na,BF4,S2d92c9c846f8,186.295,109.794,859,64,13.422,7.4843,30449,True,False,not_built
1167,1169,el5dc8f1f18fce,[Na+].[B-](F)(F)(F)F,CCC1CCC(C)(C)C(=O)C1,1.23,Na,BF4,S0debb2ea78ce,154.253,109.794,311,64,4.859,5.1035,9403,True,False,not_built
1168,1170,el6f36af36c70b,[Na+].[B-](F)(F)(F)F,CC1C2CCC(C)(C)C1OC(=O)O2,0.34,Na,BF4,Sc48b3e380db0,184.235,109.794,999,64,15.609,7.8345,29355,True,False,not_built
1169,1171,el43593c117224,[Na+].[B-](F)(F)(F)F,CCCC(=O)C(C)C(=O)CC(C)=O,1.06,Na,BF4,S22d594f40992,184.235,109.794,305,64,4.766,5.3629,9229,True,False,not_built
1170,1172,el02f0c711fddf,[Na+].[B-](F)(F)(F)F,CC(=O)CCCC(C)C(C)(C)C#N,0.79,Na,BF4,S854954286a9b,181.279,109.794,424,64,6.625,5.9151,13952,True,False,not_built
1171,1173,eladefa094ccde,[Na+].[B-](F)(F)(F)F,CC1CCC(=O)C1C(C)C(C)(C)C,1.37,Na,BF4,Sd29032727b47,182.307,109.794,234,64,3.656,4.9234,8574,True,False,not_built
1172,1174,el80386631f4fd,[Na+].[B-](F)(F)(F)F,CCCC(C)CC(=O)OC(C)=O,0.66,Na,BF4,S8af73807eb6d,172.224,109.794,539,64,8.422,6.2804,15476,True,False,not_built
1173,1175,el7fb79b56446b,[Na+].[B-](F)(F)(F)F,CCCCC(C#N)C(F)(F)C(F)F,1.06,Na,BF4,S548447e54ea8,197.175,109.794,285,64,4.453,5.3629,7224,True,False,not_built
1174,1176,el5ae0c1dc2a2c,[Na+].[B-](F)(F)(F)F,CCCCCCC1(CC)CCC(C)C1,0.83,Na,BF4,S5f05f128dad8,196.378,109.794,372,64,5.812,5.8185,16008,True,False,not_built
1175,1177,el26a92b80583b,[Na+].[B-](F)(F)(F)F,CC1CC12CC1(CC1)C2,0.92,Na,BF4,S87adb08ea001,122.211,109.794,535,64,8.359,5.6222,12689,True,False,not_built
1176,1178,elec7ba627ec3a,[Na+].[B-](F)(F)(F)F,CC1C2CC(=O)C(C#N)C(C)(C)CC12,1.46,Na,BF4,Sf8166c430727,191.274,109.794,208,64,3.25,4.8201,6832,True,False,not_built
1177,1179,el022268e65cc5,[Na+].[B-](F)(F)(F)F,CCC(C)CC(C)=O,1.14,Na,BF4,Sdc50030926ce,114.188,109.794,455,64,7.109,5.2344,10394,True,False,not_built
1178,1180,el115bf87d7662,[Na+].[B-](F)(F)(F)F,CCC1(C)C2CC(C)C(C)C21,0.79,Na,BF4,Sc771399b815d,152.281,109.794,505,64,7.891,5.9151,16039,True,False,not_built
1179,1181,el6ab2e798c3d7,[Na+].[B-](F)(F)(F)F,C=Cc1ccc(C(C)=O)s1,0.83,Na,BF4,Sa86757a9ca26,152.218,109.794,479,64,7.484,5.8185,9006,True,False,not_built
1180,1182,ela60d274a98a6,[Na+].[B-](F)(F)(F)F,CCC12COC(CC1C)CC2(C)C,1.14,Na,BF4,Sc89b2e9a7cc2,182.307,109.794,285,64,4.453,5.2344,10359,True,False,not_built
1181,1183,el15b45632b3b5,[Na+].[B-](F)(F)(F)F,CCC(C(C)C)C1CCC(C)(C)C1C,0.7,Na,BF4,Sfcb43392bce6,196.378,109.794,445,64,6.953,6.1585,19074,True,False,not_built
1182,1184,ele852a6194756,[Na+].[B-](F)(F)(F)F,CCCCCC1CCCC1CCC,0.48,Na,BF4,S47877aa32dad,182.351,109.794,709,64,11.078,6.9838,28035,True,False,not_built
1183,1185,el80b9011a6f2b,[Na+].[B-](F)(F)(F)F,CCC(C)CC1CC1C1CCCC1,0.88,Na,BF4,S61a35d171a0e,180.335,109.794,380,64,5.938,5.7062,14444,True,False,not_built
1184,1186,eleb83c999ad12,[Na+].[B-](F)(F)(F)F,CCCCC(CCC)CC(C)C#N,0.34,Na,BF4,S2f81a223478a,181.323,109.794,1015,64,15.859,7.8345,36924,True,False,not_built
1185,1187,el955f143c1ffd,[Na+].[B-](F)(F)(F)F,CCCC1CC1(C)C(=O)C#N,0.48,Na,BF4,S1ae25b2e2f71,151.209,109.794,854,64,13.344,6.9838,20880,True,False,not_built
1186,1188,ele75316be15a6,[Na+].[B-](F)(F)(F)F,CC1CCC(C)(C)CC1,0.79,Na,BF4,S2c116962cb75,126.243,109.794,609,64,9.516,5.9151,16827,True,False,not_built
1187,1189,el2e89d4437e2e,[Na+].[B-](F)(F)(F)F,CCON(C)C(C)C1CCCS1,1.28,Na,BF4,S25d091ed29f0,189.324,109.794,242,64,3.781,5.0362,7886,True,False,not_built
1188,1190,el7077e2bb9984,[Na+].[B-](F)(F)(F)F,CSCCC(=O)CSC,1.23,Na,BF4,Scd79c24ad6c2,164.295,109.794,292,64,4.562,5.1035,6516,True,False,not_built
1189,1191,el99e8c1480636,[Na+].[B-](F)(F)(F)F,CC1CCC2C(C)CC(C)C2C1,0.61,Na,BF4,S18868d4b6d16,166.308,109.794,606,64,9.469,6.4476,20988,True,False,not_built
1190,1192,elc1ccbbb934b6,[Na+].[B-](F)(F)(F)F,C1CC(C2CC3CC4(CCC24)C3)C1,0.79,Na,BF4,S4c1fa032d683,176.303,109.794,436,64,6.812,5.9151,14772,True,False,not_built
1191,1193,elc2d930fc0d68,[Na+].[B-](F)(F)(F)F,CC1(C)CCCCCS(=O)(=O)C1,0.48,Na,BF4,Se4b1fea15fa6,190.308,109.794,679,64,10.609,6.9838,20754,True,False,not_built
1192,1194,el53c2149c6fec,[Na+].[B-](F)(F)(F)F,CCC(CC)CC(=O)C(C)CC,1.23,Na,BF4,S7bb1936c0770,170.296,109.794,281,64,4.391,5.1035,9938,True,False,not_built
1193,1195,ele0bfb37593c6,[Na+].[B-](F)(F)(F)F,CCCC1SOC(C)(C)C1C,0.57,Na,BF4,See7b7915ca26,174.309,109.794,620,64,9.688,6.595,18364,True,False,not_built
1194,1196,el5164c9d8f675,[Na+].[B-](F)(F)(F)F,CCCC1(CC)COC(=O)OC1,1.28,Na,BF4,Sda1cacdbc9c4,172.224,109.794,266,64,4.156,5.0362,7832,True,False,not_built
1195,1197,el4161103512f5,[Na+].[B-](F)(F)(F)F,CCCCC(C)(C)CCC(C)C#N,1.32,Na,BF4,S116ffdaba3f4,181.323,109.794,245,64,3.828,4.9848,9204,True,False,not_built
1196,1198,el0bfd055cc5ae,[Na+].[B-](F)(F)(F)F,CC1CCCC2CC1COC(C)(C)C2,1.14,Na,BF4,Sc542501a432b,196.334,109.794,265,64,4.141,5.2344,10454,True,False,not_built
1197,1199,el6b664905f199,[Na+].[B-](F)(F)(F)F,CCCCCCCCC(C)PC,0.7,Na,BF4,S07fbd8140c70,188.295,109.794,464,64,7.25,6.1585,17552,True,False,not_built
1198,1200,el273bad01c038,[Na+].[B-](F)(F)(F)F,CCC(C)CC1C(C)C(C)C1C,1.46,Na,BF4,Scd193559ed5c,168.324,109.794,236,64,3.688,4.8201,8880,True,False,not_built
1199,1201,el520d242e7f6e,[Na+].[B-](F)(F)(F)F,COC(=O)C(C)C(C)S(=O)(=O)F,1.14,Na,BF4,Saa5f97f3f22c,198.215,109.794,262,64,4.094,5.2344,6410,True,False,not_built
1200,1202,ele3511680d7ab,[Na+].F[P-](F)(F)(F)(F)F,CCCC(C)(P)CC,0.83,Na,PF6,Sf19df5a34060,132.187,167.952,535,64,8.359,5.8185,13887,True,False,not_built
1201,1203,elfab3dc3dcbc3,[Na+].F[P-](F)(F)(F)(F)F,CCC(C)CC1(CC(=O)OC)CC1,0.74,Na,PF6,Sd7375efb798f,184.279,167.952,435,64,6.797,6.0454,14867,True,False,not_built
1202,1204,elf74f01eb11e0,[Na+].F[P-](F)(F)(F)(F)F,CCC(CC)C(=O)CS(C)(=O)=O,1.23,Na,PF6,Sd3ae60486a18,192.28,167.952,238,64,3.719,5.1035,7176,True,False,not_built
1203,1205,el885f66257b86,[Na+].F[P-](F)(F)(F)(F)F,CCC(C)C(OOC)C(C)C(C)C,0.97,Na,PF6,S8bb7ec38e979,188.311,167.952,317,64,4.953,5.5239,12241,True,False,not_built
1204,1206,el7cd78f306c91,[Na+].F[P-](F)(F)(F)(F)F,CCCC(C)SCC(C)(C#N)CC,1.19,Na,PF6,S7f75c1115255,199.363,167.952,238,64,3.719,5.1601,8604,True,False,not_built
1205,1207,el9d9f2d4dd740,[Na+].F[P-](F)(F)(F)(F)F,CCS(=O)(=O)CC(C)CCCl,1.14,Na,PF6,S15e4a5daa0b8,198.715,167.952,251,64,3.922,5.2344,7038,True,False,not_built
1206,1208,elf320161ff8b0,[Na+].F[P-](F)(F)(F)(F)F,CCC(C#N)CC(C)C1CCC(C)C1,0.3,Na,PF6,S78b2340aae36,193.334,167.952,1071,64,16.734,8.1683,40139,True,False,not_built
1207,1209,el7c942e699b3f,[Na+].F[P-](F)(F)(F)(F)F,CCCCC(CC)CC(=O)C1CC1,0.57,Na,PF6,S0093f7b1166e,182.307,167.952,581,64,9.078,6.595,20847,True,False,not_built
1208,1210,el0e52092eb251,[Na+].F[P-](F)(F)(F)(F)F,C1CC2CC3C4CCC1C4C23,0.97,Na,PF6,Sf2f46e8065c2,148.249,167.952,402,64,6.281,5.5239,11366,True,False,not_built
1209,1211,el496b53d1a095,[Na+].F[P-](F)(F)(F)(F)F,CC(C)C1CCCCCCCCCC1,1.5,Na,PF6,Sd05e72462d5b,196.378,167.952,185,64,2.891,4.7768,8282,True,False,not_built
1210,1212,el4ab19ce6714e,[Na+].F[P-](F)(F)(F)(F)F,CCCCC(C(C)=O)C(Cl)Cl,0.48,Na,PF6,Sb4b28df0322c,197.105,167.952,644,64,10.062,6.9838,16612,True,False,not_built
1211,1213,ela28b3224e11f,[Na+].F[P-](F)(F)(F)(F)F,CC1CC2CCCC3(CCCC3=O)C12,0.39,Na,PF6,S8b1bf3f51566,192.302,167.952,820,64,12.812,7.4843,28392,True,False,not_built
1212,1214,eld5d14fb6abb8,[Na+].F[P-](F)(F)(F)(F)F,C1CC2CC1CC1CC21,1.46,Na,PF6,S2c8bb0cecdef,122.211,167.952,307,64,4.797,4.8201,7573,True,False,not_built
1213,1215,el46733db32739,[Na+].F[P-](F)(F)(F)(F)F,CCCC(CCC)CCC(C)(C)C,1.5,Na,PF6,S79b623a4f639,184.367,167.952,197,64,3.078,4.7768,8589,True,False,not_built
1214,1216,el58ca8bca71d5,[Na+].F[P-](F)(F)(F)(F)F,CN(C)C1=COC(C#N)=CO1,0.48,Na,PF6,S773fac990d31,152.153,167.952,835,64,13.047,6.9838,16377,True,False,not_built
1215,1217,ele8e3271f334c,[Na+].F[P-](F)(F)(F)(F)F,CC(C)CC(C)CC#N,0.79,Na,PF6,Sd06cb76093d0,125.215,167.952,596,64,9.312,5.9151,14816,True,False,not_built
1216,1218,el4ea69e51bc12,[Na+].F[P-](F)(F)(F)(F)F,CCC12CC(CN(C)CC1C)C1CC12,1.06,Na,PF6,S07a15c2261fc,193.334,167.952,280,64,4.375,5.3629,10872,True,False,not_built
1217,1219,el8f9b994b0304,[Na+].F[P-](F)(F)(F)(F)F,CC1=C[C@H](F)C=CO1,0.52,Na,PF6,Sd88a7ba70eab,114.119,167.952,1023,64,15.984,6.7999,15857,True,False,not_built
1218,1220,el03657011fea9,[Na+].F[P-](F)(F)(F)(F)F,CSCCCC(C)SC,0.7,Na,PF6,S6c940f6d3035,164.339,167.952,518,64,8.094,6.1585,13462,True,False,not_built
1219,1221,el9a96c070b7e0,[Na+].F[P-](F)(F)(F)(F)F,CC1CCC2CC1(C1CC3CC1C3)C2,0.79,Na,PF6,S7bc5eff27508,190.33,167.952,392,64,6.125,5.9151,14624,True,False,not_built
1220,1222,el0280c4a35f15,[Na+].F[P-](F)(F)(F)(F)F,CCCC(C)C1OC(=O)C1C,1.06,Na,PF6,S483e2c366092,156.225,167.952,346,64,5.406,5.3629,9854,True,False,not_built
1221,1223,eld73294b8b6ac,[Na+].F[P-](F)(F)(F)(F)F,CCCC(CC)(CC)CCl,0.66,Na,PF6,Sad1dcf189f93,162.704,167.952,557,64,8.703,6.2804,16665,True,False,not_built
1222,1224,eldc3e93293562,[Na+].F[P-](F)(F)(F)(F)F,CCC(C)C(P)CCCN(C)C,0.79,Na,PF6,Sc7d8b7d1f96b,189.283,167.952,395,64,6.172,5.9151,14732,True,False,not_built
1223,1225,el95f91b52e9c2,[Na+].F[P-](F)(F)(F)(F)F,CC1CCC1(C)C1(C(C)C)CC1(C)C,0.66,Na,PF6,Se506208a4232,194.362,167.952,466,64,7.281,6.2804,19152,True,False,not_built
1224,1226,el2bdeb6f88f00,[Na+].F[P-](F)(F)(F)(F)F,CCCCC(C)C(=O)C(C)(C#N)CC,1.23,Na,PF6,Sa4b7429fc237,195.306,167.952,234,64,3.656,5.1035,8702,True,False,not_built
1225,1227,ele5fe4c13c233,[Na+].F[P-](F)(F)(F)(F)F,CCC1CCCCC(CC)C(=O)O1,0.48,Na,PF6,S6b77d1171968,184.279,167.952,689,64,10.766,6.9838,23249,True,False,not_built
1226,1228,eld1f92f1ad507,[Na+].F[P-](F)(F)(F)(F)F,CC1CC2CC3(C)CC(C1)(C2)C3,0.57,Na,PF6,Sf456fa0e2a2a,164.292,167.952,645,64,10.078,6.595,21152,True,False,not_built
1227,1229,el967d468d5eb5,[Na+].F[P-](F)(F)(F)(F)F,CCCCC(CCC)CCF,0.57,Na,PF6,S5fa0b9594e4f,160.276,167.952,661,64,10.328,6.595,21664,True,False,not_built
1228,1230,el0286a01e7d10,[Na+].F[P-](F)(F)(F)(F)F,CCCCCC(CC1CCC1)C1CC1,1.41,Na,PF6,Sb92833eea87b,194.362,167.952,201,64,3.141,4.8764,8552,True,False,not_built
1229,1231,elbf22bdbe4b49,[Na+].F[P-](F)(F)(F)(F)F,CCCCC(=O)CCC(C)(C)C#N,1.46,Na,PF6,S8c9ce98c9a2b,181.279,167.952,207,64,3.234,4.8201,7136,True,False,not_built
1230,1232,ele751e99b41a8,[Na+].F[P-](F)(F)(F)(F)F,CCC12CC3CCC(C3C)C(C)C1C2,0.92,Na,PF6,Sff7833169321,192.346,167.952,329,64,5.141,5.6222,13014,True,False,not_built
1231,1233,elfdf5791715a0,[Na+].F[P-](F)(F)(F)(F)F,CC(F)C(C)S(C)(C)CF,0.48,Na,PF6,S66717cc722a6,170.268,167.952,746,64,11.656,6.9838,19908,True,False,not_built
1232,1234,el2f77ca427ad7,[Na+].F[P-](F)(F)(F)(F)F,CCC(C(C)C)C1(C)C(C)CCC1C,1.23,Na,PF6,Scaafd0d5c5e6,196.378,167.952,233,64,3.641,5.1035,10298,True,False,not_built
1233,1235,el79cac58e8e8d,[Na+].F[P-](F)(F)(F)(F)F,CCC(C)CC1(C2C(C)C2(C)C)CC1,0.88,Na,PF6,Sf54d69514dd7,194.362,167.952,342,64,5.344,5.7062,14192,True,False,not_built
1234,1236,eleb6a58199028,[Na+].F[P-](F)(F)(F)(F)F,CCCCCC(C)C(=O)OCCC,1.32,Na,PF6,S9b643758157f,186.295,167.952,226,64,3.531,4.9848,8422,True,False,not_built
1235,1237,eld90d2832e6d0,[Na+].F[P-](F)(F)(F)(F)F,CCOC(=O)OCOCC(C)Cl,0.74,Na,PF6,S6500218e7fd1,196.63,167.952,408,64,6.375,6.0454,10712,True,False,not_built
1236,1238,el92443d579f97,[Na+].F[P-](F)(F)(F)(F)F,CCC(=O)C(CCC(C)C)OC,1.5,Na,PF6,S66cc5bdb407d,172.268,167.952,211,64,3.297,4.7768,7264,True,False,not_built
1237,1239,el3f40fe61b8ea,[Na+].F[P-](F)(F)(F)(F)F,CCCCC(C)C(C)SOC,1.28,Na,PF6,Se732b32e0b9a,176.325,167.952,248,64,3.875,5.0362,8200,True,False,not_built
1238,1240,el2ab14e2a498e,[Na+].F[P-](F)(F)(F)(F)F,CCCC(=O)C(C)C(=O)CC(C)=O,0.57,Na,PF6,S22d594f40992,184.235,167.952,575,64,8.984,6.595,17187,True,False,not_built
1239,1241,el42303ad43b87,[Na+].F[P-](F)(F)(F)(F)F,CCC1C(OC(C)=O)OC(=O)C1C#N,1.19,Na,PF6,S66c63f162273,197.19,167.952,241,64,3.766,5.1601,6537,True,False,not_built
1240,1242,el7711cd19f122,[Na+].F[P-](F)(F)(F)(F)F,CCCCCS(=O)(=O)CC,0.66,Na,PF6,S6eabb7980054,164.27,167.952,552,64,8.625,6.2804,14864,True,False,not_built
1241,1243,el8a10af628608,[Na+].F[P-](F)(F)(F)(F)F,CC(Cl)CC1CC(C#N)C1,0.7,Na,PF6,Sefc0a92539bb,157.644,167.952,540,64,8.438,6.1585,12392,True,False,not_built
1242,1244,eld1ed9d52e5da,[Na+].F[P-](F)(F)(F)(F)F,CCCCC(CC)CC1CCCC1C,0.61,Na,PF6,Sd8be3826b583,196.378,167.952,502,64,7.844,6.4476,21596,True,False,not_built
1243,1245,eld6c956804ff3,[Na+].F[P-](F)(F)(F)(F)F,COC(=O)C1(C)CCCC(=O)C1C,1.14,Na,PF6,S1a1cf1d818d4,184.235,167.952,270,64,4.219,5.2344,8342,True,False,not_built
1244,1246,el52a5412f37d1,[Na+].F[P-](F)(F)(F)(F)F,CC(F)CC(C)(F)C#N,0.61,Na,PF6,S21ee62110bf4,133.141,167.952,741,64,11.578,6.4476,13850,True,False,not_built
1245,1247,el760b8048ce21,[Na+].F[P-](F)(F)(F)(F)F,CCCC(F)(F)CCCC#N,1.06,Na,PF6,S4625203302a0,161.195,167.952,335,64,5.234,5.3629,8552,True,False,not_built
1246,1248,el2af26311e9b6,[Na+].F[P-](F)(F)(F)(F)F,C1CC2CC2CC2CCC3(C1)CC3C2,1.01,Na,PF6,S4e82a84f8f17,190.33,167.952,300,64,4.688,5.45,11312,True,False,not_built
1247,1249,eleeb6f43a1eae,[Na+].F[P-](F)(F)(F)(F)F,CC1CC2CCCC(C(C)C)(C1)C2=O,1.23,Na,PF6,Sba2151eeb424,194.318,167.952,235,64,3.672,5.1035,8972,True,False,not_built
1248,1250,el1bc76644a494,[Na+].F[P-](F)(F)(F)(F)F,CC1(C(C#N)CCC2CC2)CCCC1,1.5,Na,PF6,S310e0a4d595b,191.318,167.952,190,64,2.969,4.7768,7162,True,False,not_built
1249,1251,el6f8772114b67,[Na+].F[P-](F)(F)(F)(F)F,CC1CC2CC(C2)C(C)C(=O)OC1C,0.3,Na,PF6,S06b428d05009,196.29,167.952,1055,64,16.484,8.1683,36382,True,False,not_built
1250,1252,elf0f38e7fbdb0,[Na+].[O-]Cl(=O)(=O)=O,C1CC(C2CC3CC4(CCC24)C3)C1,1.01,Na,ClO4,S4c1fa032d683,176.303,122.439,333,64,5.203,5.45,11373,True,False,not_built
1251,1253,el0ec63f6a5f34,[Na+].[O-]Cl(=O)(=O)=O,COC(=O)C1(C)CCCC(=O)C1C,1.41,Na,ClO4,S1a1cf1d818d4,184.235,122.439,221,64,3.453,4.8764,6793,True,False,not_built
1252,1254,el03f0b268423a,[Na+].[O-]Cl(=O)(=O)=O,CCCCCCC(CC)C(C)(C)C,0.7,Na,ClO4,Sf7b1e6b7e901,184.367,122.439,471,64,7.359,6.1585,19695,True,False,not_built
1253,1255,el9b310e11dec8,[Na+].[O-]Cl(=O)(=O)=O,CCCC(=O)OC1CCC(CC)C1,0.97,Na,ClO4,Sf0ccf2ecc2c6,184.279,122.439,333,64,5.203,5.5239,11373,True,False,not_built
1254,1256,el5c7607c0cdc0,[Na+].[O-]Cl(=O)(=O)=O,CCC(C)C(F)CCCCC(C)C,1.14,Na,ClO4,S5129f39735bf,188.33,122.439,274,64,4.281,5.2344,10796,True,False,not_built
1255,1257,elf638c01709e1,[Na+].[O-]Cl(=O)(=O)=O,CCC(C#N)CS(=O)(=O)CC,0.48,Na,ClO4,S98fbd1dc7f19,175.253,122.439,735,64,11.484,6.9838,18024,True,False,not_built
1256,1258,ela842d36c521f,[Na+].[O-]Cl(=O)(=O)=O,CC(=O)C1CCCS(=O)(=O)C1,1.41,Na,ClO4,S102a9bcca9d2,176.237,122.439,231,64,3.609,4.8764,5697,True,False,not_built
1257,1259,el653307a57ff0,[Na+].[O-]Cl(=O)(=O)=O,CCCCC(OC(C)=O)C(C)(C)F,0.52,Na,ClO4,S73f7060b1e00,190.258,122.439,623,64,9.734,6.7999,20320,True,False,not_built
1258,1260,elcd67f2ee5347,[Na+].[O-]Cl(=O)(=O)=O,CCC(C)C(OOC)C(C)C(C)C,1.28,Na,ClO4,S8bb7ec38e979,188.311,122.439,241,64,3.766,5.0362,9301,True,False,not_built
1259,1261,el70d623a10925,[Na+].[O-]Cl(=O)(=O)=O,CCC1CCC(C)(C)C1C1CCCC1,1.1,Na,ClO4,Sd737f5b5eb3e,194.362,122.439,276,64,4.312,5.2971,11424,True,False,not_built
1260,1262,elda6a3d2b57b8,[Na+].[O-]Cl(=O)(=O)=O,CCCCC1CC(C2(C)CC2C)C1,0.43,Na,ClO4,S99b4ebe19032,180.335,122.439,800,64,12.5,7.2446,29984,True,False,not_built
1261,1263,elcf08d755511c,[Na+].[O-]Cl(=O)(=O)=O,CC(C)CC(C)(C)C(C)C1CC1,1.19,Na,ClO4,S1f142f079b38,168.324,122.439,292,64,4.562,5.1601,10896,True,False,not_built
1262,1264,eldab1c9e76659,[Na+].[O-]Cl(=O)(=O)=O,CCC1C(COC)C2C3CC3CC12C,0.52,Na,ClO4,S71694db42c96,194.318,122.439,610,64,9.531,6.7999,22344,True,False,not_built
1263,1265,elbd1941b2c685,[Na+].[O-]Cl(=O)(=O)=O,CCCC(=O)CC(CC#N)C(C)(C)C,1.01,Na,ClO4,S948c8fb83d94,195.306,122.439,301,64,4.703,5.45,10919,True,False,not_built
1264,1266,el7f768d3d5ff1,[Na+].[O-]Cl(=O)(=O)=O,CCC12CC3CCC(C3C)C(C)C1C2,1.46,Na,ClO4,Sff7833169321,192.346,122.439,204,64,3.188,4.8201,8136,True,False,not_built
1265,1267,eld37b301ff839,[Na+].[O-]Cl(=O)(=O)=O,CCC(C)CC1CC1C1CCCC1,1.46,Na,ClO4,S61a35d171a0e,180.335,122.439,218,64,3.406,4.8201,8450,True,False,not_built
1266,1268,el63d83bdefa08,[Na+].[O-]Cl(=O)(=O)=O,CC1CC(CCC(=O)OC(C)(C)C)C1,1.37,Na,ClO4,Sc3908a32053f,198.306,122.439,212,64,3.312,4.9234,8016,True,False,not_built
1267,1269,el8057942ed889,[Na+].[O-]Cl(=O)(=O)=O,CC1CC(C)(C#N)C(=O)C2(C)CC12,0.88,Na,ClO4,Sac66560e7d87,177.247,122.439,384,64,6.0,5.7062,11136,True,False,not_built
1268,1270,elf9ad9774c633,[Na+].[O-]Cl(=O)(=O)=O,CC1CC(C)C(CCC(=O)N(C)C)C1,0.97,Na,ClO4,Sacaced582033,197.322,122.439,311,64,4.859,5.5239,11891,True,False,not_built
1269,1271,el2c699fba0b89,[Na+].[O-]Cl(=O)(=O)=O,CCC(P)CCC(C)=O,0.66,Na,ClO4,Scf1923c7a087,146.17,122.439,632,64,9.875,6.2804,15552,True,False,not_built
1270,1272,el54b939d9a038,[Na+].[O-]Cl(=O)(=O)=O,CC(F)CC(C)(F)C#N,1.41,Na,ClO4,S21ee62110bf4,133.141,122.439,306,64,4.781,4.8764,5892,True,False,not_built
1271,1273,el525a44973088,[Na+].[O-]Cl(=O)(=O)=O,COC(=O)C1CCCC(C(C)C)C1C,0.88,Na,ClO4,Sf1704d9e49e2,198.306,122.439,343,64,5.359,5.7062,12732,True,False,not_built
1272,1274,el4dd86b840617,[Na+].[O-]Cl(=O)(=O)=O,CCC1COC(C)C2CCC2C1C,1.23,Na,ClO4,S73a7eb833b8f,182.307,122.439,260,64,4.062,5.1035,9484,True,False,not_built
1273,1275,el5a8433c415ac,[Na+].[O-]Cl(=O)(=O)=O,CCC1C2C3CC4CCC(C)C4(C3)C12,0.74,Na,ClO4,S9e42897c7122,190.33,122.439,430,64,6.719,6.0454,15864,True,False,not_built
1274,1276,el13853f30adc9,[Na+].[O-]Cl(=O)(=O)=O,c1csc(CCCC2CC2)c1,1.19,Na,ClO4,S3281a174850d,166.289,122.439,296,64,4.625,5.1601,7784,True,False,not_built
1275,1277,el54d71ece3e62,[Na+].[O-]Cl(=O)(=O)=O,CCCC1CC1CC(C)(C)CC,0.57,Na,ClO4,S0729e0894394,168.324,122.439,640,64,10.0,6.595,23424,True,False,not_built
1276,1278,eledac3194a1cd,[Na+].[O-]Cl(=O)(=O)=O,CC1CCC(C)(CC2CC2)C1(C)C,1.19,Na,ClO4,S343eb3b06b68,180.335,122.439,273,64,4.266,5.1601,10485,True,False,not_built
1277,1279,elac36ea3478d4,[Na+].[O-]Cl(=O)(=O)=O,CCC(C)C1CCC(CCOC)C1,0.34,Na,ClO4,S4661e232cb14,184.323,122.439,996,64,15.562,7.8345,37236,True,False,not_built
1278,1280,el5f0261ef4d8f,[Na+].[O-]Cl(=O)(=O)=O,CC1CCC(C)(C)CC1,0.39,Na,ClO4,S2c116962cb75,126.243,122.439,1263,64,19.734,7.4843,34485,True,False,not_built
1279,1281,el781814694dd2,[Na+].[O-]Cl(=O)(=O)=O,CCC(C(C)C)C1CCC(C)(C)C1C,0.7,Na,ClO4,Sfcb43392bce6,196.378,122.439,442,64,6.906,6.1585,18948,True,False,not_built
1280,1282,el119f3724ee4f,[Na+].[O-]Cl(=O)(=O)=O,CCC(C(C)C)C1(C)C(C)CCC1C,0.88,Na,ClO4,Scaafd0d5c5e6,196.378,122.439,347,64,5.422,5.7062,14958,True,False,not_built
1281,1283,elf8166874dabc,[Na+].[O-]Cl(=O)(=O)=O,CCCCC1C(CC)C1(C)Cl,1.14,Na,ClO4,S1757108f5ae5,174.715,122.439,295,64,4.609,5.2344,9234,True,False,not_built
1282,1284,el5b28357fe2f5,[Na+].[O-]Cl(=O)(=O)=O,CC(=O)C(C)(C)C(C)C#N,0.74,Na,ClO4,S4e3c54e90875,139.198,122.439,588,64,9.188,6.0454,13908,True,False,not_built
1283,1285,ele68a8f13b18b,[Na+].[O-]Cl(=O)(=O)=O,CCC1CC(C)C(C)(C)C1(C)C,0.3,Na,ClO4,S9493aee39285,168.324,122.439,1240,64,19.375,8.1683,45024,True,False,not_built
1284,1286,el26900bec82af,[Na+].[O-]Cl(=O)(=O)=O,CCCC1CC2(CCCCC2)CO1,0.7,Na,ClO4,S4018fef8453d,182.307,122.439,476,64,7.438,6.1585,17044,True,False,not_built
1285,1287,el8b8623fe5b0b,[Na+].[O-]Cl(=O)(=O)=O,CCCCCCCCC(C)PC,0.83,Na,ClO4,S07fbd8140c70,188.295,122.439,385,64,6.016,5.8185,14629,True,False,not_built
1286,1288,el88242ec82f77,[Na+].[O-]Cl(=O)(=O)=O,CC(=O)CCCCCCC(=O)C(C)=O,0.97,Na,ClO4,S7be2ef3249ce,198.262,122.439,310,64,4.844,5.5239,10304,True,False,not_built
1287,1289,el8d0f72f74dc9,[Na+].[O-]Cl(=O)(=O)=O,CC1C2C3CC(C)C45C(CC2C34)CC15,1.1,Na,ClO4,S085bfae473c3,188.314,122.439,284,64,4.438,5.2971,10040,True,False,not_built
1288,1290,elcfe9f77a26e0,[Na+].[O-]Cl(=O)(=O)=O,CCC1(C)CC(=O)CCC1(C)C,0.57,Na,ClO4,S105b713f5a46,168.28,122.439,640,64,10.0,6.595,20864,True,False,not_built
1289,1291,elaf081a843590,[Na+].[O-]Cl(=O)(=O)=O,CCOC(=O)OCCCS(C)=O,1.06,Na,ClO4,S67d9707a7b0d,194.252,122.439,287,64,4.484,5.3629,7846,True,False,not_built
1290,1292,elde3f6d486e6b,[Na+].[O-]Cl(=O)(=O)=O,CCCC12CC(C)C1CC(=O)O2,1.06,Na,ClO4,S10cf9329fa6e,168.236,122.439,331,64,5.172,5.3629,9652,True,False,not_built
1291,1293,el93022668b3b5,[Na+].[O-]Cl(=O)(=O)=O,CC1C2C(C)(C)C3CC3(C)C12C,1.23,Na,ClO4,Saa1a20217fa0,164.292,122.439,289,64,4.516,5.1035,9632,True,False,not_built
1292,1294,el0406012adf9f,[Na+].[O-]Cl(=O)(=O)=O,CCOC(=O)OCOCC(C)Cl,0.92,Na,ClO4,S6500218e7fd1,196.63,122.439,330,64,5.156,5.6222,8634,True,False,not_built
1293,1295,el59a75cc4629f,[Na+].[O-]Cl(=O)(=O)=O,CCCC(=O)C(=O)OC,1.28,Na,ClO4,S350f767980e6,130.143,122.439,349,64,5.453,5.0362,7015,True,False,not_built
1294,1296,ela9dc412ef0b1,[Na+].[O-]Cl(=O)(=O)=O,CCN(C)CC1(CC(C)C)CCC1,0.57,Na,ClO4,S02f75f962139,183.339,122.439,587,64,9.172,6.595,22690,True,False,not_built
1295,1297,el0c9a2af3f08f,[Na+].[O-]Cl(=O)(=O)=O,CC(=O)C(C)C1CC(C)C(C)C1,1.14,Na,ClO4,Sbb03007c1b66,168.28,122.439,306,64,4.781,5.2344,10176,True,False,not_built
1296,1298,elc7b31d722570,[Na+].[O-]Cl(=O)(=O)=O,CCCCC(=O)CCC(C)(C)C#N,0.34,Na,ClO4,S8c9ce98c9a2b,181.279,122.439,1013,64,15.828,7.8345,32800,True,False,not_built
1297,1299,el94d917338b40,[Na+].[O-]Cl(=O)(=O)=O,CC(C)(C)CC1CCS1(=O)=O,0.39,Na,ClO4,S31bb49561b07,176.281,122.439,905,64,14.141,7.4843,24819,True,False,not_built
1298,1300,el90d2aaf88cd2,[Na+].[O-]Cl(=O)(=O)=O,CCCOC(=O)OCOC,1.37,Na,ClO4,S8dd2bb084caf,148.158,122.439,284,64,4.438,4.9234,6632,True,False,not_built
1299,1301,el3f39c9caefeb,[Na+].[O-]Cl(=O)(=O)=O,CC1CCCC2CC1COC(C)(C)C2,0.88,Na,ClO4,Sc542501a432b,196.334,122.439,347,64,5.422,5.7062,13570,True,False,not_built
1300,1302,el2bec9611e270,[Na+].[O-]S(=O)(=O)C(F)(F)F,CCC12CC(CN(C)CC1C)C1CC12,0.61,Na,OTf,S07a15c2261fc,193.334,172.059,509,64,7.953,6.4476,19409,True,False,not_built
1301,1303,el6c3774422c9e,[Na+].[O-]S(=O)(=O)C(F)(F)F,CC(CC1CCC1)C(=O)Cl,0.39,Na,OTf,Sbf7df6db1f34,160.644,172.059,981,64,15.328,7.4843,23139,True,False,not_built
1302,1304,el3f586ae6d48a,[Na+].[O-]S(=O)(=O)C(F)(F)F,COC(=O)C1CC(C)(F)CC1CF,1.14,Na,OTf,S0e2a3cf7f309,192.205,172.059,258,64,4.031,5.2344,7542,True,False,not_built
1303,1305,el81e7fbd6a8c4,[Na+].[O-]S(=O)(=O)C(F)(F)F,CCC(C(C)C)C1CCC(C)(C)C1C,1.1,Na,OTf,Sfcb43392bce6,196.378,172.059,263,64,4.109,5.2971,11622,True,False,not_built
1304,1306,el00c72777f698,[Na+].[O-]S(=O)(=O)C(F)(F)F,CC(Cl)CC(C)CC(C)CCF,1.5,Na,OTf,S49244028bc54,194.721,172.059,186,64,2.906,4.7768,6528,True,False,not_built
1305,1307,eld59ab3818799,[Na+].[O-]S(=O)(=O)C(F)(F)F,CC1CC2CC3(C)CC(C1)(C2)C3,0.97,Na,OTf,Sf456fa0e2a2a,164.292,172.059,362,64,5.656,5.5239,12160,True,False,not_built
1306,1308,el6b0f8f75015c,[Na+].[O-]S(=O)(=O)C(F)(F)F,CCCC(=O)C(=O)OC,0.48,Na,OTf,S350f767980e6,130.143,172.059,975,64,15.234,6.9838,19101,True,False,not_built
1307,1309,elcebadb059ce8,[Na+].[O-]S(=O)(=O)C(F)(F)F,CC(F)C(C)CCCCC(C)(F)F,0.83,Na,OTf,S021398c6e8f0,196.256,172.059,360,64,5.625,5.8185,12096,True,False,not_built
1308,1310,el0292ce872e3d,[Na+].[O-]S(=O)(=O)C(F)(F)F,CC12CC3CC(C1)C2C3,0.39,Na,OTf,S564bf053352a,122.211,172.059,1290,64,20.156,7.4843,30246,True,False,not_built
1309,1311,el7b7a2fb275ff,[Na+].[O-]S(=O)(=O)C(F)(F)F,CCC(C)CC(C)=O,1.1,Na,OTf,Sdc50030926ce,114.188,172.059,453,64,7.078,5.2971,10542,True,False,not_built
1310,1312,eleb4f3a010ce2,[Na+].[O-]S(=O)(=O)C(F)(F)F,CC1C2C(C)(C)C3CC3(C)C12C,1.1,Na,OTf,Saa1a20217fa0,164.292,172.059,315,64,4.922,5.2971,10656,True,False,not_built
1311,1313,el087fcf8a18cf,[Na+].[O-]S(=O)(=O)C(F)(F)F,CCCCCCCC(C)(C)C(C)(C)C,1.37,Na,OTf,S961379ae9495,198.394,172.059,203,64,3.172,4.9234,9508,True,False,not_built
1312,1314,el0d7301487571,[Na+].[O-]S(=O)(=O)C(F)(F)F,CC1(C)C2C3CCC4C3CC2C41C,0.7,Na,OTf,S03b1c3d6608e,176.303,172.059,482,64,7.531,6.1585,16482,True,False,not_built
1313,1315,el97be389d8931,[Na+].[O-]S(=O)(=O)C(F)(F)F,CCC1CC(C)C1C(C)CCOC,0.66,Na,OTf,Se5d79f034af8,184.323,172.059,491,64,7.672,6.2804,18743,True,False,not_built
1314,1316,elcb4a786d0f73,[Na+].[O-]S(=O)(=O)C(F)(F)F,C1CC2CC3C4CCC1C4C23,0.34,Na,OTf,Sf2f46e8065c2,148.249,172.059,1226,64,19.156,7.8345,33678,True,False,not_built
1315,1317,el7ecfd9032035,[Na+].[O-]S(=O)(=O)C(F)(F)F,CCCC(C)C(C)CCC(=O)CC#N,0.79,Na,OTf,S5abea7358f4a,195.306,172.059,382,64,5.969,5.9151,13946,True,False,not_built
1316,1318,el192f88e5cb9e,[Na+].[O-]S(=O)(=O)C(F)(F)F,CCC(=O)C(C)CS(=O)C(C)C,0.88,Na,OTf,S7bbcb126e0fa,190.308,172.059,348,64,5.438,5.7062,11016,True,False,not_built
1317,1319,el8fc180faaef5,[Na+].[O-]S(=O)(=O)C(F)(F)F,CC(=O)CC1C(C)C2CCC1(C#N)C2,1.23,Na,OTf,S9c808b11287f,191.274,172.059,238,64,3.719,5.1035,7954,True,False,not_built
1318,1320,elf821ce87e27a,[Na+].[O-]S(=O)(=O)C(F)(F)F,CC1CCC2CC(C)(C1)C1CC21C,1.23,Na,OTf,S8b89dcd229c6,178.319,172.059,255,64,3.984,5.1035,9501,True,False,not_built
1319,1321,el057698433eb0,[Na+].[O-]S(=O)(=O)C(F)(F)F,CCC1(C)C2CC(C)C(C)C21,0.43,Na,OTf,Sc771399b815d,152.281,172.059,935,64,14.609,7.2446,29561,True,False,not_built
1320,1322,ela8681c9f47c8,[Na+].[O-]S(=O)(=O)C(F)(F)F,CC(C)C1CCC(CCC#N)C1C,0.61,Na,OTf,S7ccd429524b5,179.307,172.059,549,64,8.578,6.4476,19242,True,False,not_built
1321,1323,elfe06cb14c116,[Na+].[O-]S(=O)(=O)C(F)(F)F,CC1CCC(F)C1,0.92,Na,OTf,Sb6cdeb286aff,102.152,172.059,618,64,9.656,5.6222,11700,True,False,not_built
1322,1324,elab3edfdccbcb,[Na+].[O-]S(=O)(=O)C(F)(F)F,CC(=O)C1CC(C)CCC1C,0.7,Na,OTf,S43e65862d143,154.253,172.059,551,64,8.609,6.1585,16555,True,False,not_built
1323,1325,elaf97564ad79d,[Na+].[O-]S(=O)(=O)C(F)(F)F,CCCC(=O)OSC,0.3,Na,OTf,Se3f549a5d23b,134.2,172.059,1541,64,24.078,8.1683,28314,True,False,not_built
1324,1326,elf5fdcdfd6c7d,[Na+].[O-]S(=O)(=O)C(F)(F)F,CCCC1(C)CC(=O)C12CCCC2C,1.32,Na,OTf,Sa6089f35064a,194.318,172.059,216,64,3.375,4.9848,8352,True,False,not_built
1325,1327,eld7d215991d9f,[Na+].[O-]S(=O)(=O)C(F)(F)F,CC1C2CCC(C)(C)C1OC(=O)O2,1.19,Na,OTf,Sc48b3e380db0,184.235,172.059,257,64,4.016,5.1601,8029,True,False,not_built
1326,1328,el0682a4b74142,[Na+].[O-]S(=O)(=O)C(F)(F)F,CCCC(F)C(=O)CC,0.92,Na,OTf,Sb67b2c0ecdaf,132.178,172.059,477,64,7.453,5.6222,11070,True,False,not_built
1327,1329,elc64eb6dd4ba5,[Na+].[O-]S(=O)(=O)C(F)(F)F,CC1CCC(C)(CC2CC2)C1(C)C,0.66,Na,OTf,S343eb3b06b68,180.335,172.059,502,64,7.844,6.2804,19150,True,False,not_built
1328,1330,elf97450b16ebf,[Na+].[O-]S(=O)(=O)C(F)(F)F,CC(=O)C1C2CC3CC(C2)CC1C3,1.32,Na,OTf,S1714f3826520,178.275,172.059,236,64,3.688,4.9848,7892,True,False,not_built
1329,1331,eld833e3437ba9,[Na+].[O-]S(=O)(=O)C(F)(F)F,CC1C2CC3CC14CC32CC4=O,0.3,Na,OTf,S3be81ebf022a,162.232,172.059,1275,64,19.922,8.1683,33726,True,False,not_built
1330,1332,elb00da145f440,[Na+].[O-]S(=O)(=O)C(F)(F)F,CN(C)C(=O)CC1(C)CC2CC1C2,0.83,Na,OTf,Saaf6455ac71f,181.279,172.059,390,64,6.094,5.8185,13056,True,False,not_built
1331,1333,el0f19bbc2c227,[Na+].[O-]S(=O)(=O)C(F)(F)F,COC(=O)C1(C)CCCC(=O)C1C,1.28,Na,OTf,S1a1cf1d818d4,184.235,172.059,236,64,3.688,5.0362,7420,True,False,not_built
1332,1334,el1970a89a70a5,[Na+].[O-]S(=O)(=O)C(F)(F)F,CCCC(C#N)CCCC(C)(C)CC,1.46,Na,OTf,Sb4f8232b0eff,195.35,172.059,191,64,2.984,4.8201,8025,True,False,not_built
1333,1335,el28924d5f1bfd,[Na+].[O-]S(=O)(=O)C(F)(F)F,CCCP(C)CCC,0.61,Na,OTf,S1cfa065beddf,132.187,172.059,745,64,11.641,6.4476,19201,True,False,not_built
1334,1336,ele0d4c4fc1f06,[Na+].[O-]S(=O)(=O)C(F)(F)F,CC1CCC(C)(C)CC1,1.1,Na,OTf,S2c116962cb75,126.243,172.059,410,64,6.406,5.2971,11646,True,False,not_built
1335,1337,el8b97f007d6f1,[Na+].[O-]S(=O)(=O)C(F)(F)F,CCCC1CCC1CCl,0.52,Na,OTf,S8685bf8df3cd,146.661,172.059,795,64,12.422,6.7999,19656,True,False,not_built
1336,1338,el1d6c20f8ab52,[Na+].[O-]S(=O)(=O)C(F)(F)F,CCC(=O)CCC(=O)OC(C)=O,0.43,Na,OTf,Sa6a3d5227fd7,172.18,172.059,827,64,12.922,7.2446,20424,True,False,not_built
1337,1339,el3e262e255f26,[Na+].[O-]S(=O)(=O)C(F)(F)F,CC1=C[C@H](F)C=CO1,0.7,Na,OTf,Sd88a7ba70eab,114.119,172.059,744,64,11.625,6.1585,11736,True,False,not_built
1338,1340,elbc5b3329ecff,[Na+].[O-]S(=O)(=O)C(F)(F)F,CSC1(C)CCC(=O)C(C)C1,1.37,Na,OTf,S44dfa170824f,172.293,172.059,234,64,3.656,4.9234,6894,True,False,not_built
1339,1341,ela4c0b995f974,[Na+].[O-]S(=O)(=O)C(F)(F)F,CCCCC1C(C)C1CC(C)=O,1.14,Na,OTf,Sfd7734abd377,168.28,172.059,295,64,4.609,5.2344,10016,True,False,not_built
1340,1342,el111b5b9130c7,[Na+].[O-]S(=O)(=O)C(F)(F)F,CCC(Cl)C(=O)C(C)=O,0.88,Na,OTf,Sa32c8c1fefe2,148.589,172.059,446,64,6.969,5.7062,8604,True,False,not_built
1341,1343,el4930a5f16d38,[Na+].[O-]S(=O)(=O)C(F)(F)F,CCCCCOC(=O)C(C)C,0.61,Na,OTf,Sd1dc43143f43,158.241,172.059,622,64,9.719,6.4476,18614,True,False,not_built
1342,1344,el00a1d51f911b,[Na+].[O-]S(=O)(=O)C(F)(F)F,CC(C)C1CCC2C(C)C2(C)C1,0.43,Na,OTf,S8fd80d3badb6,166.308,172.059,856,64,13.375,7.2446,29680,True,False,not_built
1343,1345,elb60b0c1a9c9a,[Na+].[O-]S(=O)(=O)C(F)(F)F,CCCC(C)C1OC(=O)C1C,0.61,Na,OTf,S483e2c366092,156.225,172.059,630,64,9.844,6.4476,17586,True,False,not_built
1344,1346,el7e12f6d13e19,[Na+].[O-]S(=O)(=O)C(F)(F)F,CCCC1C(CC)OCC1C1(C)CC1,0.48,Na,OTf,S51a7cc6e236d,196.334,172.059,646,64,10.094,6.9838,25124,True,False,not_built
1345,1347,el0e2a9265295c,[Na+].[O-]S(=O)(=O)C(F)(F)F,COC(C)CC1CCCC12CCC2,0.52,Na,OTf,S3c2b9a6b3cbf,182.307,172.059,640,64,10.0,6.7999,22976,True,False,not_built
1346,1348,elb1eac28320e7,[Na+].[O-]S(=O)(=O)C(F)(F)F,CC1CC12CC1(CC1)C2,1.14,Na,OTf,S87adb08ea001,122.211,172.059,406,64,6.344,5.2344,9914,True,False,not_built
1347,1349,eldff58be73582,[Na+].[O-]S(=O)(=O)C(F)(F)F,CCCCCCC(CC)CC,0.43,Na,OTf,S5e2fb05b8dc3,156.313,172.059,911,64,14.234,7.2446,32461,True,False,not_built
1348,1350,el64e192dfd486,[Na+].[O-]S(=O)(=O)C(F)(F)F,CCCC(=O)C(C#N)C(CC)CC,0.34,Na,OTf,S85bff4aaac3b,181.279,172.059,1003,64,15.672,7.8345,32672,True,False,not_built
1349,1351,el25a9454dfb07,[Na+].[O-]S(=O)(=O)C(F)(F)F,CC1CC2CC(C2)C(C)C(=O)OC1C,0.97,Na,OTf,S06b428d05009,196.29,172.059,303,64,4.734,5.5239,10878,True,False,not_built
1350,1352,elbd3a5555ef89,[Na+].[N-](C#N)C#N,CCC1(C)CC1CCC(C)C(C)C#N,1.5,Na,DCA,S51e845198b25,193.334,89.033,203,64,3.172,4.7768,7895,True,False,not_built
1351,1353,el60b9287d6793,[Na+].[N-](C#N)C#N,CCCCC(=O)OCCC(C)C,0.61,Na,DCA,S19e8ece671ac,172.268,89.033,590,64,9.219,6.4476,19264,True,False,not_built
1352,1354,el2837063cd65a,[Na+].[N-](C#N)C#N,CCC1CCC(C)(C)C(=O)C1,1.28,Na,DCA,S0debb2ea78ce,154.253,89.033,302,64,4.719,5.0362,9142,True,False,not_built
1353,1355,el9f0318cc5335,[Na+].[N-](C#N)C#N,CCCCCCC(=O)CC(C)CCC,0.92,Na,DCA,S013fdf74fdc1,198.35,89.033,334,64,5.219,5.6222,13744,True,False,not_built
1354,1356,eld1b57935296a,[Na+].[N-](C#N)C#N,CCC1C(COC)C2C3CC3CC12C,0.34,Na,DCA,S71694db42c96,194.318,89.033,951,64,14.859,7.8345,34620,True,False,not_built
1355,1357,elffeb2e8531ea,[Na+].[N-](C#N)C#N,CCC(CC)(CCl)C1CC1,0.39,Na,DCA,S5807104c1f38,160.688,89.033,1000,64,15.625,7.4843,27384,True,False,not_built
1356,1358,el90e3e7d6a835,[Na+].[N-](C#N)C#N,CCCCCC1CCCC1CCC,0.97,Na,DCA,S47877aa32dad,182.351,89.033,343,64,5.359,5.5239,13761,True,False,not_built
1357,1359,elb12b56a82ded,[Na+].[N-](C#N)C#N,CCCC(CC)(CC)CCl,0.79,Na,DCA,Sad1dcf189f93,162.704,89.033,477,64,7.453,5.9151,14217,True,False,not_built
1358,1360,elc5baccf08d94,[Na+].[N-](C#N)C#N,CC(C)CCCC(C)C(C)SC#N,0.3,Na,DCA,Sb5996fb1cc25,199.363,89.033,1053,64,16.453,8.1683,36186,True,False,not_built
1359,1361,elecc754b8471b,[Na+].[N-](C#N)C#N,CC1CC2CCC(C)C(C2)C1=O,1.46,Na,DCA,Sf4642924395b,166.264,89.033,243,64,3.797,4.8201,7674,True,False,not_built
1360,1362,el6c3c4db6752d,[Na+].[N-](C#N)C#N,CCC(CC)C(C)C(=O)OC(C)C,1.19,Na,DCA,Sffb26a91871b,186.295,89.033,271,64,4.234,5.1601,9869,True,False,not_built
1361,1363,eld9c4b77586c1,[Na+].[N-](C#N)C#N,COC(=O)C1CC(C)(F)CC1CF,0.92,Na,DCA,S0e2a3cf7f309,192.205,89.033,344,64,5.375,5.6222,9672,True,False,not_built
1362,1364,ela01e3dc4c5c1,[Na+].[N-](C#N)C#N,CCCCCC(CSC)C(C)C,1.5,Na,DCA,Sdf475eb76ff7,188.38,89.033,209,64,3.266,4.7768,7908,True,False,not_built
1363,1365,el13b5587e1fba,[Na+].[N-](C#N)C#N,CC(C)(C)CC1CCS1(=O)=O,1.5,Na,DCA,S31bb49561b07,176.281,89.033,223,64,3.484,4.7768,6405,True,False,not_built
1364,1366,el5e9d3a04c710,[Na+].[N-](C#N)C#N,CC(C)(C)CC1CCCCC1C#N,1.5,Na,DCA,S3f5cb079c28a,179.307,89.033,219,64,3.422,4.7768,7830,True,False,not_built
1365,1367,el50c78ddf6115,[Na+].[N-](C#N)C#N,CC1CC2CC(C2)C(C)C(=O)OC1C,0.61,Na,DCA,S06b428d05009,196.29,89.033,517,64,8.078,6.4476,17962,True,False,not_built
1366,1368,elcbf8e1b39d26,[Na+].[N-](C#N)C#N,CCCC(C#N)CCF,1.37,Na,DCA,S3ffbcf1debc6,129.178,89.033,336,64,5.25,4.9234,7440,True,False,not_built
1367,1369,elf93b092068c9,[Na+].[N-](C#N)C#N,CCCCCC(C)C(=O)OCCC,0.92,Na,DCA,S9b643758157f,186.295,89.033,355,64,5.547,5.6222,12809,True,False,not_built
1368,1370,el662b21a8dbbc,[Na+].[N-](C#N)C#N,CC1CCC2(CCC(=O)O2)C1(C)C,1.19,Na,DCA,Sd88a8f4d1933,182.263,89.033,277,64,4.328,5.1601,8971,True,False,not_built
1369,1371,el63d2273aa648,[Na+].[N-](C#N)C#N,CCCC(C)(C)CC(=O)C(C)C(C)C,1.37,Na,DCA,S2aedd08cf251,198.35,89.033,219,64,3.422,4.9234,9144,True,False,not_built
1370,1372,elf24e964315c7,[Na+].[N-](C#N)C#N,CC1CCC2CC1(C1CC3CC1C3)C2,0.48,Na,DCA,S7bc5eff27508,190.33,89.033,683,64,10.672,6.9838,24972,True,False,not_built
1371,1373,el376ab0bb7959,[Na+].[N-](C#N)C#N,CCCC(=O)CC(C)C(C)C,0.83,Na,DCA,Sf22199ad84a9,156.269,89.033,472,64,7.375,5.8185,15016,True,False,not_built
1372,1374,el18f0b1d80a8b,[Na+].[N-](C#N)C#N,COC(=O)C1CCCC(C(C)C)C1C,0.43,Na,DCA,Sf1704d9e49e2,198.306,89.033,734,64,11.469,7.2446,26808,True,False,not_built
1373,1375,el99ebe735f994,[Na+].[N-](C#N)C#N,C#Cc1sccc1C(C)(C)C,0.61,Na,DCA,Sb8c4ec3d9f9d,164.273,89.033,618,64,9.656,6.4476,14598,True,False,not_built
1374,1376,el1aac6326bc98,[Na+].[N-](C#N)C#N,CC12CCC3CCC(C1)C2COC3,0.79,Na,DCA,S8f5ff86e310c,180.291,89.033,431,64,6.734,5.9151,14607,True,False,not_built
1375,1377,el223e932aaaa4,[Na+].[N-](C#N)C#N,CC1CCC2CC(C)(C1)C1CC21C,1.32,Na,DCA,S8b89dcd229c6,178.319,89.033,253,64,3.953,4.9848,9239,True,False,not_built
1376,1378,eld266a5fbdc53,[Na+].[N-](C#N)C#N,CCCCCC(=O)OC(C)CCC,1.37,Na,DCA,S2d92c9c846f8,186.295,89.033,233,64,3.641,4.9234,8539,True,False,not_built
1377,1379,el238dd10129c7,[Na+].[N-](C#N)C#N,CCCC(=O)C(C)C(C)(C)C,0.74,Na,DCA,S540c9bce5ae8,156.269,89.033,532,64,8.312,6.0454,16876,True,False,not_built
1378,1380,el6177e6623a71,[Na+].[N-](C#N)C#N,CC1CCC2C(C)CC(C)C2C1,0.7,Na,DCA,S18868d4b6d16,166.308,89.033,530,64,8.281,6.1585,18404,True,False,not_built
1379,1381,el24e89e217970,[Na+].[N-](C#N)C#N,CC1(C(C#N)CCC2CC2)CCCC1,0.92,Na,DCA,S310e0a4d595b,191.318,89.033,346,64,5.406,5.6222,12494,True,False,not_built
1380,1382,el1f4fcb4c969a,[Na+].[N-](C#N)C#N,CCCC1C(C)C1C1CC1CC,1.41,Na,DCA,S1091aa941239,166.308,89.033,253,64,3.953,4.8764,8986,True,False,not_built
1381,1383,el15d3b047bd9d,[Na+].[N-](C#N)C#N,CC1COCC2(C1)C(=O)OCC2C#N,1.5,Na,DCA,S1c44bbe44955,195.218,89.033,201,64,3.141,4.7768,5811,True,False,not_built
1382,1384,el9e2a21ea44c1,[Na+].[N-](C#N)C#N,C1CC2CC2C(C2CC2)C1,0.57,Na,DCA,S93948a0c378c,136.238,89.033,800,64,12.5,6.595,21184,True,False,not_built
1383,1385,el97f55d5b8cbc,[Na+].[N-](C#N)C#N,CC1CCC1(C)C1(C(C)C)CC1(C)C,0.52,Na,DCA,Se506208a4232,194.362,89.033,616,64,9.625,6.7999,25024,True,False,not_built
1384,1386,el0e396e721264,[Na+].[N-](C#N)C#N,CC1CC12CCC1CCC3C(CC1)C32,1.14,Na,DCA,Sa3e12b06cfb4,190.33,89.033,277,64,4.328,5.2344,10356,True,False,not_built
1385,1387,elddc3b0f21d89,[Na+].[N-](C#N)C#N,CCCC(CCC)CCC(C)(C)C,0.66,Na,DCA,S79b623a4f639,184.367,89.033,508,64,7.938,6.2804,21212,True,False,not_built
1386,1388,el4b91c9b87ef5,[Na+].[N-](C#N)C#N,CCSCC1CC1CC,0.52,Na,DCA,Sbcc64a73ff0d,144.283,89.033,830,64,12.969,6.7999,21134,True,False,not_built
1387,1389,elc61257815f15,[Na+].[N-](C#N)C#N,CCCCC(C)OC(=O)OCC,0.3,Na,DCA,Sf0923465db12,174.24,89.033,1205,64,18.828,8.1683,36534,True,False,not_built
1388,1390,elb9e8872a0fb4,[Na+].[N-](C#N)C#N,CC(CCCC1CC1C)CC(C)(C)C,0.79,Na,DCA,S092311ac4b7e,196.378,89.033,395,64,6.172,5.9151,16974,True,False,not_built
1389,1391,eld233afd7322e,[Na+].[N-](C#N)C#N,CC12CC34CC5CC3C1(CC54)C2,0.74,Na,DCA,Sc9f793c4e322,160.26,89.033,519,64,8.109,6.0454,14916,True,False,not_built
1390,1392,elbd22135ed62d,[Na+].[N-](C#N)C#N,CCOC(=O)CC1CC1C1CCCC1,0.97,Na,DCA,S7a56115b4c36,196.29,89.033,319,64,4.984,5.5239,11230,True,False,not_built
1391,1393,el7ca0a7ee1194,[Na+].[N-](C#N)C#N,CCCC(C)C1OC(=O)C1C,0.52,Na,DCA,S483e2c366092,156.225,89.033,766,64,11.969,6.7999,21066,True,False,not_built
1392,1394,ela6485793d851,[Na+].[N-](C#N)C#N,CC(=O)OCP,1.19,Na,DCA,Sf9576e27998a,106.061,89.033,475,64,7.422,5.1601,6559,True,False,not_built
1393,1395,elec21c6645be6,[Na+].[N-](C#N)C#N,CCC12CC1OC(=O)CCCCC2C,1.14,Na,DCA,S87be929fcdd1,196.29,89.033,269,64,4.203,5.2344,9530,True,False,not_built
1394,1396,elfef043ddac93,[Na+].[N-](C#N)C#N,CCC(C)C(=O)CCC(C)(C)C(C)=O,0.83,Na,DCA,S50bb80543e6c,198.306,89.033,372,64,5.812,5.8185,13776,True,False,not_built
1395,1397,el172ad2ce3dfa,[Na+].[N-](C#N)C#N,CCCC1CC2(CCCCC2)CO1,0.52,Na,DCA,S4018fef8453d,182.307,89.033,657,64,10.266,6.7999,23379,True,False,not_built
1396,1398,elc5c8be35da34,[Na+].[N-](C#N)C#N,CCC(C)C1CCC(CCOC)C1,0.92,Na,DCA,S4661e232cb14,184.323,89.033,359,64,5.609,5.6222,13667,True,False,not_built
1397,1399,el74a98d84dce6,[Na+].[N-](C#N)C#N,CCC(C)(C)CCC(=O)N1CCCO1,1.1,Na,DCA,Sbfb28e1331c0,199.294,89.033,275,64,4.297,5.2971,10009,True,False,not_built
1398,1400,el9018bc047048,[Na+].[N-](C#N)C#N,CCCC(CCC#N)C(C)(CC)CC,0.74,Na,DCA,Saba94beca9d0,195.35,89.033,426,64,6.656,6.0454,16998,True,False,not_built
1399,1401,ele2ec2749214d,[Na+].[N-](C#N)C#N,CCC1CCC2OC(=O)OC12,0.61,Na,DCA,S44b0ad759a7a,156.181,89.033,650,64,10.156,6.4476,15334,True,False,not_built
1400,1402,el2b3e7fba9986,[Na+].[C-](C#N)(C#N)C#N,CC(CC1CCC1)C(=O)Cl,0.92,Na,TCM,Sbf7df6db1f34,160.644,113.055,407,64,6.359,5.6222,9873,True,False,not_built
1401,1403,el4ab17317d548,[Na+].[C-](C#N)(C#N)C#N,CC1C2CC2C1(C)CC1CCCC1,1.46,Na,TCM,Scb01268f32c8,178.319,113.055,222,64,3.469,4.8201,8282,True,False,not_built
1402,1404,elf93bce4aacc3,[Na+].[C-](C#N)(C#N)C#N,CCSCC1CC1CC,0.66,Na,TCM,Sbcc64a73ff0d,144.283,113.055,643,64,10.047,6.2804,16587,True,False,not_built
1403,1405,ele1424bc98f78,[Na+].[C-](C#N)(C#N)C#N,CC1CC2CCCC(C(C)C)(C1)C2=O,0.3,Na,TCM,Sba2151eeb424,194.318,113.055,1076,64,16.812,8.1683,39248,True,False,not_built
1404,1406,el8d3a079a1d94,[Na+].[C-](C#N)(C#N)C#N,CCCC(=O)C(C)C(C)(C)C,1.23,Na,TCM,S540c9bce5ae8,156.269,113.055,306,64,4.781,5.1035,9998,True,False,not_built
1405,1407,elf1e6fdedfda9,[Na+].[C-](C#N)(C#N)C#N,CCCC1CC1(C)C(=O)C#N,0.34,Na,TCM,S1ae25b2e2f71,151.209,113.055,1217,64,19.016,7.8345,29720,True,False,not_built
1406,1408,el82e595fabc57,[Na+].[C-](C#N)(C#N)C#N,CCC(C)CC1C(C)C(C)C1C,1.23,Na,TCM,Scd193559ed5c,168.324,113.055,284,64,4.438,5.1035,10736,True,False,not_built
1407,1409,el7e088ba2f17a,[Na+].[C-](C#N)(C#N)C#N,CCC(Cl)CC(C)C1CCCC1,1.19,Na,TCM,Sb647fa7d1fbc,188.742,113.055,262,64,4.094,5.1601,9158,True,False,not_built
1408,1410,el22b63caa766a,[Na+].[C-](C#N)(C#N)C#N,CCCC1(CC)COC(=O)OC1,1.32,Na,TCM,Sda1cacdbc9c4,172.224,113.055,257,64,4.016,4.9848,7708,True,False,not_built
1409,1411,elbdc3b05f6a06,[Na+].[C-](C#N)(C#N)C#N,COC(=O)C1CCCC(C(C)C)C1C,0.88,Na,TCM,Sf1704d9e49e2,198.306,113.055,345,64,5.391,5.7062,12932,True,False,not_built
1410,1412,el01ea3c029085,[Na+].[C-](C#N)(C#N)C#N,CCC1(C)CC(=O)CCC1(C)C,1.41,Na,TCM,S105b713f5a46,168.28,113.055,244,64,3.812,4.8764,8320,True,False,not_built
1411,1413,el29247ffb224b,[Na+].[C-](C#N)(C#N)C#N,CCP(C)CCCC(C)C,0.48,Na,TCM,S9131473a136e,160.241,113.055,806,64,12.594,6.9838,25498,True,False,not_built
1412,1414,el4e96d1c72f12,[Na+].[C-](C#N)(C#N)C#N,CCC1(F)C(C)CC(C)CC1F,0.83,Na,TCM,Sd415bea370cb,176.25,113.055,413,64,6.453,5.8185,12902,True,False,not_built
1413,1415,el6e92a152685b,[Na+].[C-](C#N)(C#N)C#N,CC(=O)C1CC2(C(C)=O)CC2C1C,0.43,Na,TCM,Se447765789e9,180.247,113.055,802,64,12.531,7.2446,23770,True,False,not_built
1414,1416,ele9f0b3c9ccd7,[Na+].[C-](C#N)(C#N)C#N,CCC1C(OC(C)=O)OC(=O)C1C#N,1.23,Na,TCM,S66c63f162273,197.19,113.055,242,64,3.781,5.1035,6562,True,False,not_built
1415,1417,elcea0ea5d22ae,[Na+].[C-](C#N)(C#N)C#N,CC(=O)C1CC(C)CCC1C,1.14,Na,TCM,S43e65862d143,154.253,113.055,336,64,5.25,5.2344,10256,True,False,not_built
1416,1418,elda2508ff30fd,[Na+].[C-](C#N)(C#N)C#N,CC(C)CC(C)CC#N,1.28,Na,TCM,Sd06cb76093d0,125.215,113.055,365,64,5.703,5.0362,9272,True,False,not_built
1417,1419,el816fddb1e82a,[Na+].[C-](C#N)(C#N)C#N,CCCC(=O)C(C)C(=O)CC(C)=O,1.23,Na,TCM,S22d594f40992,184.235,113.055,259,64,4.047,5.1035,8023,True,False,not_built
1418,1420,el91c814447b81,[Na+].[C-](C#N)(C#N)C#N,CCCCC1C(CC)C1(C)Cl,0.66,Na,TCM,S1757108f5ae5,174.715,113.055,531,64,8.297,6.2804,16442,True,False,not_built
1419,1421,el32697b1a1c8a,[Na+].[C-](C#N)(C#N)C#N,COC(=O)C(C)CC(C)CC(C)=O,0.34,Na,TCM,S7e691d351329,186.251,113.055,988,64,15.438,7.8345,31140,True,False,not_built
1420,1422,el3c1f157b28b5,[Na+].[C-](C#N)(C#N)C#N,CCCC(CCC)CC(C)CC#N,1.46,Na,TCM,S0a00113883f1,181.323,113.055,218,64,3.406,4.8201,8360,True,False,not_built
1421,1423,el85ba93fe71c0,[Na+].[C-](C#N)(C#N)C#N,CSC(C#N)CC(C)(C)C,0.88,Na,TCM,Sf42ae195b4ec,157.282,113.055,435,64,6.797,5.7062,11387,True,False,not_built
1422,1424,el4d3d36e5c3c4,[Na+].[C-](C#N)(C#N)C#N,CC1CC(C)(C#N)C(=O)C2(C)CC12,0.39,Na,TCM,Sac66560e7d87,177.247,113.055,902,64,14.094,7.4843,25768,True,False,not_built
1423,1425,el83d26d4141fd,[Na+].[C-](C#N)(C#N)C#N,CC1CC(CCC(=O)OC(C)(C)C)C1,1.41,Na,TCM,Sc3908a32053f,198.306,113.055,207,64,3.234,4.8764,7964,True,False,not_built
1424,1426,elce04a1b56938,[Na+].[C-](C#N)(C#N)C#N,CC(=O)N(OC(=O)OCF)C(C)=O,1.5,Na,TCM,S405908ff67ce,193.13,113.055,199,64,3.109,4.7768,4691,True,False,not_built
1425,1427,el287c259b0f15,[Na+].[C-](C#N)(C#N)C#N,CCCCCCCCC(C)CCF,0.83,Na,TCM,S86006ad61426,188.33,113.055,387,64,6.047,5.8185,15218,True,False,not_built
1426,1428,el0d5432537fa4,[Na+].[C-](C#N)(C#N)C#N,CCCC1(CC)C(COC)C1(C)C,1.23,Na,TCM,S768fb88d8bed,184.323,113.055,259,64,4.047,5.1035,10095,True,False,not_built
1427,1429,el3140b0081a18,[Na+].[C-](C#N)(C#N)C#N,CCCC1(C)CC(=O)C12CCCC2C,0.34,Na,TCM,Sa6089f35064a,194.318,113.055,947,64,14.797,7.8345,34604,True,False,not_built
1428,1430,el0725f59efde2,[Na+].[C-](C#N)(C#N)C#N,CC(C#N)C1CCC(C)C1(C)C,0.39,Na,TCM,S148e2fa0c07c,165.28,113.055,967,64,15.109,7.4843,30489,True,False,not_built
1429,1431,el28549d0cb747,[Na+].[C-](C#N)(C#N)C#N,CC(C)C1CCCCCCCCCC1,0.61,Na,TCM,Sd05e72462d5b,196.378,113.055,513,64,8.016,6.4476,22058,True,False,not_built
1430,1432,el6ad3a5e44516,[Na+].[C-](C#N)(C#N)C#N,CCCC(F)(F)CCCC#N,1.1,Na,TCM,S4625203302a0,161.195,113.055,335,64,5.234,5.2971,8552,True,False,not_built
1431,1433,el08f1f05b9c26,[Na+].[C-](C#N)(C#N)C#N,CCCP(C)CCC,0.43,Na,TCM,S1cfa065beddf,132.187,113.055,1094,64,17.094,7.2446,27862,True,False,not_built
1432,1434,el837a6729b82c,[Na+].[C-](C#N)(C#N)C#N,CCCCC(SC)SSC,0.3,Na,TCM,S18e7dafbc7d1,196.406,113.055,1065,64,16.641,8.1683,28202,True,False,not_built
1433,1435,el2e1a040d1a73,[Na+].[C-](C#N)(C#N)C#N,C1C2C1C1C2CC2CC21C1CC1,1.1,Na,TCM,Sdca819aa9a12,160.26,113.055,336,64,5.25,5.2971,9920,True,False,not_built
1434,1436,el4cf3e9b7e818,[Na+].[C-](C#N)(C#N)C#N,CC(C)CCC1CC1CC1CCC1C,1.23,Na,TCM,S3446c8d7f537,194.362,113.055,246,64,3.844,5.1035,10352,True,False,not_built
1435,1437,elc2035a3db97c,[Na+].[C-](C#N)(C#N)C#N,C1CC(C2CC3CC4(CCC24)C3)C1,1.19,Na,TCM,S4c1fa032d683,176.303,113.055,281,64,4.391,5.1601,9785,True,False,not_built
1436,1438,el29e2122af161,[Na+].[C-](C#N)(C#N)C#N,CCCC(CCC)C[PH](C)=O,1.28,Na,TCM,S906f14670514,176.24,113.055,260,64,4.062,5.0362,8832,True,False,not_built
1437,1439,el8e5bfae821ec,[Na+].[C-](C#N)(C#N)C#N,COC(=O)C(C)C(C)S(=O)(=O)F,1.28,Na,TCM,Saa5f97f3f22c,198.215,113.055,231,64,3.609,5.0362,5825,True,False,not_built
1438,1440,ele381f5f375ef,[Na+].[C-](C#N)(C#N)C#N,CC1C(=O)C(C#N)CC2CCCC21,1.01,Na,TCM,S6eddb517b5ea,177.247,113.055,333,64,5.203,5.45,9836,True,False,not_built
1439,1441,eld13394e61bb1,[Na+].[C-](C#N)(C#N)C#N,CCCC12CC(C)C1CC(=O)O2,0.92,Na,TCM,S10cf9329fa6e,168.236,113.055,388,64,6.062,5.6222,11376,True,False,not_built
1440,1442,el818061189f31,[Na+].[C-](C#N)(C#N)C#N,CCC(CC)C(=O)CS(C)(=O)=O,1.32,Na,TCM,Sd3ae60486a18,192.28,113.055,230,64,3.594,4.9848,6952,True,False,not_built
1441,1443,elc49b453c220b,[Na+].[C-](C#N)(C#N)C#N,CCCC(C)C(C)(C)CCC(C)=O,0.7,Na,TCM,S46f60018b3ae,184.323,113.055,473,64,7.391,6.1585,18013,True,False,not_built
1442,1444,el7d4e6eb5cb6c,[Na+].[C-](C#N)(C#N)C#N,CCC1CCCC(=O)C1Cl,0.39,Na,TCM,S97aa1623b0ae,160.644,113.055,995,64,15.547,7.4843,23397,True,False,not_built
1443,1445,el5fbc61caf33d,[Na+].[C-](C#N)(C#N)C#N,CC1CCC1(C)C1(C(C)C)CC1(C)C,1.23,Na,TCM,Se506208a4232,194.362,113.055,246,64,3.844,5.1035,10352,True,False,not_built
1444,1446,el8c4d3859c1bf,[Na+].[C-](C#N)(C#N)C#N,CC1CCC(C)(C)CC1,0.61,Na,TCM,S2c116962cb75,126.243,113.055,797,64,12.453,6.4476,22031,True,False,not_built
1445,1447,el94e79607671c,[Na+].[C-](C#N)(C#N)C#N,COC(=O)OCC(=O)C(=O)C(C)C,1.5,Na,TCM,S8f1340067aec,188.179,113.055,204,64,3.188,4.7768,5612,True,False,not_built
1446,1448,el949c69379d1d,[Na+].[C-](C#N)(C#N)C#N,CC1CC2CC(C2)CC1C,0.79,Na,TCM,Sf10c4bc2c87a,138.254,113.055,555,64,8.672,5.9151,16052,True,False,not_built
1447,1449,el7ec96b03b6d0,[Na+].[C-](C#N)(C#N)C#N,CCCCCC(F)(F)C(C)C,1.32,Na,TCM,S6723b0684e6f,164.239,113.055,269,64,4.203,4.9848,8313,True,False,not_built
1448,1450,el9ceb50c7f732,[Na+].[C-](C#N)(C#N)C#N,CCCC(C#N)CC(C)CCC(C)C,0.34,Na,TCM,Sd98739503b9b,195.35,113.055,942,64,14.719,7.8345,37250,True,False,not_built
1449,1451,elb091c0336b08,[Na+].[C-](C#N)(C#N)C#N,CCOC(=O)C(CC(C)=O)C1CC1C,1.1,Na,TCM,S47c98294ff41,198.262,113.055,272,64,4.25,5.2971,9216,True,False,not_built
1450,1452,el76aee2275828,[Na+].[O-][N+](=O)=O,CCC(CC)OC1CC(=O)CC1CC,1.19,Na,NO3,Sd8d51051b665,198.306,84.994,255,64,3.984,5.1601,9500,True,False,not_built
1451,1453,el7d9d4e2c76b4,[Na+].[O-][N+](=O)=O,CCCCCC(F)C(=O)CN(C)C,1.5,Na,NO3,S215c3dee5440,189.274,84.994,209,64,3.266,4.7768,7217,True,False,not_built
1452,1454,ele6b29fcf5a07,[Na+].[O-][N+](=O)=O,CCCC1CC1(CCC)CC(C)C,1.23,Na,NO3,S873d9c1b3d16,182.351,84.994,268,64,4.188,5.1035,10772,True,False,not_built
1453,1455,el95fa758066b4,[Na+].[O-][N+](=O)=O,CC1(C(=O)Cl)CCCC1CCl,0.83,Na,NO3,S83a035dfd4b7,195.089,84.994,379,64,5.922,5.8185,9037,True,False,not_built
1454,1456,eld6d218d4ab5c,[Na+].[O-][N+](=O)=O,COCC1C2C(C)C2C(C)CC1(C)C,0.66,Na,NO3,S677f2e1835a5,196.334,84.994,478,64,7.469,6.2804,18484,True,False,not_built
1455,1457,el5bdf5f2f2843,[Na+].[O-][N+](=O)=O,CCCC1C(CC)OCC1C1(C)CC1,1.37,Na,NO3,S51a7cc6e236d,196.334,84.994,222,64,3.469,4.9234,8756,True,False,not_built
1456,1458,elccd606b17a5d,[Na+].[O-][N+](=O)=O,CC1CCCC2C(C1)CC(C)C2(C)C,0.61,Na,NO3,S64644640c1ff,194.362,84.994,523,64,8.172,6.4476,21240,True,False,not_built
1457,1459,el8a44e18c3e5c,[Na+].[O-][N+](=O)=O,CCC(C)C(OOC)C(C)C(C)C,0.88,Na,NO3,S8bb7ec38e979,188.311,84.994,369,64,5.766,5.7062,13973,True,False,not_built
1458,1460,ele0b1568479f3,[Na+].[O-][N+](=O)=O,CSC(Cl)(Cl)SC,1.23,Na,NO3,S8be9c34179ac,177.121,84.994,276,64,4.312,5.1035,3908,True,False,built
1459,1461,el29f955bba20a,[Na+].[O-][N+](=O)=O,CCCC(C)C(C)CCC(=O)CC#N,1.41,Na,NO3,S5abea7358f4a,195.306,84.994,216,64,3.375,4.8764,7880,True,False,not_built
1460,1462,el03d5f83ce686,[Na+].[O-][N+](=O)=O,CCCCC(CC)CC(C)C(C)CC,1.41,Na,NO3,S49a4630f52c4,198.394,84.994,213,64,3.328,4.8764,9692,True,False,not_built
1461,1463,el19f36d633717,[Na+].[O-][N+](=O)=O,CC1C(=O)CCC2(C#N)C(C3CC3)C12,0.39,Na,NO3,Sc049651726c3,189.258,84.994,850,64,13.281,7.4843,24970,True,False,not_built
1462,1464,elfe0d5421cdcc,[Na+].[O-][N+](=O)=O,CC1(C)CCCCCS(=O)(=O)C1,1.41,Na,NO3,Se4b1fea15fa6,190.308,84.994,222,64,3.469,4.8764,6980,True,False,not_built
1463,1465,el64888ada3a15,[Na+].[O-][N+](=O)=O,CCC(C)CC1C(C)C(C)C1C,0.43,Na,NO3,Scd193559ed5c,168.324,84.994,865,64,13.516,7.2446,31460,True,False,not_built
1464,1466,el3a3b78b97075,[Na+].[O-][N+](=O)=O,CC1C2CCC(C)(C)C1OC(=O)O2,1.01,Na,NO3,Sc48b3e380db0,184.235,84.994,327,64,5.109,5.45,9803,True,False,not_built
1465,1467,eld93a3dd4c1a4,[Na+].[O-][N+](=O)=O,CC(C)CC(C)CC#N,1.46,Na,NO3,Sd06cb76093d0,125.215,84.994,325,64,5.078,4.8201,8120,True,False,not_built
1466,1468,el6f1249baf232,[Na+].[O-][N+](=O)=O,CC(=O)C1CCCS(=O)(=O)C1,1.1,Na,NO3,S102a9bcca9d2,176.237,84.994,312,64,4.875,5.2971,7496,True,False,not_built
1467,1469,eld5add339e65b,[Na+].[O-][N+](=O)=O,CCC1CCC(C)(C)C(=O)C1,1.46,Na,NO3,S0debb2ea78ce,154.253,84.994,263,64,4.109,4.8201,7947,True,False,not_built
1468,1470,elde9a13a4112c,[Na+].[O-][N+](=O)=O,CCC(C)C(=O)CCC(C)(C)C(C)=O,0.7,Na,NO3,S50bb80543e6c,198.306,84.994,445,64,6.953,6.1585,16340,True,False,not_built
1469,1471,el59c11b6594ef,[Na+].[O-][N+](=O)=O,CC1CC(C)(C)C(C)(C)CC1=O,0.66,Na,NO3,S4096ac4c09ea,168.28,84.994,557,64,8.703,6.2804,18144,True,False,not_built
1470,1472,eld6cb2c1a6715,[Na+].[O-][N+](=O)=O,CC1(C(F)F)CCCC1=O,0.7,Na,NO3,S51f19d4718d1,148.152,84.994,596,64,9.312,6.1585,12240,True,False,not_built
1471,1473,elb9135c394784,[Na+].[O-][N+](=O)=O,CC(=O)OC1(C)CCCC(C)(C)C1C,0.7,Na,NO3,S2dc26f76daea,198.306,84.994,445,64,6.953,6.1585,16340,True,False,not_built
1472,1474,elef83b4b0bc91,[Na+].[O-][N+](=O)=O,CC1CCC2C(C)CC(C)C2C1,1.14,Na,NO3,S18868d4b6d16,166.308,84.994,318,64,4.969,5.2344,11132,True,False,not_built
1473,1475,elcf314bbb61d1,[Na+].[O-][N+](=O)=O,CCC(C#N)C(C)CCC(C)C,0.83,Na,NO3,S20c79f89aeba,167.296,84.994,442,64,6.906,5.8185,14906,True,False,not_built
1474,1476,el3220bdd4341c,[Na+].[O-][N+](=O)=O,CC(C)C(C1CC1)C(C)(C)C,1.19,Na,NO3,S30c282926cf7,154.297,84.994,328,64,5.125,5.1601,11144,True,False,not_built
1475,1477,ela965027ba11d,[Na+].[O-][N+](=O)=O,CC1C2C3CC4C5CCC1(C54)C32,0.79,Na,NO3,S8d4c296e01a7,160.26,84.994,486,64,7.594,5.9151,13928,True,False,not_built
1476,1478,el49162db44b1b,[Na+].[O-][N+](=O)=O,CCCC(CCC(F)F)C(=O)OC,0.66,Na,NO3,S3edf6137d9c9,194.221,84.994,483,64,7.547,6.2804,14327,True,False,not_built
1477,1479,ele2fa49c11864,[Na+].[O-][N+](=O)=O,CCCC(F)C(=O)CC,0.52,Na,NO3,Sb67b2c0ecdaf,132.178,84.994,907,64,14.172,6.7999,20274,True,False,not_built
1478,1480,ela2a43602e040,[Na+].[O-][N+](=O)=O,CCCCCCC(CC)C(C)(C)C,0.97,Na,NO3,Sf7b1e6b7e901,184.367,84.994,341,64,5.328,5.5239,14301,True,False,not_built
1479,1481,elf213f8054547,[Na+].[O-][N+](=O)=O,CCN(C)CC1(CC(C)C)CCC1,1.41,Na,NO3,S02f75f962139,183.339,84.994,230,64,3.594,4.8764,9060,True,False,not_built
1480,1482,el5e6b1c580825,[Na+].[O-][N+](=O)=O,COC(=O)C1(C)CCCC(=O)C1C,1.37,Na,NO3,S1a1cf1d818d4,184.235,84.994,236,64,3.688,4.9234,7164,True,False,not_built
1481,1483,el5449b141f255,[Na+].[O-][N+](=O)=O,CCC12COC(CC1C)CC2(C)C,0.61,Na,NO3,Sc89b2e9a7cc2,182.307,84.994,558,64,8.719,6.4476,19850,True,False,not_built
1482,1484,el46924a4723ec,[Na+].[O-][N+](=O)=O,CCCCCC(=O)OC(C)CCC,0.88,Na,NO3,S2d92c9c846f8,186.295,84.994,373,64,5.828,5.7062,13375,True,False,not_built
1483,1485,elcf2f09aec278,[Na+].[O-][N+](=O)=O,CCC1C2CC3CC1(CC3C#N)C2=O,1.14,Na,NO3,S1001f6556102,189.258,84.994,280,64,4.375,5.2344,8440,True,False,not_built
1484,1486,el9f254ee2ae13,[Na+].[O-][N+](=O)=O,CC(F)C(=O)C1(C)CCCO1,1.06,Na,NO3,S689754e2e743,160.188,84.994,357,64,5.578,5.3629,8888,True,False,not_built
1485,1487,el6b257de62206,[Na+].[O-][N+](=O)=O,CCCC(C)N(CC)CC(=O)CC,0.34,Na,NO3,Sda541a8e3cb1,185.311,84.994,999,64,15.609,7.8345,36284,True,False,not_built
1486,1488,elcce922940ce0,[Na+].[O-][N+](=O)=O,CCCCCC1(C(C)C)CC1,1.01,Na,NO3,S591b8e4b99eb,154.297,84.994,390,64,6.094,5.45,13190,True,False,not_built
1487,1489,ela647c85e1d99,[Na+].[O-][N+](=O)=O,CCC1CCC(CC)C1,0.34,Na,NO3,Sbb6378958c06,126.243,84.994,1466,64,22.906,7.8345,39902,True,False,not_built
1488,1490,el0314448fc1b5,[Na+].[O-][N+](=O)=O,CC(C)C(C)C(C)CCC(C)(C)C,0.43,Na,NO3,S3c719074f731,184.367,84.994,790,64,12.344,7.2446,32710,True,False,not_built
1489,1491,el4b864d464887,[Na+].[O-][N+](=O)=O,CCCCCCC(C)CC#N,1.1,Na,NO3,Sf97f954bd603,153.269,84.994,359,64,5.609,5.2971,11090,True,False,not_built
1490,1492,el0bfc64a8bd58,[Na+].[O-][N+](=O)=O,CC(C)(CS(=O)(=O)F)C1CC1,0.39,Na,NO3,S47844fb1745a,180.244,84.994,893,64,13.953,7.4843,21752,True,False,not_built
1491,1493,el3eec600947fb,[Na+].[O-][N+](=O)=O,CCC(=O)N1CCCCC1Cl,0.7,Na,NO3,S89865e0d679d,175.659,84.994,502,64,7.844,6.1585,12870,True,False,not_built
1492,1494,elfde9750ba3b6,[Na+].[O-][N+](=O)=O,CCCCC(C#N)CC(C)CC(C)C,1.01,Na,NO3,S8cdd65623f90,195.35,84.994,308,64,4.812,5.45,12332,True,False,not_built
1493,1495,elf631373f8ca6,[Na+].[O-][N+](=O)=O,CCCC12CC(C)C1CC(=O)O2,1.1,Na,NO3,S10cf9329fa6e,168.236,84.994,327,64,5.109,5.2971,9476,True,False,not_built
1494,1496,el440dbc29056e,[Na+].[O-][N+](=O)=O,C1CC2CC2C(C2CC2)C1,0.83,Na,NO3,S93948a0c378c,136.238,84.994,542,64,8.469,5.8185,14412,True,False,not_built
1495,1497,el346fd5076a85,[Na+].[O-][N+](=O)=O,CCCC(C)CC1(C#N)CCC(C)C1,0.39,Na,NO3,S438872e204ff,193.334,84.994,832,64,13.0,7.4843,31104,True,False,not_built
1496,1498,el1d9657cfce6a,[Na+].[O-][N+](=O)=O,COC(=O)OC(CC(C)C)N(C)C,1.28,Na,NO3,S3aadd3bf5860,189.255,84.994,247,64,3.859,5.0362,8224,True,False,not_built
1497,1499,el223d02905dfb,[Na+].[O-][N+](=O)=O,CCCC(C)(C1CCC1)C1CCC1C,1.46,Na,NO3,S4dd055d26b47,194.362,84.994,209,64,3.266,4.8201,8680,True,False,not_built
1498,1500,el878fc8f8218c,[Na+].[O-][N+](=O)=O,COCS(=O)(=O)C(C)(C)C,1.37,Na,NO3,S7adf30e6977e,166.242,84.994,262,64,4.094,4.9234,6608,True,False,not_built
1499,1501,el15bd83ce1291,[Na+].[O-][N+](=O)=O,CCC(CCC(C)C(C)C)OC,1.19,Na,NO3,S2d7695c3830d,172.312,84.994,294,64,4.594,5.1601,10904,True,False,not_built
1500,1502,el2033b333ac1c,[Na+].CC(=O)[O-],CCC(C)C(=O)CCC(C)C(C)(C)C,0.52,Na,OAc,Sf19b728d9135,198.35,82.034,605,64,9.453,6.7999,24712,True,False,not_built
1501,1503,elb802e49cb5d1,[Na+].CC(=O)[O-],CCC(C)CC1CC1C1CCCC1,1.14,Na,OAc,S61a35d171a0e,180.335,82.034,294,64,4.594,5.2344,11390,True,False,not_built
1502,1504,el3021f9f48ac0,[Na+].CC(=O)[O-],CCC(C)C(OOC)C(C)C(C)C,0.39,Na,OAc,S8bb7ec38e979,188.311,82.034,855,64,13.359,7.4843,32147,True,False,not_built
1503,1505,elee44702ee32d,[Na+].CC(=O)[O-],CCCC(C(C)C)C(C)C(=O)OC,0.88,Na,OAc,S154d08ee4719,186.295,82.034,374,64,5.844,5.7062,13602,True,False,not_built
1504,1506,el3b157f6702a2,[Na+].CC(=O)[O-],CC(=O)C(C)(C)C(C)C#N,1.37,Na,OAc,S4e3c54e90875,139.198,82.034,313,64,4.891,4.9234,7711,True,False,not_built
1505,1507,el0489017f8793,[Na+].CC(=O)[O-],CCS(=O)(=O)C1CCC1,1.14,Na,OAc,S8c52916a9cc4,148.227,82.034,358,64,5.594,5.2344,8030,True,False,not_built
1506,1508,eld97c24b69cd9,[Na+].CC(=O)[O-],CC1CC(C)(C#N)C(=O)C2(C)CC12,1.23,Na,OAc,Sac66560e7d87,177.247,82.034,276,64,4.312,5.1035,8240,True,False,not_built
1507,1509,el8169e59f9b25,[Na+].CC(=O)[O-],CC(CF)CCCF,0.39,Na,OAc,S7e5730baa9c6,122.158,82.034,1318,64,20.594,7.4843,26872,True,False,not_built
1508,1510,el7f320ed8ad0a,[Na+].CC(=O)[O-],CCC(C)CCCC1C2CCC12C,0.52,Na,OAc,Sdad207b418e3,180.335,82.034,665,64,10.391,6.7999,25117,True,False,not_built
1509,1511,eladac4698a129,[Na+].CC(=O)[O-],CCCC(C)(C)CC(=O)C(C)C(C)C,0.61,Na,OAc,S2aedd08cf251,198.35,82.034,513,64,8.016,6.4476,21032,True,False,not_built
1510,1512,el83a381a1c46a,[Na+].CC(=O)[O-],CC1(C(=O)Cl)CCCC1CCl,0.66,Na,OAc,S83a035dfd4b7,195.089,82.034,481,64,7.516,6.2804,11575,True,False,not_built
1511,1513,el2aaf965c864e,[Na+].CC(=O)[O-],CCC1CCC(C)(C)C1C1CCCC1,0.52,Na,OAc,Sd737f5b5eb3e,194.362,82.034,617,64,9.641,6.7999,25192,True,False,not_built
1512,1514,el7c92bf13ed07,[Na+].CC(=O)[O-],CCCN(CCC(C)C)C(C)C,1.5,Na,OAc,S0b95c9bae88a,171.328,82.034,231,64,3.609,4.7768,9059,True,False,not_built
1513,1515,elc376e11e6d50,[Na+].CC(=O)[O-],CCCC1(C)CCC(C)CC1(C)C,0.48,Na,OAc,Scd9bd4eae4e8,182.351,82.034,714,64,11.156,6.9838,28358,True,False,not_built
1514,1516,el3f4543486420,[Na+].CC(=O)[O-],CC(C#N)CC1CCCC1,1.14,Na,OAc,Sa4cbf3457150,137.226,82.034,387,64,6.047,5.2344,10187,True,False,not_built
1515,1517,el195d8415b48c,[Na+].CC(=O)[O-],CC(=O)CC1CC1C1CC(C)C2CC21,1.01,Na,OAc,S5abf042b60e2,192.302,82.034,313,64,4.891,5.45,11154,True,False,not_built
1516,1518,el1d4c8cc6bfc7,[Na+].CC(=O)[O-],CCCC1CCC1CCl,1.06,Na,OAc,S8685bf8df3cd,146.661,82.034,391,64,6.109,5.3629,9896,True,False,not_built
1517,1519,elf56a7fa77a27,[Na+].CC(=O)[O-],CCCC(=O)OC1CCC(CC)C1,0.57,Na,OAc,Sf0ccf2ecc2c6,184.279,82.034,593,64,9.266,6.595,20081,True,False,not_built
1518,1520,elc8147daa1df0,[Na+].CC(=O)[O-],CC(C)CC(C)(C)C(C)C1CC1,0.66,Na,OAc,S1f142f079b38,168.324,82.034,558,64,8.719,6.2804,20600,True,False,not_built
1519,1521,elb9756382a477,[Na+].CC(=O)[O-],C1CCC23CC2C2CC2(C1)C3,1.01,Na,OAc,S3e08d4e3d6f8,148.249,82.034,407,64,6.359,5.45,11501,True,False,not_built
1520,1522,eld67d7f71a158,[Na+].CC(=O)[O-],CC(C)(CS(=O)(=O)F)C1CC1,0.66,Na,OAc,S47844fb1745a,180.244,82.034,521,64,8.141,6.2804,13016,True,False,not_built
1521,1523,el94d3feb6a61f,[Na+].CC(=O)[O-],CCC1(C)CC(=O)CCC1(C)C,1.14,Na,OAc,S105b713f5a46,168.28,82.034,315,64,4.922,5.2344,10592,True,False,not_built
1522,1524,ela7bb935f221c,[Na+].CC(=O)[O-],CCCC1C(CC)OCC1C1(C)CC1,0.34,Na,OAc,S51a7cc6e236d,196.334,82.034,943,64,14.734,7.8345,36346,True,False,not_built
1523,1525,el91cd110c59e1,[Na+].CC(=O)[O-],CCCC(C)(P)CC,0.39,Na,OAc,Sf19df5a34060,132.187,82.034,1218,64,19.031,7.4843,30962,True,False,not_built
1524,1526,ele2ed7a4d3acf,[Na+].CC(=O)[O-],CCCCC(C)OC(=O)OCC,1.19,Na,OAc,Sf0923465db12,174.24,82.034,291,64,4.547,5.1601,9242,True,False,not_built
1525,1527,ele905cf99c69d,[Na+].CC(=O)[O-],CCC(C#N)CC(C)C1CCC(C)C1,1.06,Na,OAc,S78b2340aae36,193.334,82.034,296,64,4.625,5.3629,11464,True,False,not_built
1526,1528,elc8cc1ad4e35f,[Na+].CC(=O)[O-],CCSCC(CC)SSC,0.34,Na,OAc,S0d661ac5af93,196.406,82.034,943,64,14.734,7.8345,25030,True,False,not_built
1527,1529,el3bc93a84afc1,[Na+].CC(=O)[O-],CSC1(C)CCC(=O)C(C)C1,1.41,Na,OAc,S44dfa170824f,172.293,82.034,246,64,3.844,4.8764,7154,True,False,not_built
1528,1530,el1d0d10f72ed1,[Na+].CC(=O)[O-],CCCC(C)C(C)(CC(C)C)C(C)C,0.3,Na,OAc,S6e63502a03fe,198.394,82.034,1060,64,16.562,8.1683,47152,True,False,not_built
1529,1531,elab7a118b557c,[Na+].CC(=O)[O-],CCC1CC2C3CCC2(C1)CC1CC13,1.46,Na,OAc,Sf2cd0b21d775,190.33,82.034,214,64,3.344,4.8201,8216,True,False,not_built
1530,1532,el110fe2a31128,[Na+].CC(=O)[O-],CC1CC12CCC1CCC3C(CC1)C32,1.19,Na,OAc,Sa3e12b06cfb4,190.33,82.034,266,64,4.156,5.1601,10088,True,False,not_built
1531,1533,el885497ea7cca,[Na+].CC(=O)[O-],CC(=O)CC1C(C)C2CCC1(C#N)C2,1.5,Na,OAc,S9c808b11287f,191.274,82.034,207,64,3.234,4.7768,6929,True,False,not_built
1532,1534,el3cfbe1c15d4d,[Na+].CC(=O)[O-],CC1CCCC2CC34CCC1C23C4,1.46,Na,OAc,S47e18ae7e0a2,176.303,82.034,231,64,3.609,4.8201,8135,True,False,not_built
1533,1535,eld0d57a05dbac,[Na+].CC(=O)[O-],CCCCC(C)S(=O)(=O)Cl,0.66,Na,OAc,Sd18aae4c301d,184.688,82.034,508,64,7.938,6.2804,12196,True,False,not_built
1534,1536,el4fc9f364154f,[Na+].CC(=O)[O-],CCC1CCC2C3CCC3OC(=O)C12,1.23,Na,OAc,Scc9eb242aee3,194.274,82.034,252,64,3.938,5.1035,8576,True,False,not_built
1535,1537,elf2d9ad265c4c,[Na+].CC(=O)[O-],CC1(C)C2C3CCC4C3CC2C41C,0.52,Na,OAc,S03b1c3d6608e,176.303,82.034,681,64,10.641,6.7999,22985,True,False,not_built
1536,1538,elc68cc4891f51,[Na+].CC(=O)[O-],CC(C)C1C(C)CCCC1C#N,0.88,Na,OAc,S3440701362b9,165.28,82.034,421,64,6.578,5.7062,13563,True,False,not_built
1537,1539,el03f8cf5a8ab6,[Na+].CC(=O)[O-],CC(F)C(C)S(C)(C)CF,0.57,Na,OAc,S66717cc722a6,170.268,82.034,641,64,10.016,6.595,17178,True,False,not_built
1538,1540,el19e2d221d11a,[Na+].CC(=O)[O-],CC(C)C1CC2CC(C#N)(C2)C(C)C1,0.88,Na,OAc,Sc5da8e3272f7,191.318,82.034,364,64,5.688,5.7062,13252,True,False,not_built
1539,1541,elffb0990274dc,[Na+].CC(=O)[O-],CCCC(C(=O)CC)C(CC)C(C)C,1.37,Na,OAc,S132a7250d70e,198.35,82.034,220,64,3.438,4.9234,9312,True,False,not_built
1540,1542,ela0c3de0baa1d,[Na+].CC(=O)[O-],CCC(CC)OC1CC(=O)CC1CC,0.83,Na,OAc,Sd8d51051b665,198.306,82.034,373,64,5.828,5.8185,13940,True,False,not_built
1541,1543,el18393dac1788,[Na+].CC(=O)[O-],CCC1CC(C)C(C)(C)C1(C)C,0.39,Na,OAc,S9493aee39285,168.324,82.034,957,64,14.953,7.4843,34964,True,False,not_built
1542,1544,el8b337b54cbac,[Na+].CC(=O)[O-],CC1C2CC3CC3C(C#N)C(C2)C1C,0.7,Na,OAc,S212fcef44279,189.302,82.034,467,64,7.297,6.1585,15923,True,False,not_built
1543,1545,elfd3557662510,[Na+].CC(=O)[O-],CCP(C)CCCC(C)C,1.28,Na,OAc,S9131473a136e,160.241,82.034,293,64,4.578,5.0362,9595,True,False,not_built
1544,1546,el9feb9a7c7cb9,[Na+].CC(=O)[O-],CC1CCC(=O)CC(=O)C12CCCC2,0.92,Na,OAc,S9fc75bb3be25,194.274,82.034,342,64,5.344,5.6222,11456,True,False,not_built
1545,1547,el144d8ca2f4ef,[Na+].CC(=O)[O-],CCC(P)CCC(C)=O,0.97,Na,OAc,Scf1923c7a087,146.17,82.034,430,64,6.719,5.5239,10832,True,False,not_built
1546,1548,el6a2f52c10cd5,[Na+].CC(=O)[O-],CCC(CC)C(C)C(=O)OC(C)C,0.83,Na,OAc,Sffb26a91871b,186.295,82.034,397,64,6.203,5.8185,14407,True,False,not_built
1547,1549,elcea6ef8e4a50,[Na+].CC(=O)[O-],CCCCC(CCC)CCF,0.66,Na,OAc,S5fa0b9594e4f,160.276,82.034,586,64,9.156,6.2804,19264,True,False,not_built
1548,1550,el8e083fba5100,[Na+].CC(=O)[O-],CC(C)C1CCC(CCC#N)C1C,1.01,Na,OAc,S7ccd429524b5,179.307,82.034,336,64,5.25,5.45,11936,True,False,not_built
1549,1551,el6f8e4e1a9867,[Na+].CC(=O)[O-],CCCCCC(C)C(=O)OCCC,1.06,Na,OAc,S9b643758157f,186.295,82.034,308,64,4.812,5.3629,11292,True,False,not_built
1550,1552,elae8a00e2ae0d,[Na+].[O-]C(=O)C(F)(F)F,CC(C)CCOC(=O)C(C)(C)F,0.79,Na,TFA,S18cb379914cf,176.231,136.004,431,64,6.734,5.9151,13011,True,False,not_built
1551,1553,el7e10cccc55d1,[Na+].[O-]C(=O)C(F)(F)F,CCC(C)(C)CCC1C2CCSC21,0.48,Na,TFA,S22a1f2e879e5,198.375,136.004,646,64,10.094,6.9838,23122,True,False,not_built
1552,1554,elefd639f86aee,[Na+].[O-]C(=O)C(F)(F)F,COC(=O)C(C)CC(C)(C)C(C)C,1.01,Na,TFA,S44b9815d0bb6,186.295,136.004,313,64,4.891,5.45,11467,True,False,not_built
1553,1555,elad859be0dc82,[Na+].[O-]C(=O)C(F)(F)F,CCCCCCC(C)CC#N,1.32,Na,TFA,Sf97f954bd603,153.269,136.004,283,64,4.422,4.9848,9002,True,False,not_built
1554,1556,el4f7d81ab0e74,[Na+].[O-]C(=O)C(F)(F)F,CC1CC2CCC(C)C(C2)C1=O,1.46,Na,TFA,Sf4642924395b,166.264,136.004,233,64,3.641,4.8201,7502,True,False,not_built
1555,1557,elf1679b76198a,[Na+].[O-]C(=O)C(F)(F)F,CC1CC2CCCC3CCC1C32,0.34,Na,TFA,S9d9b7937f2bd,164.292,136.004,1115,64,17.422,7.8345,36192,True,False,not_built
1556,1558,el058b9f90f376,[Na+].[O-]C(=O)C(F)(F)F,CC1CC2C3C(C)(C)CCC23O1,0.66,Na,TFA,S189d47b3f15d,166.264,136.004,552,64,8.625,6.2804,17072,True,False,not_built
1557,1559,el4515ca692f30,[Na+].[O-]C(=O)C(F)(F)F,CCCC1(C)CC(=O)C12CCCC2C,0.88,Na,TFA,Sa6089f35064a,194.318,136.004,348,64,5.438,5.7062,13040,True,False,not_built
1558,1560,el9bd2c9528248,[Na+].[O-]C(=O)C(F)(F)F,CC12CCCC1(C)C(C(=O)C#N)CC2,0.39,Na,TFA,Sd9dc0fe3209c,191.274,136.004,831,64,12.984,7.4843,26273,True,False,not_built
1559,1561,elc4391943eca2,[Na+].[O-]C(=O)C(F)(F)F,CCCCC(C)(CC)CCC(C)=O,1.37,Na,TFA,S7a6b389b9d55,184.323,136.004,226,64,3.531,4.9234,8874,True,False,not_built
1560,1562,eld025c2037384,[Na+].[O-]C(=O)C(F)(F)F,CC1C2C3CC4C5CCC1(C54)C32,0.43,Na,TFA,S8d4c296e01a7,160.26,136.004,897,64,14.016,7.2446,25628,True,False,not_built
1561,1563,ele7138fb6f45e,[Na+].[O-]C(=O)C(F)(F)F,CC1CCC(C)(CC2CC2)C1(C)C,1.1,Na,TFA,S343eb3b06b68,180.335,136.004,294,64,4.594,5.2971,11390,True,False,not_built
1562,1564,elc75c37b17c4c,[Na+].[O-]C(=O)C(F)(F)F,CCC12CC1OC(=O)CCCCC2C,1.41,Na,TFA,S87be929fcdd1,196.29,136.004,205,64,3.203,4.8764,7482,True,False,not_built
1563,1565,elfc4e3f3f8b09,[Na+].[O-]C(=O)C(F)(F)F,CCCC1(C)CC(CC)C(=O)C1C,1.14,Na,TFA,S3e91070b9bf6,182.307,136.004,280,64,4.375,5.2344,10312,True,False,not_built
1564,1566,elb744841aba89,[Na+].[O-]C(=O)C(F)(F)F,CCCC(CC)COC(=O)OCC,1.23,Na,TFA,S741ce2435b05,188.267,136.004,249,64,3.891,5.1035,8729,True,False,not_built
1565,1567,elcd6cf557de3e,[Na+].[O-]C(=O)C(F)(F)F,CC(=O)OC1CCC(OC(C)=O)C1,0.61,Na,TFA,S8d0f73ca7c00,186.207,136.004,536,64,8.375,6.4476,14984,True,False,not_built
1566,1568,el14192560fcaf,[Na+].[O-]C(=O)C(F)(F)F,CCCCCC1(C2CC2)CC1,1.32,Na,TFA,S88c0256d29e4,152.281,136.004,285,64,4.453,4.9848,9347,True,False,not_built
1567,1569,el60fff889383d,[Na+].[O-]C(=O)C(F)(F)F,CN(C)C1=COC(C#N)=CO1,0.79,Na,TFA,S773fac990d31,152.153,136.004,499,64,7.797,5.9151,9993,True,False,not_built
1568,1570,elf8c0dcbbe3e7,[Na+].[O-]C(=O)C(F)(F)F,CC(C)C(=O)C(=O)C(C)(C)CC#N,0.34,Na,TFA,S39eca86e5cae,181.235,136.004,1010,64,15.781,7.8345,28792,True,False,not_built
1569,1571,el783ff7b29386,[Na+].[O-]C(=O)C(F)(F)F,CCC(=O)C(C)CS(=O)C(C)C,0.74,Na,TFA,S7bbcb126e0fa,190.308,136.004,428,64,6.688,6.0454,13352,True,False,not_built
1570,1572,el9925b624416c,[Na+].[O-]C(=O)C(F)(F)F,COC(=O)C(C)CS(C)(=O)=O,0.7,Na,TFA,S0daec2fd1c9a,180.225,136.004,479,64,7.484,6.1585,11529,True,False,not_built
1571,1573,el121e06941f45,[Na+].[O-]C(=O)C(F)(F)F,CC(F)CC1CC(C)C(C)C(C)C1,0.92,Na,TFA,Scf8ae6296730,186.314,136.004,346,64,5.406,5.6222,12968,True,False,not_built
1572,1574,el169d72168e7d,[Na+].[O-]C(=O)C(F)(F)F,CC(C)C(C1CC1)C(C)(C)C,0.61,Na,TFA,S30c282926cf7,154.297,136.004,647,64,10.109,6.4476,21863,True,False,not_built
1573,1575,el1832aad9a51d,[Na+].[O-]C(=O)C(F)(F)F,CCC1CC(C)C2(CC)CC12C,0.83,Na,TFA,Sa0ac44749359,166.308,136.004,433,64,6.766,5.8185,15234,True,False,not_built
1574,1576,el8a62bcef6a92,[Na+].[O-]C(=O)C(F)(F)F,CCCC(CCC(F)F)C(=O)OC,0.79,Na,TFA,S3edf6137d9c9,194.221,136.004,391,64,6.109,5.9151,11851,True,False,not_built
1575,1577,el62b3135a95b1,[Na+].[O-]C(=O)C(F)(F)F,CCCCC(=O)C(C)(C)C(C)CC,0.7,Na,TFA,Sfd23e7eb1b3a,184.323,136.004,468,64,7.312,6.1585,17828,True,False,not_built
1576,1578,elcf0f773e931f,[Na+].[O-]C(=O)C(F)(F)F,CC(=O)C1CCCS(=O)(=O)C1,1.14,Na,TFA,S102a9bcca9d2,176.237,136.004,289,64,4.516,5.2344,7159,True,False,not_built
1577,1579,el921d6873a153,[Na+].[O-]C(=O)C(F)(F)F,CC1CCCC2C(C1)CC(C)C2(C)C,0.66,Na,TFA,S64644640c1ff,194.362,136.004,473,64,7.391,6.2804,19432,True,False,not_built
1578,1580,el3ea6fede2ad2,[Na+].[O-]C(=O)C(F)(F)F,CCCCC(CCC)CC(C)C#N,1.23,Na,TFA,S2f81a223478a,181.323,136.004,259,64,4.047,5.1035,9836,True,False,not_built
1579,1581,el3bdd180bda27,[Na+].[O-]C(=O)C(F)(F)F,CCCSC(C)CC(C)CC,0.61,Na,TFA,S89eb5805c65c,174.353,136.004,572,64,8.938,6.4476,19388,True,False,not_built
1580,1582,el30fa19eea69d,[Na+].[O-]C(=O)C(F)(F)F,CC(=O)CCCC(C)C(C)(C)C#N,1.37,Na,TFA,S854954286a9b,181.279,136.004,229,64,3.578,4.9234,7840,True,False,not_built
1581,1583,elca4fb1d1eb8c,[Na+].[O-]C(=O)C(F)(F)F,CCC1CCS12CC2,0.74,Na,TFA,Sd663443b16fe,130.256,136.004,625,64,9.766,6.0454,14262,True,False,not_built
1582,1584,el93fe8e3a9f8b,[Na+].[O-]C(=O)C(F)(F)F,CCC1(C)C2CC(C)C(C)C21,0.34,Na,TFA,Sc771399b815d,152.281,136.004,1202,64,18.781,7.8345,37774,True,False,not_built
1583,1585,el7a5ce9fd5cef,[Na+].[O-]C(=O)C(F)(F)F,CCCCC(C)C(=O)C1CO1,0.48,Na,TFA,Sfcbb517ad521,156.225,136.004,821,64,12.828,6.9838,22679,True,False,not_built
1584,1586,el4fad534cee8c,[Na+].[O-]C(=O)C(F)(F)F,CCC(C#N)CC1CCCCC1,1.28,Na,TFA,Sd5a9ab0ab734,165.28,136.004,272,64,4.25,5.0362,8944,True,False,not_built
1585,1587,elc49bd9e075e2,[Na+].[O-]C(=O)C(F)(F)F,CC1CCC12CC2C(=O)OC1(C)CC1,1.37,Na,TFA,S1f168c1db747,194.274,136.004,214,64,3.344,4.9234,7360,True,False,not_built
1586,1588,el8955f636a0f8,[Na+].[O-]C(=O)C(F)(F)F,CCCC(=O)C(CC)CC(C)(C)F,0.52,Na,TFA,Se54e5e1458a3,188.286,136.004,626,64,9.781,6.7999,21796,True,False,not_built
1587,1589,ela04b5f278c86,[Na+].[O-]C(=O)C(F)(F)F,CCCCCCCCC(C)PC,1.01,Na,TFA,S07fbd8140c70,188.295,136.004,309,64,4.828,5.45,11945,True,False,not_built
1588,1590,el98923cfbf662,[Na+].[O-]C(=O)C(F)(F)F,CCC1C(=O)OC(C)C(C)C1C,1.01,Na,TFA,S33c8ea617033,170.252,136.004,342,64,5.344,5.45,10772,True,False,not_built
1589,1591,el77830a4ff504,[Na+].[O-]C(=O)C(F)(F)F,CCCC1(CC)OOOC1C,0.43,Na,TFA,S3edb542cccd8,160.213,136.004,897,64,14.016,7.2446,24731,True,False,not_built
1590,1592,el2eea9b7dfe67,[Na+].[O-]C(=O)C(F)(F)F,CSCC(C(=O)F)C(C)C(C)C,0.83,Na,TFA,S2b37bc0ab1b1,192.299,136.004,374,64,5.844,5.8185,11358,True,False,not_built
1591,1593,eld8f0216ae766,[Na+].[O-]C(=O)C(F)(F)F,CC(=O)CC1C(C)C2CCC1(C#N)C2,1.14,Na,TFA,S9c808b11287f,191.274,136.004,267,64,4.172,5.2344,8789,True,False,not_built
1592,1594,elf6905115475f,[Na+].[O-]C(=O)C(F)(F)F,CC(CF)CCCF,1.5,Na,TFA,S7e5730baa9c6,122.158,136.004,307,64,4.797,4.7768,6652,True,False,not_built
1593,1595,elfdff06dadc55,[Na+].[O-]C(=O)C(F)(F)F,CCCC(C)OC(=O)OC(C)=O,1.32,Na,TFA,Sd65f75c3bea9,174.196,136.004,249,64,3.891,4.9848,6986,True,False,not_built
1594,1596,el8910af5eaa42,[Na+].[O-]C(=O)C(F)(F)F,CC1CC2CC3(C)CC(C1)(C2)C3,0.39,Na,TFA,Sf456fa0e2a2a,164.292,136.004,968,64,15.125,7.4843,31488,True,False,not_built
1595,1597,el98e9a53c820f,[Na+].[O-]C(=O)C(F)(F)F,CCC1COC(C)C2CCC2C1C,0.57,Na,TFA,S73a7eb833b8f,182.307,136.004,588,64,9.188,6.595,21092,True,False,not_built
1596,1598,el47b4c3d6267f,[Na+].[O-]C(=O)C(F)(F)F,CCCCC(C#N)C(F)(F)C(F)F,0.83,Na,TFA,S548447e54ea8,197.175,136.004,365,64,5.703,5.8185,9272,True,False,not_built
1597,1599,el8a3cff983cc8,[Na+].[O-]C(=O)C(F)(F)F,CCCC(CCC)C[PH](C)=O,0.48,Na,TFA,S906f14670514,176.24,136.004,727,64,11.359,6.9838,23776,True,False,not_built
1598,1600,el419049aff15b,[Na+].[O-]C(=O)C(F)(F)F,CCCCC(C)C(C)SOC,0.97,Na,TFA,Se732b32e0b9a,176.325,136.004,345,64,5.391,5.5239,11207,True,False,not_built
1599,1601,ela6b25f6cfd99,[Na+].[O-]C(=O)C(F)(F)F,COCS(=O)(=O)C(C)(C)C,0.3,Na,TFA,S7adf30e6977e,166.242,136.004,1252,64,19.562,8.1683,30560,True,False,not_built
1600,1602,el3bf3aca6cc9e,[Na+].CCC(=O)[O-],CCCC(Cl)(CC)CC,0.7,Na,PROP,S29111ea00e0a,148.677,96.061,591,64,9.234,6.1585,16070,True,False,not_built
1601,1603,el29dcb9ff08ad,[Na+].CCC(=O)[O-],CCCCC(CC)C(C)CC(C)C,1.41,Na,PROP,Sfc50a27988ff,184.367,96.061,227,64,3.547,4.8764,10011,True,False,not_built
1602,1604,el5660ebe80e19,[Na+].CCC(=O)[O-],CCCC(CCC(F)F)C(=O)OC,1.14,Na,PROP,S3edf6137d9c9,194.221,96.061,270,64,4.219,5.2344,8534,True,False,not_built
1603,1605,ela2f18a1e0972,[Na+].CCC(=O)[O-],CCC(=O)N1CCCCC1Cl,0.52,Na,PROP,S89865e0d679d,175.659,96.061,680,64,10.625,6.7999,17704,True,False,not_built
1604,1606,ela84c4d9266c8,[Na+].CCC(=O)[O-],CCCCCOC(=O)C(C)C,1.46,Na,PROP,Sd1dc43143f43,158.241,96.061,254,64,3.969,4.8201,8070,True,False,not_built
1605,1607,el1f292658e5b6,[Na+].CCC(=O)[O-],CSC(C#N)CC(C)(C)C,0.34,Na,PROP,Sf42ae195b4ec,157.282,96.061,1174,64,18.344,7.8345,30054,True,False,not_built
1606,1608,ela47a2e9c8dad,[Na+].CCC(=O)[O-],CCCC1(CC)OOOC1C,1.01,Na,PROP,S3edb542cccd8,160.213,96.061,373,64,5.828,5.45,10775,True,False,not_built
1607,1609,el7b4aa2f6a86b,[Na+].CCC(=O)[O-],CC1CC2CC(C2)C(C)C(=O)OC1C,0.52,Na,PROP,S06b428d05009,196.29,96.061,609,64,9.516,6.7999,21410,True,False,not_built
1608,1610,el98f6ef5682db,[Na+].CCC(=O)[O-],CCCCC1CC(CCC(C)C)C1,1.1,Na,PROP,S70767f10af14,182.351,96.061,299,64,4.672,5.2971,12365,True,False,not_built
1609,1611,el87e65d2a19ff,[Na+].CCC(=O)[O-],CCCCCCC(CC)CC,0.79,Na,PROP,S5e2fb05b8dc3,156.313,96.061,495,64,7.734,5.9151,18029,True,False,not_built
1610,1612,el488cf8951c90,[Na+].CCC(=O)[O-],CCSCC1CC1CC,0.83,Na,PROP,Sbcc64a73ff0d,144.283,96.061,509,64,7.953,5.8185,13429,True,False,not_built
1611,1613,el271eb19167df,[Na+].CCC(=O)[O-],CCC(C)C1CCC(CCOC)C1,1.1,Na,PROP,S4661e232cb14,184.323,96.061,296,64,4.625,5.2971,11656,True,False,not_built
1612,1614,el6513d484dca2,[Na+].CCC(=O)[O-],CCCCCCC1(CC)CCC(C)C1,1.23,Na,PROP,S5f05f128dad8,196.378,96.061,247,64,3.859,5.1035,11078,True,False,not_built
1613,1615,el7dd60ec12a59,[Na+].CCC(=O)[O-],CCCC(CC)(CC)CCl,0.74,Na,PROP,Sad1dcf189f93,162.704,96.061,509,64,7.953,6.0454,15465,True,False,not_built
1614,1616,eldbd33838edc3,[Na+].CCC(=O)[O-],CC1(C)CCCCCS(=O)(=O)C1,1.5,Na,PROP,Se4b1fea15fa6,190.308,96.061,205,64,3.203,4.7768,6854,True,False,not_built
1615,1617,el43c1b6c74800,[Na+].CCC(=O)[O-],CCCCC(C)CC(=O)CC,0.88,Na,PROP,S4c6e570a4396,156.269,96.061,442,64,6.906,5.7062,14406,True,False,not_built
1616,1618,elf0dfd174c387,[Na+].CCC(=O)[O-],CCC1(C)CC(=O)CCC1(C)C,0.48,Na,PROP,S105b713f5a46,168.28,96.061,771,64,12.047,6.9838,25376,True,False,not_built
1617,1619,el4a4ba2a8bd8b,[Na+].CCC(=O)[O-],CCCC12CCOC1(CC)C2,0.3,Na,PROP,S7f239775ead5,154.253,96.061,1360,64,21.25,8.1683,40144,True,False,not_built
1618,1620,el9e86ceb89e8a,[Na+].CCC(=O)[O-],CCC1(C)C2CC(C)C(C)C21,0.52,Na,PROP,Sc771399b815d,152.281,96.061,784,64,12.25,6.7999,25008,True,False,not_built
1619,1621,elffbf37acfa25,[Na+].CCC(=O)[O-],CCCCC(=O)CCC(C)(C)C#N,1.14,Na,PROP,S8c9ce98c9a2b,181.279,96.061,290,64,4.531,5.2344,9984,True,False,not_built
1620,1622,elbd9cedc32d39,[Na+].CCC(=O)[O-],CC12CCCC1(C)C(C(=O)C#N)CC2,0.97,Na,PROP,Sd9dc0fe3209c,191.274,96.061,326,64,5.094,5.5239,10810,True,False,not_built
1621,1623,elfea1f8c03a67,[Na+].CCC(=O)[O-],CCCC1C(CC)OCC1C1(C)CC1,0.7,Na,PROP,S51a7cc6e236d,196.334,96.061,447,64,6.984,6.1585,17690,True,False,not_built
1622,1624,ela63758443bb3,[Na+].CCC(=O)[O-],COC(=O)CCC1CCCCCC1C,0.88,Na,PROP,S84e1b66e3a27,198.306,96.061,349,64,5.453,5.7062,13268,True,False,not_built
1623,1625,el85f5aee13b16,[Na+].CCC(=O)[O-],CCC1CCCC(=O)C1Cl,1.32,Na,PROP,S97aa1623b0ae,160.644,96.061,279,64,4.359,4.9848,7121,True,False,not_built
1624,1626,el25291350533b,[Na+].CCC(=O)[O-],CCCC(CCC)CC(C)CC#N,1.01,Na,PROP,S0a00113883f1,181.323,96.061,330,64,5.156,5.45,12584,True,False,not_built
1625,1627,ele6afac396139,[Na+].CCC(=O)[O-],CCCCC(=O)OCCC(C)C,0.34,Na,PROP,S19e8ece671ac,172.268,96.061,1072,64,16.75,7.8345,35008,True,False,not_built
1626,1628,ele2a7eeb79e53,[Na+].CCC(=O)[O-],CCCCCC(C#N)(CC)C(C)=O,0.34,Na,PROP,S748cb522d6bf,181.279,96.061,1018,64,15.906,7.8345,33280,True,False,not_built
1627,1629,eld081fbb06752,[Na+].CCC(=O)[O-],CC1CC2CC3CCC(C1)C3C2,0.88,Na,PROP,S3124c1c67d7b,164.292,96.061,421,64,6.578,5.7062,14176,True,False,not_built
1628,1630,elda3064ee2611,[Na+].CCC(=O)[O-],CCCCC(C)(C)CCCC(C)C,0.79,Na,PROP,S9b35c1a8cb3a,184.367,96.061,420,64,6.562,5.9151,17924,True,False,not_built
1629,1631,ele81e09fce30b,[Na+].CCC(=O)[O-],CC1CCCC2CC1COC(C)(C)C2,1.32,Na,PROP,Sc542501a432b,196.334,96.061,229,64,3.578,4.9848,9406,True,False,not_built
1630,1632,el37a7f96027be,[Na+].CCC(=O)[O-],CCC1C(=O)OC(C)C(C)C1C,1.01,Na,PROP,S33c8ea617033,170.252,96.061,351,64,5.484,5.45,11234,True,False,not_built
1631,1633,ela5278fc7451d,[Na+].CCC(=O)[O-],CC(C)N(C(C)C)C(C)C1(C)CC1,1.23,Na,PROP,S0ee0dc5a8bf4,183.339,96.061,264,64,4.125,5.1035,10736,True,False,not_built
1632,1634,elb5cd3e5138cd,[Na+].CCC(=O)[O-],CC1C2CC3C(C2)C3C1CC#N,1.01,Na,PROP,S2c58752f76d1,161.248,96.061,371,64,5.797,5.45,10721,True,False,not_built
1633,1635,el31eebf215ad7,[Na+].CCC(=O)[O-],CC1CC(OC=O)CCC2(C)CC2C1,0.7,Na,PROP,S54ea9a861261,196.29,96.061,447,64,6.984,6.1585,15902,True,False,not_built
1634,1636,el3076aa270f67,[Na+].CCC(=O)[O-],c1csc(CCCC2CC2)c1,1.1,Na,PROP,S3281a174850d,166.289,96.061,328,64,5.125,5.2971,8904,True,False,not_built
1635,1637,el5b82895af88f,[Na+].CCC(=O)[O-],CC1CCC2CC1(C1CC3CC1C3)C2,1.06,Na,PROP,S7bc5eff27508,190.33,96.061,298,64,4.656,5.3629,11432,True,False,not_built
1636,1638,el4e52784b47f1,[Na+].CCC(=O)[O-],CCCC1CC1(CCC)CC(C)C,1.19,Na,PROP,S873d9c1b3d16,182.351,96.061,275,64,4.297,5.1601,11429,True,False,not_built
1637,1639,el6db879c08778,[Na+].CCC(=O)[O-],CCCC1(Cl)CC2CCC1C2,0.52,Na,PROP,Safaf25347f45,172.699,96.061,692,64,10.812,6.7999,20080,True,False,not_built
1638,1640,elca64998b24f8,[Na+].CCC(=O)[O-],CC1CC(C)(C)C(=O)CC1C(C)(C)C,1.06,Na,PROP,Sa28fab30c970,196.334,96.061,289,64,4.516,5.3629,11686,True,False,not_built
1639,1641,elcaad44fbee36,[Na+].CCC(=O)[O-],COC(=O)OC1CCCC(C)C1,0.61,Na,PROP,Sc20bd1037f85,172.224,96.061,588,64,9.188,6.4476,17168,True,False,not_built
1640,1642,eldd8d191687cb,[Na+].CCC(=O)[O-],CCCC(=O)C(=O)OC,1.28,Na,PROP,S350f767980e6,130.143,96.061,356,64,5.562,5.0362,7468,True,False,not_built
1641,1643,el9287642da8aa,[Na+].CCC(=O)[O-],CCC1CCC(C)(C)C(=O)C1,1.28,Na,PROP,S0debb2ea78ce,154.253,96.061,301,64,4.703,5.0362,9433,True,False,not_built
1642,1644,el0e215e081e1b,[Na+].CCC(=O)[O-],CC1(C(=O)Cl)CCCC1CCl,1.06,Na,PROP,S83a035dfd4b7,195.089,96.061,291,64,4.547,5.3629,7397,True,False,not_built
1643,1645,el5929725d3a4c,[Na+].CCC(=O)[O-],CC1CCC(C)(CC2CC2)C1(C)C,1.46,Na,PROP,S343eb3b06b68,180.335,96.061,223,64,3.484,4.8201,8955,True,False,not_built
1644,1646,el6390bfaaba23,[Na+].CCC(=O)[O-],C1CC2CC3C4CCC1C4C23,0.97,Na,PROP,Sf2f46e8065c2,148.249,96.061,421,64,6.578,5.5239,12071,True,False,not_built
1645,1647,eldde401d516e0,[Na+].CCC(=O)[O-],CCCC(C(=O)CC)C(CC)C(C)C,0.3,Na,PROP,S132a7250d70e,198.35,96.061,1057,64,16.516,8.1683,42984,True,False,not_built
1646,1648,elcb6f2d2210da,[Na+].CCC(=O)[O-],CCCCCC(F)(F)C(C)C,1.01,Na,PROP,S6723b0684e6f,164.239,96.061,364,64,5.688,5.45,11260,True,False,not_built
1647,1649,eldc64c9b51727,[Na+].CCC(=O)[O-],CCCCCC(CC)C(C)(C)C,1.23,Na,PROP,Sd15cc661409b,170.34,96.061,284,64,4.438,5.1035,11496,True,False,not_built
1648,1650,ela6bb341a1407,[Na+].CCC(=O)[O-],CCCCC(=O)C(C)C(C)OC,0.39,Na,PROP,S33048bd02f4d,172.268,96.061,932,64,14.562,7.4843,30528,True,False,not_built
1649,1651,el1a172a498ff9,[Na+].CCC(=O)[O-],CCC(CC)(CCl)C1CC1,0.39,Na,PROP,S5807104c1f38,160.688,96.061,999,64,15.609,7.4843,27677,True,False,not_built
1650,1652,el9ba2ecb45d0a,[Na+].[O-]C(=O)c1ccccc1,CCCC(OC)C1OC(=O)OC1=O,0.34,Na,BNZ,S89917b3a9009,188.179,144.105,971,64,15.172,7.8345,25235,True,False,not_built
1651,1653,eled7dc867ee21,[Na+].[O-]C(=O)c1ccccc1,CCC1CC1C1CCC(C)C1C,0.92,Na,BNZ,S0864a8853cc8,166.308,144.105,386,64,6.031,5.6222,14084,True,False,not_built
1652,1654,elc2c811eb70cf,[Na+].[O-]C(=O)c1ccccc1,CC(=O)OC1CCC(OC(C)=O)C1,1.23,Na,BNZ,S8d0f73ca7c00,186.207,144.105,250,64,3.906,5.1035,7710,True,False,not_built
1653,1655,el65a2dabf633d,[Na+].[O-]C(=O)c1ccccc1,CC(CF)CCCF,1.06,Na,BNZ,S7e5730baa9c6,122.158,144.105,450,64,7.031,5.3629,9960,True,False,not_built
1654,1656,el2b33fbe07796,[Na+].[O-]C(=O)c1ccccc1,CCC(C)CC1(CC)CCCCC1,1.37,Na,BNZ,S7d05cbdbe553,182.351,144.105,226,64,3.531,4.9234,9774,True,False,not_built
1655,1657,el4fc40093c56f,[Na+].[O-]C(=O)c1ccccc1,CC1C(C#N)C2CC1C(C)(C)C2C,0.83,Na,BNZ,S0f374748e1f0,177.291,144.105,404,64,6.312,5.8185,13888,True,False,not_built
1656,1658,elaa2e2a4302d5,[Na+].[O-]C(=O)c1ccccc1,CCC(=O)C(C)C(CC)SC#N,1.14,Na,BNZ,Sca8850f40247,185.292,144.105,274,64,4.281,5.2344,8358,True,False,not_built
1657,1659,el68fee86f880d,[Na+].[O-]C(=O)c1ccccc1,CCN(C)CC1(CC(C)C)CCC1,0.79,Na,BNZ,S02f75f962139,183.339,144.105,412,64,6.438,5.9151,16616,True,False,not_built
1658,1660,el832bbe820ead,[Na+].[O-]C(=O)c1ccccc1,CCCCC(CC)CC1CCCC1C,1.37,Na,BNZ,Sd8be3826b583,196.378,144.105,210,64,3.281,4.9234,9780,True,False,not_built
1659,1661,el2c386f495a8d,[Na+].[O-]C(=O)c1ccccc1,CC1OC(=O)OC2C(=O)N(C)C1C2C,0.43,Na,BNZ,Se0fb22cee5fe,199.206,144.105,720,64,11.25,7.2446,20400,True,False,not_built
1660,1662,el05e8f027ac8c,[Na+].[O-]C(=O)c1ccccc1,CCSCC(CC)SSC,0.61,Na,BNZ,S0d661ac5af93,196.406,144.105,507,64,7.922,6.4476,14142,True,False,not_built
1661,1663,ela32fcaa8ad33,[Na+].[O-]C(=O)c1ccccc1,CCC(C#N)CS(=O)(=O)CC,0.39,Na,BNZ,S98fbd1dc7f19,175.253,144.105,905,64,14.141,7.4843,22680,True,False,not_built
1662,1664,ele705dde5cb5b,[Na+].[O-]C(=O)c1ccccc1,CCON(C)C(C)C1CCCS1,1.14,Na,BNZ,S25d091ed29f0,189.324,144.105,268,64,4.188,5.2344,9268,True,False,not_built
1663,1665,ele20e43dd86e9,[Na+].[O-]C(=O)c1ccccc1,CCCC(CCC)C[PH](C)=O,0.57,Na,BNZ,S906f14670514,176.24,144.105,606,64,9.469,6.595,20352,True,False,not_built
1664,1666,el9b23f724e036,[Na+].[O-]C(=O)c1ccccc1,CCCC(CC)C(C)(C)CSC,0.66,Na,BNZ,Se2c915dfb207,188.38,144.105,486,64,7.594,6.2804,18456,True,False,not_built
1665,1667,elacff6a7369c0,[Na+].[O-]C(=O)c1ccccc1,CCSCC1CC1CC,1.32,Na,BNZ,Sbcc64a73ff0d,144.283,144.105,298,64,4.656,4.9848,8410,True,False,not_built
1666,1668,el1efcc68fc999,[Na+].[O-]C(=O)c1ccccc1,CC(C)C1CCC(Cl)CC1C,0.74,Na,BNZ,S4912a45432f3,174.715,144.105,464,64,7.25,6.0454,14880,True,False,not_built
1667,1669,elfd1912639848,[Na+].[O-]C(=O)c1ccccc1,CCC1C(C)CC12CCS2(=O)=O,0.48,Na,BNZ,S148aedf1b044,188.292,144.105,679,64,10.609,6.9838,19972,True,False,not_built
1668,1670,el6ddc02d3cc38,[Na+].[O-]C(=O)c1ccccc1,CC1CC12CC1(CC1)C2,0.3,Na,BNZ,S87adb08ea001,122.211,144.105,1701,64,26.578,8.1683,40083,True,False,not_built
1669,1671,elba6509aa8702,[Na+].[O-]C(=O)c1ccccc1,CC(=O)C1CC2CCCC(C2)C1=O,0.57,Na,BNZ,Sc945ef1d4e68,180.247,144.105,593,64,9.266,6.595,18157,True,False,not_built
1670,1672,el20255ff3d59f,[Na+].[O-]C(=O)c1ccccc1,COC(C)CC1CCCC12CCC2,1.41,Na,BNZ,S3c2b9a6b3cbf,182.307,144.105,219,64,3.422,4.8764,8625,True,False,not_built
1671,1673,el178db0775cb9,[Na+].[O-]C(=O)c1ccccc1,CCCCCC(C)S(=O)(=O)CC,0.97,Na,BNZ,Sc32ce9edf4f7,192.324,144.105,315,64,4.922,5.5239,11040,True,False,not_built
1672,1674,el7da1594a46ca,[Na+].[O-]C(=O)c1ccccc1,CCCOC(=O)OC(C)N(C)CC,1.5,Na,BNZ,Sc5afdc0d1f96,189.255,144.105,197,64,3.078,4.7768,7264,True,False,not_built
1673,1675,el90b132914715,[Na+].[O-]C(=O)c1ccccc1,CCCC(C)CC(=O)OC(C)=O,0.57,Na,BNZ,S8af73807eb6d,172.224,144.105,620,64,9.688,6.595,18320,True,False,not_built
1674,1676,el449b2d7660ad,[Na+].[O-]C(=O)c1ccccc1,CCCC1CC1(CCC)CC(C)C,0.7,Na,BNZ,S873d9c1b3d16,182.351,144.105,472,64,7.375,6.1585,19368,True,False,not_built
1675,1677,elb3798b606f0b,[Na+].[O-]C(=O)c1ccccc1,CC1=C[C@H](F)C=CO1,0.48,Na,BNZ,Sd88a7ba70eab,114.119,144.105,1121,64,17.516,6.9838,17775,True,False,not_built
1676,1678,ela2ae222246e8,[Na+].[O-]C(=O)c1ccccc1,CCC(CC)(OC(C)=O)SC,0.79,Na,BNZ,Sbc26b1321804,176.281,144.105,429,64,6.703,5.9151,12543,True,False,not_built
1677,1679,el7d7902a2a30c,[Na+].[O-]C(=O)c1ccccc1,CC(F)CC(C)(F)C#N,0.97,Na,BNZ,S21ee62110bf4,133.141,144.105,455,64,7.109,5.5239,9150,True,False,not_built
1678,1680,elbee44e7074ce,[Na+].[O-]C(=O)c1ccccc1,CC(C)C1CCC2C(C1)C1C2N1C,1.28,Na,BNZ,S82dda085815f,179.307,144.105,249,64,3.891,5.0362,9426,True,False,not_built
1679,1681,el137faa48d28a,[Na+].[O-]C(=O)c1ccccc1,CCS(=O)(=O)CCCC(C)(C)F,0.74,Na,BNZ,Sdf29eb5de996,196.287,144.105,413,64,6.453,6.0454,12937,True,False,not_built
1680,1682,el48e045845fa7,[Na+].[O-]C(=O)c1ccccc1,CCC12C3C4C(C)C5C3C13C4C2C53,1.23,Na,BNZ,S492656780d86,172.271,144.105,271,64,4.234,5.1035,8819,True,False,not_built
1681,1683,elf5ee122c879a,[Na+].[O-]C(=O)c1ccccc1,CCCOC(=O)OCCC(C)OC,1.06,Na,BNZ,Sfa9b574ca493,190.239,144.105,289,64,4.516,5.3629,9919,True,False,not_built
1682,1684,el614b55ed204e,[Na+].[O-]C(=O)c1ccccc1,CCCOC(=O)OCOC,0.66,Na,BNZ,S8dd2bb084caf,148.158,144.105,618,64,9.656,6.2804,14556,True,False,not_built
1683,1685,el458d6f58b32b,[Na+].[O-]C(=O)c1ccccc1,CC(C)CCCC(C)C(C)SC#N,1.41,Na,BNZ,Sb5996fb1cc25,199.363,144.105,200,64,3.125,4.8764,7760,True,False,not_built
1684,1686,elbd43f7eafe1c,[Na+].[O-]C(=O)c1ccccc1,CCC1C2C3CC4CCC(C)C4(C3)C12,0.83,Na,BNZ,S9e42897c7122,190.33,144.105,377,64,5.891,5.8185,14532,True,False,not_built
1685,1687,el4310db765cb9,[Na+].[O-]C(=O)c1ccccc1,CCOC(=O)OCCCS(C)=O,0.48,Na,BNZ,S67d9707a7b0d,194.252,144.105,658,64,10.281,6.9838,18068,True,False,not_built
1686,1688,eld5a4929c2f54,[Na+].[O-]C(=O)c1ccccc1,CC(CCCC(C)C(C)C)SC#N,1.46,Na,BNZ,Sd73f2639bcc7,199.363,144.105,193,64,3.016,4.8201,7522,True,False,not_built
1687,1689,el96c8396a146f,[Na+].[O-]C(=O)c1ccccc1,CC1CC2CCCC3(CCCC3=O)C12,1.41,Na,BNZ,S8b1bf3f51566,192.302,144.105,208,64,3.25,4.8764,8032,True,False,not_built
1688,1690,elc83a3ef28d3d,[Na+].[O-]C(=O)c1ccccc1,CCCCC(C)(CC)CCC(C)=O,0.34,Na,BNZ,S7a6b389b9d55,184.323,144.105,992,64,15.5,7.8345,37664,True,False,not_built
1689,1691,el8bf88908727a,[Na+].[O-]C(=O)c1ccccc1,COCS(=O)(=O)C(C)(C)C,1.41,Na,BNZ,S7adf30e6977e,166.242,144.105,240,64,3.75,4.8764,6720,True,False,not_built
1690,1692,elfb267a6d911a,[Na+].[O-]C(=O)c1ccccc1,CCCC(Cl)(CC)CC,1.46,Na,BNZ,S29111ea00e0a,148.677,144.105,258,64,4.031,4.8201,7668,True,False,not_built
1691,1693,elfdbcb7705103,[Na+].[O-]C(=O)c1ccccc1,CCCCC(=O)OCCC(C)C,1.32,Na,BNZ,S19e8ece671ac,172.268,144.105,250,64,3.906,4.9848,8960,True,False,not_built
1692,1694,elf11663e1f762,[Na+].[O-]C(=O)c1ccccc1,CCC12COC(CC1C)CC2(C)C,0.61,Na,BNZ,Sc89b2e9a7cc2,182.307,144.105,546,64,8.531,6.4476,20070,True,False,not_built
1693,1695,el5b609dc4929c,[Na+].[O-]C(=O)c1ccccc1,CC1CCC2CC1(C1CC3CC1C3)C2,1.06,Na,BNZ,S7bc5eff27508,190.33,144.105,289,64,4.516,5.3629,11364,True,False,not_built
1694,1696,el5ac2853e9e43,[Na+].[O-]C(=O)c1ccccc1,CC(C)(C)c1ccc2c(c1)ON(F)O2,0.97,Na,BNZ,Sfff8dded6392,197.209,144.105,307,64,4.797,5.5239,8942,True,False,not_built
1695,1697,el0eca3f816106,[Na+].[O-]C(=O)c1ccccc1,CCCCCC(F)C(=O)CN(C)C,1.06,Na,BNZ,S215c3dee5440,189.274,144.105,290,64,4.531,5.3629,10530,True,False,not_built
1696,1698,el8db078f64e86,[Na+].[O-]C(=O)c1ccccc1,CC1C2CC2C1(C)CC1CCCC1,1.06,Na,BNZ,Scb01268f32c8,178.319,144.105,308,64,4.812,5.3629,11740,True,False,not_built
1697,1699,el063a3c9d9180,[Na+].[O-]C(=O)c1ccccc1,CCC1CC(C)(CC)C(=O)CC1(C)C,1.06,Na,BNZ,S3a7beacdebdd,196.334,144.105,280,64,4.375,5.3629,11600,True,False,not_built
1698,1700,el815a70f6ebbe,[Na+].[O-]C(=O)c1ccccc1,CCC1CCC1(C)C(C)(C)CC,0.92,Na,BNZ,Sd7c31bbb262a,168.324,144.105,381,64,5.953,5.6222,14676,True,False,not_built
1699,1701,el28984b3668a5,[Na+].[O-]C(=O)c1ccccc1,CC(C)C1CC2CC(C#N)(C2)C(C)C1,1.14,Na,BNZ,Sc5da8e3272f7,191.318,144.105,265,64,4.141,5.2344,10235,True,False,not_built
1700,1702,el39f24446da03,[Na+].[O-]C=O,CCCC(CCC)C[PH](C)=O,0.39,Na,HCOO,S906f14670514,176.24,68.007,917,64,14.328,7.4843,29664,True,False,not_built
1701,1703,el68af84b464de,[Na+].[O-]C=O,CCCC(=O)C(CC)CC(C)(C)F,1.19,Na,HCOO,Se54e5e1458a3,188.286,68.007,272,64,4.25,5.1601,9568,True,False,not_built
1702,1704,el9146cb1286b3,[Na+].[O-]C=O,CCCC(CCC)CC(C)CC#N,0.52,Na,HCOO,S0a00113883f1,181.323,68.007,665,64,10.391,6.7999,24260,True,False,not_built
1703,1705,el8a420c4260dc,[Na+].[O-]C=O,CC(CCCC1CC1C)CC(C)(C)C,0.7,Na,HCOO,S092311ac4b7e,196.378,68.007,453,64,7.078,6.1585,19346,True,False,not_built
1704,1706,el490847c4784c,[Na+].[O-]C=O,CCCC1(CC)COC(=O)OC1,0.3,Na,HCOO,Sda1cacdbc9c4,172.224,68.007,1224,64,19.125,8.1683,34592,True,False,not_built
1705,1707,ela8c91f00420e,[Na+].[O-]C=O,CC12CC3C4CCC35CC(C1CO5)C42,1.01,Na,HCOO,S69efe6872bba,190.286,68.007,320,64,5.0,5.45,10560,True,False,not_built
1706,1708,el92991c343e9a,[Na+].[O-]C=O,CCCP(C)CCC,0.83,Na,HCOO,S1cfa065beddf,132.187,68.007,564,64,8.812,5.8185,14420,True,False,not_built
1707,1709,el79059902eb9b,[Na+].[O-]C=O,CC(=O)CC(C)CCOC(C)=O,1.37,Na,HCOO,S306bd578470e,172.224,68.007,256,64,4.0,4.9234,7488,True,False,not_built
1708,1710,el18f35b0fec1d,[Na+].[O-]C=O,CC(CCCC(C)C(C)C)SC#N,0.7,Na,HCOO,Sd73f2639bcc7,199.363,68.007,446,64,6.969,6.1585,15484,True,False,not_built
1709,1711,elb423fcee2822,[Na+].[O-]C=O,CCC(C)(C)CCC1C2CCSC21,0.52,Na,HCOO,S22a1f2e879e5,198.375,68.007,608,64,9.5,6.7999,21600,True,False,not_built
1710,1712,el2d409bab5e16,[Na+].[O-]C=O,CCC(C(C)C)C1CCC(C)(C)C1C,0.48,Na,HCOO,Sfcb43392bce6,196.378,68.007,666,64,10.406,6.9838,28292,True,False,not_built
1711,1713,el7726cf01c1e9,[Na+].[O-]C=O,CCC1CCC(C)CC1(C)CC(C)C,0.52,Na,HCOO,S186cb44e056d,196.378,68.007,614,64,9.594,6.7999,26108,True,False,not_built
1712,1714,el420da4fd1a8f,[Na+].[O-]C=O,CCCCC(C)OC(=O)OCC,0.83,Na,HCOO,Sf0923465db12,174.24,68.007,428,64,6.688,5.8185,13160,True,False,not_built
1713,1715,el558c70a0a8af,[Na+].[O-]C=O,CCCC1C(C)C1C1CC1CC,0.39,Na,HCOO,S1091aa941239,166.308,68.007,971,64,15.172,7.4843,33334,True,False,not_built
1714,1716,el55c5ca933e4f,[Na+].[O-]C=O,CCCC(CCC#N)C(C)(CC)CC,0.79,Na,HCOO,Saba94beca9d0,195.35,68.007,402,64,6.281,5.9151,15998,True,False,not_built
1715,1717,ele059b1701954,[Na+].[O-]C=O,CN(C)C1=COC(C#N)=CO1,1.32,Na,HCOO,S773fac990d31,152.153,68.007,302,64,4.719,4.9848,6058,True,False,not_built
1716,1718,el95d8731d989b,[Na+].[O-]C=O,CC1CCC2CC1(C1CC3CC1C3)C2,1.23,Na,HCOO,S7bc5eff27508,190.33,68.007,260,64,4.062,5.1035,9680,True,False,not_built
1717,1719,elbfd930044da4,[Na+].[O-]C=O,CC(C)CC(F)(F)C(C)CF,1.06,Na,HCOO,S95a88cb3ce65,168.202,68.007,344,64,5.375,5.3629,9264,True,False,not_built
1718,1720,el2224c85cc9b7,[Na+].[O-]C=O,CC1CCC1CC1(C#N)CC(C)(C)C1,1.41,Na,HCOO,Sba29cb4cafe8,191.318,68.007,224,64,3.5,4.8764,8160,True,False,not_built
1719,1721,elc62ee26bbc25,[Na+].[O-]C=O,CC(C)CC1(C)CC(C)C12CC2,1.23,Na,HCOO,S7f630a259675,166.308,68.007,297,64,4.641,5.1035,10418,True,False,not_built
1720,1722,el67255b06f1b3,[Na+].[O-]C=O,CCCC1CC2(CCCCC2)CO1,1.1,Na,HCOO,S4018fef8453d,182.307,68.007,305,64,4.766,5.2971,10995,True,False,not_built
1721,1723,ele02efe34d546,[Na+].[O-]C=O,CCCCC(C)(C)C(Cl)C#N,1.37,Na,HCOO,S2da4f0e838ce,173.687,68.007,254,64,3.969,4.9234,7178,True,False,not_built
1722,1724,el0847c5a4be61,[Na+].[O-]C=O,CCCC(C)C(F)CCC(C)C,0.43,Na,HCOO,S16c5a20ab57f,174.303,68.007,839,64,13.109,7.2446,29685,True,False,not_built
1723,1725,el803847a73b2e,[Na+].[O-]C=O,CCOC(=O)OCCCS(C)=O,1.28,Na,HCOO,S67d9707a7b0d,194.252,68.007,244,64,3.812,5.0362,6664,True,False,not_built
1724,1726,el55077c668867,[Na+].[O-]C=O,COc1cc(-c2ccccc2)c[nH]1,0.66,Na,HCOO,S53b96ba881ae,173.215,68.007,545,64,8.516,6.2804,13400,True,False,not_built
1725,1727,ele82721ebbe6c,[Na+].[O-]C=O,CS(=O)(=O)C1CCCCC1,1.19,Na,HCOO,S5300873bc4a7,162.254,68.007,316,64,4.938,5.1601,7904,True,False,not_built
1726,1728,el389e3ff92adc,[Na+].[O-]C=O,CCCCC(C#N)CC(C)CC(C)C,1.41,Na,HCOO,S8cdd65623f90,195.35,68.007,219,64,3.422,4.8764,8861,True,False,not_built
1727,1729,el0636fcd4b276,[Na+].[O-]C=O,CCCCC(=O)C(C)(C)C(C)CC,0.88,Na,HCOO,Sfd23e7eb1b3a,184.323,68.007,381,64,5.953,5.7062,14417,True,False,not_built
1728,1730,el89d020b8cf66,[Na+].[O-]C=O,CCCC(=O)C(C#N)C(CC)CC,0.39,Na,HCOO,S85bff4aaac3b,181.279,68.007,891,64,13.922,7.4843,28832,True,False,not_built
1729,1731,el25a6b8572d8f,[Na+].[O-]C=O,CCCCCC(CC1CCC1)C1CC1,0.74,Na,HCOO,Sb92833eea87b,194.362,68.007,432,64,6.75,6.0454,17600,True,False,not_built
1730,1732,eldffa01660e10,[Na+].[O-]C=O,CC1(C)CC2CCCC(C#N)(C2)C1,0.79,Na,HCOO,S9ca4c915b22f,177.291,68.007,443,64,6.922,5.9151,14496,True,False,not_built
1731,1733,eld66da0ec112e,[Na+].[O-]C=O,CC(C)C1CCC2C(C1)C1C2N1C,1.46,Na,HCOO,S82dda085815f,179.307,68.007,230,64,3.594,4.8201,8140,True,False,not_built
1732,1734,el1a37f0d28bf2,[Na+].[O-]C=O,C1CC2CC3C4CCC1C4C23,1.46,Na,HCOO,Sf2f46e8065c2,148.249,68.007,278,64,4.344,4.8201,7826,True,False,not_built
1733,1735,el51b9cd501978,[Na+].[O-]C=O,CCCCC1CC1C1C(=O)CCC1C,0.97,Na,HCOO,S36c1e53a8081,194.318,68.007,326,64,5.094,5.5239,12056,True,False,not_built
1734,1736,el2e3725fd4f22,[Na+].[O-]C=O,CCC1(C2(C)CC3C(C)C3C2)CC1C,1.46,Na,HCOO,Sdcd316182b15,192.346,68.007,215,64,3.359,4.8201,8490,True,False,not_built
1735,1737,el06b48ee19370,[Na+].[O-]C=O,CCCCCOC(=O)C(C)C,0.83,Na,HCOO,Sd1dc43143f43,158.241,68.007,471,64,7.359,5.8185,13979,True,False,not_built
1736,1738,el99af6a35f907,[Na+].[O-]C=O,CCOC(C)OC(=O)OC,0.79,Na,HCOO,Sa65afd9a774c,148.158,68.007,530,64,8.281,5.9151,11980,True,False,not_built
1737,1739,ela3a3452e1fbf,[Na+].[O-]C=O,CCCCCCC(C)CC#N,1.32,Na,HCOO,Sf97f954bd603,153.269,68.007,300,64,4.688,4.9848,9320,True,False,not_built
1738,1740,el80a6bf150101,[Na+].[O-]C=O,CCC1C2CCCC(C3(C)CC3)C12,1.1,Na,HCOO,Se8cc3e7b0f9a,178.319,68.007,312,64,4.875,5.2971,11240,True,False,not_built
1739,1741,el9f19934b8aa4,[Na+].[O-]C=O,CCCC(CCCC#N)C(F)(F)F,0.92,Na,HCOO,S1534358f24c5,193.212,68.007,347,64,5.422,5.6222,9689,True,False,not_built
1740,1742,el904e4b33c657,[Na+].[O-]C=O,CCC(C)CC1(CC(=O)OC)CC1,0.83,Na,HCOO,Sd7375efb798f,184.279,68.007,405,64,6.328,5.8185,13685,True,False,not_built
1741,1743,ela017d2c4e456,[Na+].[O-]C=O,CC1C(=O)CCC2(C#N)C(C3CC3)C12,1.14,Na,HCOO,Sc049651726c3,189.258,68.007,283,64,4.422,5.2344,8527,True,False,not_built
1742,1744,el808df2a760a3,[Na+].[O-]C=O,CC1C(=O)C2CCCC2C1=O,1.23,Na,HCOO,S94838a92d05e,152.193,68.007,325,64,5.078,5.1035,7795,True,False,not_built
1743,1745,el83e6e7dc3303,[Na+].[O-]C=O,CCC12CC3CCC(C3C)C(C)C1C2,0.88,Na,HCOO,Sff7833169321,192.346,68.007,365,64,5.703,5.7062,14190,True,False,not_built
1744,1746,elc1b1f6dadbc2,[Na+].[O-]C=O,CCC1CC(C)C1C(C)CCOC,0.3,Na,HCOO,Se5d79f034af8,184.323,68.007,1143,64,17.859,8.1683,42611,True,False,not_built
1745,1747,eld287b7b337f9,[Na+].[O-]C=O,CC(C)(C)c1ccc2c(c1)ON(F)O2,0.39,Na,HCOO,Sfff8dded6392,197.209,68.007,819,64,12.797,7.4843,21614,True,False,not_built
1746,1748,elb9788c5fb189,[Na+].[O-]C=O,CC1CCCC(C)S(=O)(=O)CC1,0.48,Na,HCOO,S468a1305e7ef,190.308,68.007,687,64,10.734,6.9838,20930,True,False,not_built
1747,1749,elac77abc1102d,[Na+].[O-]C=O,CCCOCCC1CC(C)CCC1C,0.83,Na,HCOO,S91316768d2cc,198.35,68.007,376,64,5.875,5.8185,15360,True,False,not_built
1748,1750,el2e0ce4e5aef1,[Na+].[O-]C=O,COOCC(C)CCC(C)C,1.06,Na,HCOO,S3b94a1bccd96,160.257,68.007,361,64,5.641,5.3629,11511,True,False,not_built
1749,1751,el17c88e87fe70,[Na+].[O-]C=O,CCCC1(C)CCC(C)CC1(C)C,1.28,Na,HCOO,Scd9bd4eae4e8,182.351,68.007,260,64,4.062,5.0362,10460,True,False,not_built
1750,1752,el46b2674ad6e7,[Na+].COS(=O)(=O)[O-],CCCCC(CCC)CC(C)C#N,0.79,Na,MS,S2f81a223478a,181.323,134.088,419,64,6.547,5.9151,15724,True,False,not_built
1751,1753,ele7d505641bae,[Na+].COS(=O)(=O)[O-],CCCCCCC(=O)CC(C)CCC,0.97,Na,MS,S013fdf74fdc1,198.35,134.088,307,64,4.797,5.5239,12920,True,False,not_built
1752,1754,elefe752fc45a6,[Na+].COS(=O)(=O)[O-],CC(=O)CCCC(C)C(C)(C)C#N,0.97,Na,MS,S854954286a9b,181.279,134.088,336,64,5.25,5.5239,11392,True,False,not_built
1753,1755,el3551f1ef94d4,[Na+].COS(=O)(=O)[O-],CCCC1(Cl)CC2CCC1C2,0.39,Na,MS,Safaf25347f45,172.699,134.088,921,64,14.391,7.4843,26428,True,False,not_built
1754,1756,eld8ddcce28880,[Na+].COS(=O)(=O)[O-],CC1CCC2CC1(C1CC3CC1C3)C2,1.23,Na,MS,S7bc5eff27508,190.33,134.088,247,64,3.859,5.1035,9532,True,False,not_built
1755,1757,eld68b1ed56aff,[Na+].COS(=O)(=O)[O-],CCCC(CCC#N)C(C)(CC)CC,0.57,Na,MS,Saba94beca9d0,195.35,134.088,549,64,8.578,6.595,22051,True,False,not_built
1756,1758,el4ab28a228d51,[Na+].COS(=O)(=O)[O-],CCCC(=O)C(CC)S(C)(=O)=O,0.66,Na,MS,S0963cf231b77,192.28,134.088,478,64,7.469,6.2804,14024,True,False,not_built
1757,1759,eld4709d033e6f,[Na+].COS(=O)(=O)[O-],CC1(C(=O)Cl)CCCC1CCl,1.32,Na,MS,S83a035dfd4b7,195.089,134.088,223,64,3.484,4.9848,5769,True,False,not_built
1758,1760,el603cf6c649ab,[Na+].COS(=O)(=O)[O-],CCCC(C)N(CC)CC(=O)CC,1.14,Na,MS,Sda541a8e3cb1,185.311,134.088,276,64,4.312,5.2344,10576,True,False,not_built
1759,1761,ela34ac64725a2,[Na+].COS(=O)(=O)[O-],CCC(C(C)C)C1(C)C(C)CCC1C,0.79,Na,MS,Scaafd0d5c5e6,196.378,134.088,387,64,6.047,5.9151,16894,True,False,not_built
1760,1762,el0f25e4b08557,[Na+].COS(=O)(=O)[O-],CC(CCCC1CC1C)CC(C)(C)C,1.41,Na,MS,S092311ac4b7e,196.378,134.088,205,64,3.203,4.8764,9250,True,False,not_built
1761,1763,el4f73520f4057,[Na+].COS(=O)(=O)[O-],CC(=O)N(OC(=O)OCF)C(C)=O,0.79,Na,MS,S405908ff67ce,193.13,134.088,393,64,6.141,5.9151,8893,True,False,not_built
1762,1764,ele25e55d017ed,[Na+].COS(=O)(=O)[O-],CCCC(CC)OOC(=O)Cl,0.97,Na,MS,Sd31dbf095844,180.631,134.088,337,64,5.266,5.5239,8728,True,False,not_built
1763,1765,el79e360a80434,[Na+].COS(=O)(=O)[O-],CCCCC1C(C)C1CC(C)=O,0.57,Na,MS,Sfd7734abd377,168.28,134.088,637,64,9.953,6.595,21024,True,False,not_built
1764,1766,el00003f7a7009,[Na+].COS(=O)(=O)[O-],CC(=O)CCC(C)(C)C(C)C(C)C,0.52,Na,MS,S778694cdca07,184.323,134.088,640,64,10.0,6.7999,24320,True,False,not_built
1765,1767,el4f141ea95a95,[Na+].COS(=O)(=O)[O-],CCC(C)(C)CCC(=O)N1CCCO1,0.88,Na,MS,Sbfb28e1331c0,199.294,134.088,340,64,5.312,5.7062,12540,True,False,not_built
1766,1768,elb22f33471793,[Na+].COS(=O)(=O)[O-],C1CC2CC1CC1CC21,0.97,Na,MS,S2c8bb0cecdef,122.211,134.088,499,64,7.797,5.5239,12117,True,False,not_built
1767,1769,el5823b918aac6,[Na+].COS(=O)(=O)[O-],CCCC1(CC)C(COC)C1(C)C,1.28,Na,MS,S768fb88d8bed,184.323,134.088,244,64,3.812,5.0362,9668,True,False,not_built
1768,1770,eldf79cc4a1504,[Na+].COS(=O)(=O)[O-],CCC(C)C(F)CCCCC(C)C,0.74,Na,MS,S5129f39735bf,188.33,134.088,432,64,6.75,6.0454,17056,True,False,not_built
1769,1771,el96fdff6c95b8,[Na+].COS(=O)(=O)[O-],COC(=O)C1CCCC(C(C)C)C1C,1.41,Na,MS,Sf1704d9e49e2,198.306,134.088,203,64,3.172,4.8764,7948,True,False,not_built
1770,1772,el9f96609fcb9e,[Na+].COS(=O)(=O)[O-],CSC1(C)CCC(=O)C(C)C1,1.06,Na,MS,S44dfa170824f,172.293,134.088,321,64,5.016,5.3629,9307,True,False,not_built
1771,1773,ele249de72c415,[Na+].COS(=O)(=O)[O-],CCCP(C)CCC(C)CC,0.34,Na,MS,S03a167418cad,174.268,134.088,1051,64,16.422,7.8345,36374,True,False,not_built
1772,1774,el62c746a34795,[Na+].COS(=O)(=O)[O-],CC1C2CC2C1(C)CC1CCCC1,1.19,Na,MS,Scb01268f32c8,178.319,134.088,273,64,4.266,5.1601,10195,True,False,not_built
1773,1775,el88f3adce1efc,[Na+].COS(=O)(=O)[O-],CC1CC(C)(C)C(=O)CC1C(C)(C)C,1.01,Na,MS,Sa28fab30c970,196.334,134.088,297,64,4.641,5.45,11926,True,False,not_built
1774,1776,elb2ba82306a58,[Na+].COS(=O)(=O)[O-],CC1C(C#N)C2CC1C(C)(C)C2C,0.74,Na,MS,S0f374748e1f0,177.291,134.088,459,64,7.172,6.0454,15328,True,False,not_built
1775,1777,el0744106da586,[Na+].COS(=O)(=O)[O-],CCCC1CCC1CCl,0.88,Na,MS,S8685bf8df3cd,146.661,134.088,461,64,7.203,5.7062,11704,True,False,not_built
1776,1778,elb93399301a84,[Na+].COS(=O)(=O)[O-],CCCC(C)CC1(C#N)CCC(C)C1,0.66,Na,MS,S438872e204ff,193.334,134.088,475,64,7.422,6.2804,18215,True,False,not_built
1777,1779,el88d5b21700ab,[Na+].COS(=O)(=O)[O-],CC(C)C1CCCCCCCCCC1,1.06,Na,MS,Sd05e72462d5b,196.378,134.088,282,64,4.406,5.3629,12484,True,False,not_built
1778,1780,el2dd7aa488bb8,[Na+].COS(=O)(=O)[O-],CC(=O)C1CC2(C(C)=O)CC2C1C,0.97,Na,MS,Se447765789e9,180.247,134.088,338,64,5.281,5.5239,10442,True,False,not_built
1779,1781,el7c23a6858359,[Na+].COS(=O)(=O)[O-],CN(C)C1=COC(C#N)=CO1,0.83,Na,MS,S773fac990d31,152.153,134.088,474,64,7.406,5.8185,9646,True,False,not_built
1780,1782,elf80c5630efeb,[Na+].COS(=O)(=O)[O-],CCCCC(C)C(=O)OOCF,0.61,Na,MS,S933ec6c66b81,178.203,134.088,560,64,8.75,6.4476,15760,True,False,not_built
1781,1783,el15a950614ac4,[Na+].COS(=O)(=O)[O-],c1csc(CCCC2CC2)c1,0.79,Na,MS,S3281a174850d,166.289,134.088,457,64,7.141,5.9151,12065,True,False,not_built
1782,1784,ele94a40dd99c7,[Na+].COS(=O)(=O)[O-],CC1(C)CC2CCCC(C#N)(C2)C1,0.88,Na,MS,S9ca4c915b22f,177.291,134.088,382,64,5.969,5.7062,12864,True,False,not_built
1783,1785,ela82888c53aa9,[Na+].COS(=O)(=O)[O-],CCC(C#N)C1CCC1,0.88,Na,MS,S02591dae1a2e,123.199,134.088,549,64,8.578,5.7062,12718,True,False,not_built
1784,1786,el1b0904707ac8,[Na+].COS(=O)(=O)[O-],CC(=O)C(C)(C)C(C)C#N,0.66,Na,MS,S4e3c54e90875,139.198,134.088,660,64,10.312,6.2804,15820,True,False,not_built
1785,1787,el8e7f2e532147,[Na+].COS(=O)(=O)[O-],CCCC1(CC)COC(=O)OC1,1.01,Na,MS,Sda1cacdbc9c4,172.224,134.088,339,64,5.297,5.45,10132,True,False,not_built
1786,1788,el30dba48e3176,[Na+].COS(=O)(=O)[O-],CC1CCC(=O)C(C)(C)CC1C,0.57,Na,MS,S9a3e48c7329e,168.28,134.088,637,64,9.953,6.595,21024,True,False,not_built
1787,1789,elf02c5d0e9e06,[Na+].COS(=O)(=O)[O-],CCCC(CC#N)CCC(C)CC,0.92,Na,MS,Sec2908caa354,181.323,134.088,356,64,5.562,5.6222,13456,True,False,not_built
1788,1790,el9da891667e93,[Na+].COS(=O)(=O)[O-],C1C2CC3C4CC5CC4C3C1CC25,0.43,Na,MS,Sbaa7a375e524,174.287,134.088,825,64,12.891,7.2446,26215,True,False,not_built
1789,1791,el869ea4fc827b,[Na+].COS(=O)(=O)[O-],CC1COCC2(C1)C(=O)OCC2C#N,0.88,Na,MS,S1c44bbe44955,195.218,134.088,347,64,5.422,5.7062,10009,True,False,not_built
1790,1792,el3349accb8f98,[Na+].COS(=O)(=O)[O-],CCCC(C)C(C)S(=O)(=O)F,1.23,Na,MS,S0dfa37ccb00f,182.26,134.088,258,64,4.031,5.1035,7348,True,False,not_built
1791,1793,el6ad2055a9fd7,[Na+].COS(=O)(=O)[O-],CC12CC3(C)CC(C1)(C2)S3(=O)=O,1.28,Na,MS,Sb198202ea31d,186.276,134.088,241,64,3.766,5.0362,6906,True,False,not_built
1792,1794,eleba96ff3b002,[Na+].COS(=O)(=O)[O-],CCC(C)(C)CCCC(F)CF,1.14,Na,MS,S4b08fa0c9abb,178.266,134.088,287,64,4.484,5.2344,9824,True,False,not_built
1793,1795,eld6cd8018b63f,[Na+].COS(=O)(=O)[O-],CC(=O)CC1CC1C1CC(C)C2CC21,1.19,Na,MS,S5abf042b60e2,192.302,134.088,253,64,3.953,5.1601,9242,True,False,not_built
1794,1796,elea474fd43d37,[Na+].COS(=O)(=O)[O-],CCC(=O)CC1OC(=O)C1C1CC1,0.34,Na,MS,Sb1b067069f60,182.219,134.088,1005,64,15.703,7.8345,27775,True,False,not_built
1795,1797,el5878a05eb811,[Na+].COS(=O)(=O)[O-],CCC(=O)CCC(=O)OC(C)=O,0.7,Na,MS,Sa6a3d5227fd7,172.18,134.088,502,64,7.844,6.1585,12688,True,False,not_built
1796,1798,ela3906611b277,[Na+].COS(=O)(=O)[O-],CCCC1(CC)OOOC1C,1.1,Na,MS,S3edb542cccd8,160.213,134.088,332,64,5.188,5.2971,9604,True,False,not_built
1797,1799,el165df4cd8627,[Na+].COS(=O)(=O)[O-],CCCC(CCC)C(C)CC#N,1.28,Na,MS,Sd23a8f2456b8,167.296,134.088,269,64,4.203,5.0362,9517,True,False,not_built
1798,1800,el449c52080c7c,[Na+].COS(=O)(=O)[O-],CCOC(=O)C(C#N)(CC)CC(C)C,1.01,Na,MS,S32d001e3f3b6,197.278,134.088,296,64,4.625,5.45,10408,True,False,not_built
1799,1801,el9d11aa092988,[Na+].COS(=O)(=O)[O-],CCC1CCC2C3CCC3OC(=O)C12,1.32,Na,MS,Scc9eb242aee3,194.274,134.088,224,64,3.5,4.9848,7808,True,False,not_built
1800,1802,el992eb5c0015a,[Na+].[S-]C#N,CCC1(C)CC(=O)CCC1(C)C,0.66,Na,SCN,S105b713f5a46,168.28,81.075,558,64,8.719,6.2804,18112,True,False,not_built
1801,1803,el429e9a24ded8,[Na+].[S-]C#N,COC1=CSC=CC1,0.52,Na,SCN,S7646c4e68019,128.196,81.075,936,64,14.625,6.7999,15232,True,False,not_built
1802,1804,el75b6ceef6949,[Na+].[S-]C#N,CC(F)C(=O)C1(C)CCCO1,0.97,Na,SCN,S689754e2e743,160.188,81.075,393,64,6.141,5.5239,9688,True,False,not_built
1803,1805,eldc436ea2e0b0,[Na+].[S-]C#N,CC(=O)CCCC1CCC(=O)C1C,0.3,Na,SCN,Sd71247ea9c37,182.263,81.075,1154,64,18.031,8.1683,36030,True,False,not_built
1804,1806,el96bec36935ed,[Na+].[S-]C#N,CCC1C(C)CC1C(C)C,0.7,Na,SCN,Sd81005bda8b7,140.27,81.075,630,64,9.844,6.1585,19156,True,False,not_built
1805,1807,el099aeabac077,[Na+].[S-]C#N,CC(C)C1CCC(Cl)CC1C,0.97,Na,SCN,S4912a45432f3,174.715,81.075,360,64,5.625,5.5239,11056,True,False,not_built
1806,1808,el71730a775fea,[Na+].[S-]C#N,COC(=O)OCC1C2CCCC1C2,0.61,Na,SCN,S0ef33bcac1ff,184.235,81.075,553,64,8.641,6.4476,16293,True,False,not_built
1807,1809,el9565b587a9a7,[Na+].[S-]C#N,CC(C)C1CCC2C(C)C2(C)C1,1.01,Na,SCN,S8fd80d3badb6,166.308,81.075,363,64,5.672,5.45,12598,True,False,not_built
1808,1810,elec9ce06489cb,[Na+].[S-]C#N,CCCCC(C(C)=O)C(Cl)Cl,0.83,Na,SCN,Sb4b28df0322c,197.105,81.075,376,64,5.875,5.8185,9656,True,False,not_built
1809,1811,el9ef53d044b4e,[Na+].[S-]C#N,COCC1C2C(C)C2C(C)CC1(C)C,1.28,Na,SCN,S677f2e1835a5,196.334,81.075,239,64,3.734,5.0362,9338,True,False,not_built
1810,1812,elb90f5ae389fc,[Na+].[S-]C#N,CC(=O)OCP,0.52,Na,SCN,Sf9576e27998a,106.061,81.075,1132,64,17.688,6.7999,14972,True,False,not_built
1811,1813,el6918160e7c2f,[Na+].[S-]C#N,CCOC(=O)C(CC(C)=O)C1CC1C,0.34,Na,SCN,S47c98294ff41,198.262,81.075,934,64,14.594,7.8345,30144,True,False,not_built
1812,1814,el4bd294e9033f,[Na+].[S-]C#N,CC(C)CC(C)(C)C(C)C1CC1,0.92,Na,SCN,S1f142f079b38,168.324,81.075,395,64,6.172,5.6222,14476,True,False,not_built
1813,1815,eldd5abc0dcdea,[Na+].[S-]C#N,CCCC(=O)CCCCC(F)CC,0.61,Na,SCN,Sa6dd15fd0e20,188.286,81.075,541,64,8.453,6.4476,18650,True,False,not_built
1814,1816,el2b2f3167b67d,[Na+].[S-]C#N,CCCC(=O)CC(CC#N)C(C)(C)C,1.14,Na,SCN,S948c8fb83d94,195.306,81.075,272,64,4.25,5.2344,9776,True,False,not_built
1815,1817,el7d1c236859c9,[Na+].[S-]C#N,CC1C(=O)CCC2(C#N)C(C3CC3)C12,0.39,Na,SCN,Sc049651726c3,189.258,81.075,851,64,13.297,7.4843,24935,True,False,not_built
1816,1818,el0c9d2a0a8a34,[Na+].[S-]C#N,CCCCCC(CSC)C(C)C,1.01,Na,SCN,Sdf475eb76ff7,188.38,81.075,320,64,5.0,5.45,11776,True,False,not_built
1817,1819,elc551eda89a08,[Na+].[S-]C#N,CCCOCCC1CC(C)CCC1C,1.5,Na,SCN,S91316768d2cc,198.35,81.075,200,64,3.125,4.7768,8256,True,False,not_built
1818,1820,elf8c7d9d49fd2,[Na+].[S-]C#N,CCC(Cl)CC(C)C1CCCC1,0.39,Na,SCN,Sb647fa7d1fbc,188.742,81.075,853,64,13.328,7.4843,28405,True,False,not_built
1819,1821,elc1937a930597,[Na+].[S-]C#N,CCCCCC1(C(C)C)CC1,0.66,Na,SCN,S591b8e4b99eb,154.297,81.075,609,64,9.516,6.2804,20353,True,False,not_built
1820,1822,el062800728110,[Na+].[S-]C#N,CC1CC(C)(C)C(C)(C)CC1=O,1.32,Na,SCN,S4096ac4c09ea,168.28,81.075,270,64,4.219,4.9848,8896,True,False,not_built
1821,1823,el9309b4af186a,[Na+].[S-]C#N,CCCC(C(C)C)C(C)C(=O)OC,0.92,Na,SCN,S154d08ee4719,186.295,81.075,357,64,5.578,5.6222,12751,True,False,not_built
1822,1824,eld7d95b7c376b,[Na+].[S-]C#N,CC(C)C(C1CC1)C(C)(C)C,0.48,Na,SCN,S30c282926cf7,154.297,81.075,844,64,13.188,6.9838,28108,True,False,not_built
1823,1825,el1aff595b9701,[Na+].[S-]C#N,CC1COCCCC1(C)C,0.52,Na,SCN,S76cb98704df3,142.242,81.075,844,64,13.188,6.7999,23888,True,False,not_built
1824,1826,ela52688fe8c20,[Na+].[S-]C#N,CCC1CCC(C)CC1(C)CC(C)C,1.23,Na,SCN,S186cb44e056d,196.378,81.075,249,64,3.891,5.1035,10714,True,False,not_built
1825,1827,el929fe0647380,[Na+].[S-]C#N,COC(=O)OC1CCCC(C)C1,1.37,Na,SCN,Sc20bd1037f85,172.224,81.075,254,64,3.969,4.9234,7368,True,False,not_built
1826,1828,el0e1a00821170,[Na+].[S-]C#N,CCSCC1CC1CC,0.74,Na,SCN,Sbcc64a73ff0d,144.283,81.075,578,64,9.031,6.0454,14706,True,False,not_built
1827,1829,el15c020b1d506,[Na+].[S-]C#N,CCSCC(CC)SSC,0.88,Na,SCN,S0d661ac5af93,196.406,81.075,355,64,5.547,5.7062,9486,True,False,not_built
1828,1830,eldb622202400e,[Na+].[S-]C#N,CC1CC(C)C(CCC(=O)N(C)C)C1,1.23,Na,SCN,Sacaced582033,197.322,81.075,248,64,3.875,5.1035,9432,True,False,not_built
1829,1831,el42cff043e2db,[Na+].[S-]C#N,CC(C)N(C)C(CCF)CC(F)F,0.48,Na,SCN,S449c85953918,197.244,81.075,661,64,10.328,6.9838,20747,True,False,not_built
1830,1832,el546d1d123d6b,[Na+].[S-]C#N,CC1C2C3CC(C)C45C(CC2C34)CC15,0.52,Na,SCN,S085bfae473c3,188.314,81.075,637,64,9.953,6.7999,21914,True,False,not_built
1831,1833,el0afc73704c2b,[Na+].[S-]C#N,CCCC(=O)C(CC)CC(C)(C)F,1.23,Na,SCN,Se54e5e1458a3,188.286,81.075,260,64,4.062,5.1035,9096,True,False,not_built
1832,1834,el144ab70baf5e,[Na+].[S-]C#N,CCCCCC(C)(C)CCC(C)C#N,0.52,Na,SCN,S020c91bb9432,195.35,81.075,614,64,9.594,6.7999,24202,True,False,not_built
1833,1835,el88b3877334ec,[Na+].[S-]C#N,CC(CC1CCC1)C(=O)Cl,1.23,Na,SCN,Sbf7df6db1f34,160.644,81.075,305,64,4.766,5.1035,7271,True,False,not_built
1834,1836,elf809c0472e29,[Na+].[S-]C#N,CCCC(F)(F)CCCC#N,0.88,Na,SCN,S4625203302a0,161.195,81.075,432,64,6.75,5.7062,10624,True,False,not_built
1835,1837,el10523d5e4bc4,[Na+].[S-]C#N,CCCCC(C)(CC)CCC(C)=O,1.5,Na,SCN,S7a6b389b9d55,184.323,81.075,215,64,3.359,4.7768,8211,True,False,not_built
1836,1838,el4aa89d974b40,[Na+].[S-]C#N,CC(=O)C1C2CCC(CSC2)C1C,0.3,Na,SCN,S4d0c8ac3ea88,198.331,81.075,1060,64,16.562,8.1683,33116,True,False,not_built
1837,1839,elced011f1fb6d,[Na+].[S-]C#N,CCCCC(=O)C(C)(C)C(C)CC,1.46,Na,SCN,Sfd23e7eb1b3a,184.323,81.075,221,64,3.453,4.8201,8433,True,False,not_built
1838,1840,el48192f8c4518,[Na+].[S-]C#N,CCCC(CCC)C(C)CC#N,0.57,Na,SCN,Sd23a8f2456b8,167.296,81.075,653,64,10.203,6.595,21805,True,False,not_built
1839,1841,eld84f075f03ee,[Na+].[S-]C#N,CC(C)CC(F)(F)C(C)CF,0.3,Na,SCN,S95a88cb3ce65,168.202,81.075,1250,64,19.531,8.1683,32756,True,False,not_built
1840,1842,el84233f8d5c08,[Na+].[S-]C#N,CCC1(C)CC2C(C)C2C1C(=O)OC,1.19,Na,SCN,Sf7a80b70e1cf,196.29,81.075,258,64,4.031,5.1601,9028,True,False,not_built
1841,1843,el977ba23a3cfd,[Na+].[S-]C#N,CCC(C(C)C)C1CCC(C)(C)C1C,0.92,Na,SCN,Sfcb43392bce6,196.378,81.075,339,64,5.297,5.6222,14494,True,False,not_built
1842,1844,el6eebc76e44f9,[Na+].[S-]C#N,CCC(Cl)C(=O)C(C)=O,1.32,Na,SCN,Sa32c8c1fefe2,148.589,81.075,306,64,4.781,4.9848,5764,True,False,built
1843,1845,el70c3b8b38d39,[Na+].[S-]C#N,CCC1CC(C(C)C)C(C)(C)C1C,0.43,Na,SCN,Sb4bbb829a6cc,182.351,81.075,799,64,12.484,7.2446,31417,True,False,not_built
1844,1846,el2a263f9c4223,[Na+].[S-]C#N,CCC(CC)C(C)C1CC(C)C1C,0.39,Na,SCN,S704174ceff3d,182.351,81.075,883,64,13.797,7.4843,34693,True,False,not_built
1845,1847,el865778db69f1,[Na+].[S-]C#N,CC1COCC2(C1)C(=O)OCC2C#N,0.97,Na,SCN,S1c44bbe44955,195.218,81.075,322,64,5.031,5.5239,8950,True,False,not_built
1846,1848,el3fa4e7e2fe02,[Na+].[S-]C#N,CC1CC(C)(C#N)C(=O)C2(C)CC12,1.37,Na,SCN,Sac66560e7d87,177.247,81.075,246,64,3.844,4.9234,7144,True,False,not_built
1847,1849,elf35ea10449e6,[Na+].[S-]C#N,CC(Cl)CC(C#N)CC(C)(C)C,0.79,Na,SCN,S04f9354a0ce7,187.714,81.075,415,64,6.484,5.9151,12706,True,False,not_built
1848,1850,el4371b11bb757,[Na+].[S-]C#N,CCC1C2C3CC4CCC(C)C4(C3)C12,1.28,Na,SCN,S9e42897c7122,190.33,81.075,247,64,3.859,5.0362,9148,True,False,not_built
1849,1851,elc3907f56a1af,[Na+].[S-]C#N,CCN(C)CC1(CC(C)C)CCC1,1.41,Na,SCN,S02f75f962139,183.339,81.075,231,64,3.609,4.8764,9034,True,False,not_built
1850,1852,el42bd6717d697,[Na+].[Br-],CCCOCCCC(C)CCC,1.06,Na,Br,Sc5c6aa8511cf,172.312,102.894,328,64,5.125,5.3629,11936,True,False,not_built
1851,1853,el95175034fc0b,[Na+].[Br-],CCC(Cl)C(=O)C(C)=O,0.7,Na,Br,Sa32c8c1fefe2,148.589,102.894,589,64,9.203,6.1585,10730,True,False,not_built
1852,1854,elfe90fee24539,[Na+].[Br-],CC(C)C1CCC(Cl)CC1C,1.01,Na,Br,S4912a45432f3,174.715,102.894,341,64,5.328,5.45,10358,True,False,not_built
1853,1855,eldf9163aa3917,[Na+].[Br-],CC(C)(C)CC1CCS1(=O)=O,1.19,Na,Br,S31bb49561b07,176.281,102.894,283,64,4.422,5.1601,7769,True,False,not_built
1854,1856,eleefb2050379c,[Na+].[Br-],CC1CC2CC(C2)CC1C,1.28,Na,Br,Sf10c4bc2c87a,138.254,102.894,334,64,5.219,5.0362,9480,True,False,not_built
1855,1857,elf66c8cdeb399,[Na+].[Br-],CCSCC(CC)SSC,0.52,Na,Br,S0d661ac5af93,196.406,102.894,607,64,9.484,6.7999,15910,True,False,not_built
1856,1858,el18e47dc9f817,[Na+].[Br-],CCN(C)CC1(CC(C)C)CCC1,1.41,Na,Br,S02f75f962139,183.339,102.894,226,64,3.531,4.8764,8716,True,False,not_built
1857,1859,elbd00add190f8,[Na+].[Br-],CC(Cl)CC(C#N)CC(C)(C)C,0.48,Na,Br,S04f9354a0ce7,187.714,102.894,690,64,10.781,6.9838,20828,True,False,not_built
1858,1860,el1a0d59bec1df,[Na+].[Br-],CCC1(C)CC(=O)CCC1(C)C,0.3,Na,Br,S105b713f5a46,168.28,102.894,1245,64,19.453,8.1683,39968,True,False,not_built
1859,1861,elc629485a0915,[Na+].[Br-],COc1cc(-c2ccccc2)c[nH]1,0.34,Na,Br,S53b96ba881ae,173.215,102.894,1064,64,16.625,7.8345,25664,True,False,not_built
1860,1862,elf07d590730a0,[Na+].[Br-],CCCOC(=O)C(C)C1CCC1CC,0.52,Na,Br,S2c3975e95d78,198.306,102.894,601,64,9.391,6.7999,21764,True,False,not_built
1861,1863,el76ae8460dc57,[Na+].[Br-],CCC1C(COC)C2C3CC3CC12C,1.37,Na,Br,S71694db42c96,194.318,102.894,220,64,3.438,4.9234,8048,True,False,not_built
1862,1864,el6891de5c4df1,[Na+].[Br-],C1C2C1C1C2CC2CC21C1CC1,0.52,Na,Br,Sdca819aa9a12,160.26,102.894,744,64,11.625,6.7999,20960,True,False,not_built
1863,1865,el314d70db687c,[Na+].[Br-],CCCC(C)N(CC)CC(=O)CC,1.14,Na,Br,Sda541a8e3cb1,185.311,102.894,282,64,4.406,5.2344,10280,True,False,not_built
1864,1866,el91b6b8a3a934,[Na+].[Br-],CC(Cl)CCC(C)C(F)(F)F,0.79,Na,Br,S9d4e73696978,188.62,102.894,409,64,6.391,5.9151,9535,True,False,not_built
1865,1867,el3b3c22612408,[Na+].[Br-],CC1CC(C2C(C)C(C)CC2(C)C)C1,0.34,Na,Br,S8f3fb4a9257f,194.362,102.894,949,64,14.828,7.8345,38088,True,False,not_built
1866,1868,el7d8242bf1137,[Na+].[Br-],CC1(C(C#N)CCC2CC2)CCCC1,0.83,Na,Br,S310e0a4d595b,191.318,102.894,383,64,5.984,5.8185,13533,True,False,not_built
1867,1869,ele58c6e2054bd,[Na+].[Br-],CCCCCC(=O)N(C=O)CCC,0.3,Na,Br,Sbeca3cf453ae,185.267,102.894,1131,64,17.672,8.1683,36320,True,False,not_built
1868,1870,ela09d64f72870,[Na+].[Br-],CCCC(F)(F)CCCC#N,0.88,Na,Br,S4625203302a0,161.195,102.894,427,64,6.672,5.7062,10376,True,False,not_built
1869,1871,el723fcfb09450,[Na+].[Br-],CCC1(C2(C)CC3C(C)C3C2)CC1C,0.97,Na,Br,Sdcd316182b15,192.346,102.894,323,64,5.047,5.5239,12402,True,False,not_built
1870,1872,elc88c6b00e88f,[Na+].[Br-],CC(C)CSC(C)C(C)(C)C,0.92,Na,Br,S5f4ac39e42a9,174.353,102.894,377,64,5.891,5.6222,12569,True,False,not_built
1871,1873,el4edfa404ecfd,[Na+].[Br-],CC1C(=O)C(C#N)CC2CCCC21,0.61,Na,Br,S6eddb517b5ea,177.247,102.894,570,64,8.906,6.4476,16088,True,False,not_built
1872,1874,elea00acf1c4fa,[Na+].[Br-],CC(C)CSC1CC2CCCC2C1,1.23,Na,Br,S64b9f25a2563,198.375,102.894,243,64,3.797,5.1035,8633,True,False,not_built
1873,1875,el31ee7ef79608,[Na+].[Br-],CCC(C)C(OOC)C(C)C(C)C,1.01,Na,Br,S8bb7ec38e979,188.311,102.894,316,64,4.938,5.45,11820,True,False,not_built
1874,1876,el50fa5ecf248b,[Na+].[Br-],CCCC(CCCC#N)C(F)(F)F,0.61,Na,Br,S1534358f24c5,193.212,102.894,523,64,8.172,6.4476,14249,True,False,not_built
1875,1877,el7cfdbaf3ec2d,[Na+].[Br-],CCCC(C(C)C)C1(C)CCCC1,0.83,Na,Br,Sf6505944a542,182.351,102.894,402,64,6.281,5.8185,15806,True,False,not_built
1876,1878,el3a0009f61683,[Na+].[Br-],C#Cc1sccc1C(C)(C)C,0.43,Na,Br,Sb8c4ec3d9f9d,164.273,102.894,882,64,13.781,7.2446,20414,True,False,not_built
1877,1879,el00cb89f7daf0,[Na+].[Br-],CCCCC(C)C(=O)OOCF,1.41,Na,Br,S933ec6c66b81,178.203,102.894,233,64,3.641,4.8764,6419,True,False,not_built
1878,1880,el88fc8aad14ee,[Na+].[Br-],CC1C(C#N)C23CC(C)C(C)(C2)C13,1.23,Na,Br,S4991d945e3bf,175.275,102.894,275,64,4.297,5.1035,8378,True,False,not_built
1879,1881,eld38d25bc752a,[Na+].[Br-],COC(=O)C1(C)CCC12CCCC2,0.66,Na,Br,S53881e841fcf,182.263,102.894,511,64,7.984,6.2804,15969,True,False,not_built
1880,1882,el83368850addb,[Na+].[Br-],CC1CC2CC(C2)C(C)C(=O)OC1C,1.1,Na,Br,S06b428d05009,196.29,102.894,277,64,4.328,5.2971,9546,True,False,not_built
1881,1883,el1359915a3be5,[Na+].[Br-],COOCC(C)CCC(C)C,1.14,Na,Br,S3b94a1bccd96,160.257,102.894,326,64,5.094,5.2344,10234,True,False,not_built
1882,1884,elf8710520b646,[Na+].[Br-],CC1CC(C)C(CCC(=O)N(C)C)C1,1.06,Na,Br,Sacaced582033,197.322,102.894,286,64,4.469,5.3629,10710,True,False,not_built
1883,1885,el164859982260,[Na+].[Br-],CCCC(C)C(C)CCC(=O)CC#N,0.34,Na,Br,S5abea7358f4a,195.306,102.894,944,64,14.75,7.8345,33168,True,False,not_built
1884,1886,elb325fb294a43,[Na+].[Br-],CCCC(=O)C(CC)CC(C)(C)F,1.37,Na,Br,Se54e5e1458a3,188.286,102.894,228,64,3.562,4.9234,7880,True,False,not_built
1885,1887,elf68f9de0d32e,[Na+].[Br-],CCCC(C#N)CCCC(C)(C)CC,1.46,Na,Br,Sb4f8232b0eff,195.35,102.894,205,64,3.203,4.8201,8123,True,False,not_built
1886,1888,el614a1632100c,[Na+].[Br-],CCC1C(C)CC12CCS2(=O)=O,1.5,Na,Br,S148aedf1b044,188.292,102.894,206,64,3.219,4.7768,5896,True,False,not_built
1887,1889,el9e488aa72d72,[Na+].[Br-],CCCC(F)C(=O)CC,1.5,Na,Br,Sb67b2c0ecdaf,132.178,102.894,293,64,4.578,4.7768,6574,True,False,not_built
1888,1890,eld6c737d0dbf2,[Na+].[Br-],CC1CC(C)(C)C2CCCC12,1.46,Na,Br,S5a85077a5e68,152.281,102.894,262,64,4.094,4.8201,8250,True,False,not_built
1889,1891,el3aacbbd8347f,[Na+].[Br-],CC1CCC(C)C12C(=O)CCCC2=O,1.19,Na,Br,S6d81f6960de1,194.274,102.894,257,64,4.016,5.1601,8352,True,False,not_built
1890,1892,el3d4f997aee44,[Na+].[Br-],COC(=O)CC1(CC(C)C)CCC1,0.34,Na,Br,S1dd77507259b,184.279,102.894,1000,64,15.625,7.8345,33128,True,False,not_built
1891,1893,el72cfd6911286,[Na+].[Br-],CCCC1(CC)C(COC)C1(C)C,0.88,Na,Br,S768fb88d8bed,184.323,102.894,374,64,5.844,5.7062,13966,True,False,not_built
1892,1894,el043de0cb1d2c,[Na+].[Br-],CC(=O)C(C)(C)C(C)C#N,0.57,Na,Br,S4e3c54e90875,139.198,102.894,779,64,12.172,6.595,18045,True,False,not_built
1893,1895,elfab79c60207f,[Na+].[Br-],CCC12CC(CN(C)CC1C)C1CC12,0.57,Na,Br,S07a15c2261fc,193.334,102.894,561,64,8.766,6.595,20885,True,False,not_built
1894,1896,ele840b9b68303,[Na+].[Br-],CC1CCCC2CC34CCC1C23C4,1.32,Na,Br,S47e18ae7e0a2,176.303,102.894,253,64,3.953,4.9848,8477,True,False,not_built
1895,1897,el3f88c8eab76b,[Na+].[Br-],CCCCC1CC(CCC(C)C)C1,1.28,Na,Br,S70767f10af14,182.351,102.894,253,64,3.953,5.0362,9995,True,False,not_built
1896,1898,el93415afda4a8,[Na+].[Br-],CCC1CC(C(C)C)C(C)(C)C1C,0.92,Na,Br,Sb4bbb829a6cc,182.351,102.894,360,64,5.625,5.6222,14168,True,False,not_built
1897,1899,eldc68e07d6bf1,[Na+].[Br-],CCC(C)CC(C)=O,1.19,Na,Br,Sdc50030926ce,114.188,102.894,437,64,6.828,5.1601,9742,True,False,not_built
1898,1900,ela93f0da3db99,[Na+].[Br-],CC1C2C(C)(C)C3CC3(C)C12C,0.43,Na,Br,Saa1a20217fa0,164.292,102.894,882,64,13.781,7.2446,28352,True,False,not_built
1899,1901,el65a2dead3a16,[Na+].[Br-],CC1C2CC(=O)C(C#N)C(C)(C)CC12,0.57,Na,Br,Sf8166c430727,191.274,102.894,567,64,8.859,6.595,17705,True,False,not_built
1900,1902,el3dc3510edb6b,[Na+].[Cl-],CCCC(=O)CCCCC(F)CC,0.48,Na,Cl,Sa6dd15fd0e20,188.286,58.443,696,64,10.875,6.9838,23792,True,False,not_built
1901,1903,elef657f0573e2,[Na+].[Cl-],CCCC(OC)C1OC(=O)OC1=O,0.52,Na,Cl,S89917b3a9009,188.179,58.443,642,64,10.031,6.7999,16178,True,False,not_built
1902,1904,ele0a4e3baea67,[Na+].[Cl-],CCCP(C)CCC,0.39,Na,Cl,S1cfa065beddf,132.187,58.443,1225,64,19.141,7.4843,30753,True,False,not_built
1903,1905,el851acbbb043a,[Na+].[Cl-],CCC1CC1C1CC(CC(C)C)C1,0.66,Na,Cl,S1ec7b77ec362,180.335,58.443,526,64,8.219,6.2804,19590,True,False,not_built
1904,1906,elf8b38b341c49,[Na+].[Cl-],CC(=O)C1CC2CCCC(C2)C1=O,0.97,Na,Cl,Sc945ef1d4e68,180.247,58.443,354,64,5.531,5.5239,10394,True,False,not_built
1905,1907,elcc3152d84576,[Na+].[Cl-],CCC(CC#N)CCF,0.66,Na,Cl,Sf2238c0afee3,129.178,58.443,734,64,11.469,6.2804,15542,True,False,not_built
1906,1908,ela224fb3575d0,[Na+].[Cl-],COC(=O)C(C)CS(C)(=O)=O,0.7,Na,Cl,S0daec2fd1c9a,180.225,58.443,495,64,7.734,6.1585,11513,True,False,not_built
1907,1909,elf90d03f36ce9,[Na+].[Cl-],CCC1CC(C(=O)OC)CC1=O,0.88,Na,Cl,S85cb0914f5eb,170.208,58.443,414,64,6.469,5.7062,10892,True,False,not_built
1908,1910,el49853f9c783e,[Na+].[Cl-],CCCCCC(F)C(=O)CN(C)C,0.97,Na,Cl,S215c3dee5440,189.274,58.443,337,64,5.266,5.5239,11249,True,False,not_built
1909,1911,elec34551e59b8,[Na+].[Cl-],CN(C)C(=O)CC1(C)CC2CC1C2,0.7,Na,Cl,Saaf6455ac71f,181.279,58.443,492,64,7.688,6.1585,15872,True,False,not_built
1910,1912,elaa4e60b872b1,[Na+].[Cl-],CCCC1CCC1CCl,0.57,Na,Cl,S8685bf8df3cd,146.661,58.443,751,64,11.734,6.595,18152,True,False,not_built
1911,1913,el81fcd701f9f0,[Na+].[Cl-],C1CC(C2CC3CC4(CCC24)C3)C1,0.79,Na,Cl,S4c1fa032d683,176.303,58.443,447,64,6.984,5.9151,14879,True,False,not_built
1912,1914,el6f8f1ad357a6,[Na+].[Cl-],CCCC12CC(C1CC)N(C)C2CC,0.3,Na,Cl,S4bba1360ab7c,195.35,58.443,1081,64,16.891,8.1683,42287,True,False,not_built
1913,1915,elc49020ada89e,[Na+].[Cl-],CCC1CCCC(=O)C1Cl,0.88,Na,Cl,S97aa1623b0ae,160.644,58.443,439,64,6.859,5.7062,10225,True,False,not_built
1914,1916,eldb54fa6fbc12,[Na+].[Cl-],CC(C)CC1(C)CCCC(C)C1C#N,1.46,Na,Cl,S019e3680544f,193.334,58.443,215,64,3.359,4.8201,8083,True,False,not_built
1915,1917,el7ec30d7dfa20,[Na+].[Cl-],CCCC1CC1(CCC)CC(C)C,0.79,Na,Cl,S873d9c1b3d16,182.351,58.443,432,64,6.75,5.9151,16976,True,False,not_built
1916,1918,el15b1260f7f7d,[Na+].[Cl-],CCC1CCC(C)(C)C(=O)C1,0.43,Na,Cl,S0debb2ea78ce,154.253,58.443,951,64,14.859,7.2446,27707,True,False,not_built
1917,1919,el4f062abf4146,[Na+].[Cl-],CC1CC12CCC1CCC3C(CC1)C32,1.14,Na,Cl,Sa3e12b06cfb4,190.33,58.443,283,64,4.422,5.2344,10316,True,False,not_built
1918,1920,el54206970fbc9,[Na+].[Cl-],CCCC(CC)C(C)(C)CSC,0.43,Na,Cl,Se2c915dfb207,188.38,58.443,778,64,12.156,7.2446,28136,True,False,not_built
1919,1921,el394635764bec,[Na+].[Cl-],CCCCC(C)CC(=O)CC,0.52,Na,Cl,S4c6e570a4396,156.269,58.443,774,64,12.094,6.7999,24122,True,False,not_built
1920,1922,ele62d538bcfb9,[Na+].[Cl-],CCOC(C)OC(=O)OC,0.48,Na,Cl,Sa65afd9a774c,148.158,58.443,885,64,13.828,6.9838,19598,True,False,not_built
1921,1923,el1787642c3135,[Na+].[Cl-],CCCCCS(=O)(=O)CC,1.37,Na,Cl,S6eabb7980054,164.27,58.443,271,64,4.234,4.9234,7174,True,False,not_built
1922,1924,elfa8b78caeccb,[Na+].[Cl-],CCCC1(CCC(C)C)CCCC1,1.5,Na,Cl,S0c1a921aa42c,182.351,58.443,222,64,3.469,4.7768,8786,True,False,not_built
1923,1925,el9a93f3412e45,[Na+].[Cl-],CCC(=O)CC1OC(=O)C1C1CC1,0.97,Na,Cl,Sb1b067069f60,182.219,58.443,350,64,5.469,5.5239,9578,True,False,not_built
1924,1926,elc31be1079033,[Na+].[Cl-],CCCC1C(CC)OCC1C1(C)CC1,1.06,Na,Cl,S51a7cc6e236d,196.334,58.443,296,64,4.625,5.3629,11376,True,False,not_built
1925,1927,eld3d8a6089451,[Na+].[Cl-],CC1C(=O)C2CCCC(C)(C2)C1(C)C,1.1,Na,Cl,Sa779ca5c4dc5,194.318,58.443,288,64,4.5,5.2971,10496,True,False,not_built
1926,1928,el4ff79628ea9e,[Na+].[Cl-],CCCC(CCCC#N)C(F)(F)F,1.06,Na,Cl,S1534358f24c5,193.212,58.443,301,64,4.703,5.3629,8255,True,False,not_built
1927,1929,el1d8cd4ed8264,[Na+].[Cl-],CCCC1(C)CCC(C)CC1(C)C,0.97,Na,Cl,Scd9bd4eae4e8,182.351,58.443,350,64,5.469,5.5239,13778,True,False,not_built
1928,1930,el6dc3b0e72db6,[Na+].[Cl-],CCCCC(C#N)C(F)(F)C(F)F,1.5,Na,Cl,S548447e54ea8,197.175,58.443,205,64,3.203,4.7768,5048,True,False,not_built
1929,1931,elc3aae329ba4c,[Na+].[Cl-],CC1CC2CCCC3(CCCC3=O)C12,1.19,Na,Cl,S8b1bf3f51566,192.302,58.443,268,64,4.188,5.1601,9240,True,False,not_built
1930,1932,elc32e13f3ac70,[Na+].[Cl-],CCC1CCCCC(CC)C(=O)O1,0.39,Na,Cl,S6b77d1171968,184.279,58.443,879,64,13.734,7.4843,29135,True,False,not_built
1931,1933,elc839a5371a33,[Na+].[Cl-],CC1CC1C(CC1CC1)C1CCC1,0.74,Na,Cl,S8ca2fdcb8762,178.319,58.443,473,64,7.391,6.0454,16683,True,False,not_built
1932,1934,eld5d672e87b50,[Na+].[Cl-],CC(=O)OC1(C)CCCC(C)(C)C1C,1.5,Na,Cl,S2dc26f76daea,198.306,58.443,204,64,3.188,4.7768,7472,True,False,not_built
1933,1935,elff969706c52d,[Na+].[Cl-],CCCC(=O)C(C#N)C(CC)CC,0.79,Na,Cl,S85bff4aaac3b,181.279,58.443,435,64,6.797,5.9151,14048,True,False,not_built
1934,1936,el3123644db504,[Na+].[Cl-],CCCCC1C(CC)C1(C)Cl,0.52,Na,Cl,S1757108f5ae5,174.715,58.443,692,64,10.812,6.7999,20888,True,False,not_built
1935,1937,el4821ecfc1ba4,[Na+].[Cl-],CC(=O)CCC1CC(=O)C1C(C)C,1.37,Na,Cl,S5d41d348fe74,182.263,58.443,244,64,3.812,4.9234,7692,True,False,not_built
1936,1938,el13cc9c3b1cd3,[Na+].[Cl-],CC(=O)C1(CC(C)C(C)C)CCCC1,1.06,Na,Cl,Se74c9a4aaac2,196.334,58.443,296,64,4.625,5.3629,11376,True,False,not_built
1937,1939,el9ecf904931a5,[Na+].[Cl-],CC1CC2CCCC3CCC1C32,0.97,Na,Cl,S9d9b7937f2bd,164.292,58.443,388,64,6.062,5.5239,12544,True,False,not_built
1938,1940,elffa1e8da05e8,[Na+].[Cl-],CCCCCC(CC1CCC1)C1CC1,0.79,Na,Cl,Sb92833eea87b,194.362,58.443,405,64,6.328,5.9151,16328,True,False,not_built
1939,1941,elbebefed52581,[Na+].[Cl-],CC1C2CC3C(C2)C3C1CC#N,0.43,Na,Cl,S2c58752f76d1,161.248,58.443,909,64,14.203,7.2446,24671,True,False,not_built
1940,1942,el7cdc5f0c3153,[Na+].[Cl-],CCCCCC(=O)OC(C)CCC,0.74,Na,Cl,S2d92c9c846f8,186.295,58.443,452,64,7.062,6.0454,15948,True,False,not_built
1941,1943,elb563208cccf3,[Na+].[Cl-],CC12CC3C4CCC35CC(C1CO5)C42,0.83,Na,Cl,S69efe6872bba,190.286,58.443,394,64,6.156,5.8185,12736,True,False,not_built
1942,1944,el725898a16b11,[Na+].[Cl-],CCCCC1CC(C2(C)CC2C)C1,1.46,Na,Cl,S99b4ebe19032,180.335,58.443,231,64,3.609,4.8201,8675,True,False,not_built
1943,1945,elf179d8d0f0f6,[Na+].[Cl-],CCCC(C(C)C)C1(C)CCCC1,0.66,Na,Cl,Sf6505944a542,182.351,58.443,520,64,8.125,6.2804,20408,True,False,not_built
1944,1946,el9beda69dd666,[Na+].[Cl-],CCCCC(C)C(=O)C1CO1,0.48,Na,Cl,Sfcbb517ad521,156.225,58.443,839,64,13.109,6.9838,22781,True,False,not_built
1945,1947,el5ad70a2ad3da,[Na+].[Cl-],CCCCCC(F)(F)C(C)C,0.79,Na,Cl,S6723b0684e6f,164.239,58.443,480,64,7.5,5.9151,14048,True,False,not_built
1946,1948,el904b05026080,[Na+].[Cl-],CC(=O)CCCC1CCC(=O)C1C,1.5,Na,Cl,Sd71247ea9c37,182.263,58.443,222,64,3.469,4.7768,7010,True,False,not_built
1947,1949,el63de541d8aa0,[Na+].[Cl-],CC1CCC2CC1(C1CC3CC1C3)C2,0.88,Na,Cl,S7bc5eff27508,190.33,58.443,371,64,5.797,5.7062,13484,True,False,not_built
1948,1950,el5ef06c7247e6,[Na+].[Cl-],CC(C)CSC(C)C(C)(C)C,0.74,Na,Cl,S5f4ac39e42a9,174.353,58.443,483,64,7.547,6.0454,16067,True,False,not_built
1949,1951,el81b970f4f5b6,[Na+].[Cl-],CCCC1CC2C3CCC3C3C1C23,1.1,Na,Cl,Sb5f8b2e0409a,176.303,58.443,318,64,4.969,5.2971,10622,True,False,not_built
1950,1952,eld40d36b84f03,[Na+].[O-]S(=O)(=O)c1ccc(C)cc1,CCCCCCCCC(C)CCF,0.52,Na,OTs,S86006ad61426,188.33,194.187,615,64,9.609,6.7999,24586,True,False,not_built
1951,1953,el72a5765d9d14,[Na+].[O-]S(=O)(=O)c1ccc(C)cc1,CC1CCCC2(C#N)CCC(C1)C2,0.7,Na,OTs,S74ba05e7be4c,177.291,194.187,474,64,7.406,6.1585,16384,True,False,not_built
1952,1954,el6c4e7ce63db5,[Na+].[O-]S(=O)(=O)c1ccc(C)cc1,CCC1C2CC3CC1(CC3C#N)C2=O,1.14,Na,OTs,S1001f6556102,189.258,194.187,258,64,4.031,5.2344,8698,True,False,not_built
1953,1955,eldef364c0a167,[Na+].[O-]S(=O)(=O)c1ccc(C)cc1,CCCC(C1CC1)C1CC1,0.48,Na,OTs,S2c62add78ea6,138.254,194.187,912,64,14.25,6.9838,26752,True,False,not_built
1954,1956,elece717415aba,[Na+].[O-]S(=O)(=O)c1ccc(C)cc1,CCP(C)CCCC(C)C,0.92,Na,OTs,S9131473a136e,160.241,194.187,389,64,6.078,5.6222,13275,True,False,not_built
1955,1957,el6836db7bfbfe,[Na+].[O-]S(=O)(=O)c1ccc(C)cc1,CCCC(C)CC1(C#N)CCC(C)C1,0.3,Na,OTs,S438872e204ff,193.334,194.187,1066,64,16.656,8.1683,40658,True,False,not_built
1956,1958,ele1f6ae063c56,[Na+].[O-]S(=O)(=O)c1ccc(C)cc1,COC(=O)C1CC(C)(F)CC1CF,0.7,Na,OTs,S0e2a3cf7f309,192.205,194.187,438,64,6.844,6.1585,13042,True,False,not_built
1957,1959,el8b7175897d2e,[Na+].[O-]S(=O)(=O)c1ccc(C)cc1,COCC1C2C(C)C2C(C)CC1(C)C,0.57,Na,OTs,S677f2e1835a5,196.334,194.187,535,64,8.359,6.595,21546,True,False,not_built
1958,1960,el37f8b59252ec,[Na+].[O-]S(=O)(=O)c1ccc(C)cc1,CC(C)(C)CC1CCCCC1C#N,1.14,Na,OTs,S3f5cb079c28a,179.307,194.187,272,64,4.25,5.2344,10464,True,False,not_built
1959,1961,el6036469c6bc1,[Na+].[O-]S(=O)(=O)c1ccc(C)cc1,CC1CCC(C)C12C(=O)CCCC2=O,1.41,Na,OTs,S6d81f6960de1,194.274,194.187,196,64,3.062,4.8764,7488,True,False,not_built
1960,1962,el776adce98728,[Na+].[O-]S(=O)(=O)c1ccc(C)cc1,CCC(CCC(C)C(C)C)OC,0.48,Na,OTs,S2d7695c3830d,172.312,194.187,731,64,11.422,6.9838,27532,True,False,not_built
1961,1963,elfd8cae11ce19,[Na+].[O-]S(=O)(=O)c1ccc(C)cc1,CCC1(F)C(C)CC(C)CC1F,1.28,Na,OTs,Sd415bea370cb,176.25,194.187,242,64,3.781,5.0362,8476,True,False,not_built
1962,1964,elf78196a74fdc,[Na+].[O-]S(=O)(=O)c1ccc(C)cc1,CC1CCC12CC2C(=O)OC1(C)CC1,1.1,Na,OTs,S1f168c1db747,194.274,194.187,262,64,4.094,5.2971,9600,True,False,not_built
1963,1965,el99e525ae591b,[Na+].[O-]S(=O)(=O)c1ccc(C)cc1,C#Cc1sccc1C(C)(C)C,1.5,Na,OTs,Sb8c4ec3d9f9d,164.273,194.187,215,64,3.359,4.7768,6161,True,False,not_built
1964,1966,el23501f3b61b9,[Na+].[O-]S(=O)(=O)c1ccc(C)cc1,CCC1CC(C)(CC)C(=O)CC1(C)C,1.41,Na,OTs,S3a7beacdebdd,196.334,194.187,194,64,3.031,4.8764,8588,True,False,not_built
1965,1967,elb43306908af1,[Na+].[O-]S(=O)(=O)c1ccc(C)cc1,CCCC(C)SCC(C)(C#N)CC,0.39,Na,OTs,S7f75c1115255,199.363,194.187,786,64,12.281,7.4843,27940,True,False,not_built
1966,1968,el0425b9fd17c1,[Na+].[O-]S(=O)(=O)c1ccc(C)cc1,CC12CCC3CCC(C1)C2COC3,1.19,Na,OTs,S8f5ff86e310c,180.291,194.187,258,64,4.031,5.1601,9730,True,False,not_built
1967,1969,el116c2c2fecc5,[Na+].[O-]S(=O)(=O)c1ccc(C)cc1,CC(C)C1C(C)CCCC1C#N,1.01,Na,OTs,S3440701362b9,165.28,194.187,339,64,5.297,5.45,11725,True,False,not_built
1968,1970,ela05a6bf7f830,[Na+].[O-]S(=O)(=O)c1ccc(C)cc1,CC(=O)C1C2CC3CC(C2)CC1C3,0.43,Na,OTs,S1714f3826520,178.275,194.187,794,64,12.406,7.2446,25830,True,False,not_built
1969,1971,ela9e5dd132843,[Na+].[O-]S(=O)(=O)c1ccc(C)cc1,CCCC(CCC)CCC(C)(C)C,0.61,Na,OTs,S79b623a4f639,184.367,194.187,529,64,8.266,6.4476,22905,True,False,not_built
1970,1972,elab4c765c43c7,[Na+].[O-]S(=O)(=O)c1ccc(C)cc1,CCCC(CC)C(C)C1CC1CC,1.41,Na,OTs,S474d894c63f0,182.351,194.187,209,64,3.266,4.8764,9367,True,False,not_built
1971,1973,el1a6951208ab9,[Na+].[O-]S(=O)(=O)c1ccc(C)cc1,CCCCOS(C)(C)C(C)(C)C,0.97,Na,OTs,S51cb37ed5e76,192.368,194.187,305,64,4.766,5.5239,12196,True,False,not_built
1972,1974,ele3b65dbef9f3,[Na+].[O-]S(=O)(=O)c1ccc(C)cc1,CCC1CCC(CCCCCl)C1,0.7,Na,OTs,Sf4dd3c19cd89,188.742,194.187,446,64,6.969,6.1585,15934,True,False,not_built
1973,1975,el5db70f58c9a4,[Na+].[O-]S(=O)(=O)c1ccc(C)cc1,CCCC1CC1CC(C)(C)CC,0.66,Na,OTs,S0729e0894394,168.324,194.187,533,64,8.328,6.2804,20404,True,False,not_built
1974,1976,el5727ed7972ff,[Na+].[O-]S(=O)(=O)c1ccc(C)cc1,CCCC12CC(C1CC)N(C)C2CC,1.32,Na,OTs,S4bba1360ab7c,195.35,194.187,211,64,3.297,4.9848,9445,True,False,not_built
1975,1977,el863932820427,[Na+].[O-]S(=O)(=O)c1ccc(C)cc1,CC1CC2CCC(C)C(C2)C1=O,0.61,Na,OTs,Sf4642924395b,166.264,194.187,587,64,9.172,6.4476,18826,True,False,not_built
1976,1978,elf0eecd3cf034,[Na+].[O-]S(=O)(=O)c1ccc(C)cc1,C1C2C1C1C2CC2CC21C1CC1,0.48,Na,OTs,Sdca819aa9a12,160.26,194.187,786,64,12.281,6.9838,23224,True,False,not_built
1977,1979,el60f9c0d0078a,[Na+].[O-]S(=O)(=O)c1ccc(C)cc1,CCCC1(CC)COC(=O)OC1,1.01,Na,OTs,Sda1cacdbc9c4,172.224,194.187,325,64,5.078,5.45,10316,True,False,not_built
1978,1980,el7ca833e8e6d7,[Na+].[O-]S(=O)(=O)c1ccc(C)cc1,CC(=O)CCCC(C)C(C)(C)C#N,1.5,Na,OTs,S854954286a9b,181.279,194.187,195,64,3.047,4.7768,7456,True,False,not_built
1979,1981,el7611867fc69d,[Na+].[O-]S(=O)(=O)c1ccc(C)cc1,CC1CC12CCC1CCC3C(CC1)C32,0.52,Na,OTs,Sa3e12b06cfb4,190.33,194.187,608,64,9.5,6.7999,23104,True,False,not_built
1980,1982,el302d10867059,[Na+].[O-]S(=O)(=O)c1ccc(C)cc1,CC(Cl)CCC(C)C(F)(F)F,0.61,Na,OTs,S9d4e73696978,188.62,194.187,517,64,8.078,6.4476,13107,True,False,not_built
1981,1983,el10c58b7529e1,[Na+].[O-]S(=O)(=O)c1ccc(C)cc1,CC1(C(F)F)CCCC1=O,0.88,Na,OTs,S51f19d4718d1,148.152,194.187,442,64,6.906,5.7062,10056,True,False,not_built
1982,1984,eld730b640813c,[Na+].[O-]S(=O)(=O)c1ccc(C)cc1,CCCC(C(C)C)C1(C)CCCC1,0.52,Na,OTs,Sf6505944a542,182.351,194.187,635,64,9.922,6.7999,25981,True,False,not_built
1983,1985,eld148b3975868,[Na+].[O-]S(=O)(=O)c1ccc(C)cc1,CC1CC2CC3CCC(C1)C3C2,1.1,Na,OTs,S3124c1c67d7b,164.292,194.187,310,64,4.844,5.2971,11136,True,False,not_built
1984,1986,el34c51e02f8c6,[Na+].[O-]S(=O)(=O)c1ccc(C)cc1,CCCC(CCC)CC(C)CC#N,0.61,Na,OTs,S0a00113883f1,181.323,194.187,538,64,8.406,6.4476,20584,True,False,not_built
1985,1987,el00b8de04f092,[Na+].[O-]S(=O)(=O)c1ccc(C)cc1,CCCCCCCC(C)(C)C(C)(C)C,0.43,Na,OTs,S961379ae9495,198.394,194.187,713,64,11.141,7.2446,32588,True,False,not_built
1986,1988,el8df900f7ffd8,[Na+].[O-]S(=O)(=O)c1ccc(C)cc1,COC1C(C(C)=O)C2CCC3CC31C2,0.61,Na,OTs,Sb4f22c20dd4f,194.274,194.187,502,64,7.844,6.4476,17280,True,False,not_built
1987,1989,el3761bdcbd68c,[Na+].[O-]S(=O)(=O)c1ccc(C)cc1,CCCCC(C)(CC)CCC(C)=O,1.46,Na,OTs,S7a6b389b9d55,184.323,194.187,198,64,3.094,4.8201,8542,True,False,not_built
1988,1990,el890fece6712f,[Na+].[O-]S(=O)(=O)c1ccc(C)cc1,CC(=O)OC1(C)CCCC(C)(C)C1C,1.46,Na,OTs,S2dc26f76daea,198.306,194.187,184,64,2.875,4.8201,7840,True,False,not_built
1989,1991,el8f3630bd39e8,[Na+].[O-]S(=O)(=O)c1ccc(C)cc1,CCCCC(SC)SSC,0.92,Na,OTs,S18e7dafbc7d1,196.406,194.187,317,64,4.953,5.6222,9458,True,False,not_built
1990,1992,el6d7524140362,[Na+].[O-]S(=O)(=O)c1ccc(C)cc1,CCS(=O)(=O)CC(C)CCCl,0.79,Na,OTs,S15e4a5daa0b8,198.715,194.187,371,64,5.797,5.9151,10862,True,False,not_built
1991,1993,elb60a77dbdc97,[Na+].[O-]S(=O)(=O)c1ccc(C)cc1,C#Cc1ccc(N(C)C)s1,1.28,Na,OTs,Sa2822d48f732,151.234,194.187,282,64,4.406,5.0362,6574,True,False,not_built
1992,1994,elcde4ac12c4ae,[Na+].[O-]S(=O)(=O)c1ccc(C)cc1,CC1C2C3CC4C5CCC1(C54)C32,0.52,Na,OTs,S8d4c296e01a7,160.26,194.187,722,64,11.281,6.7999,21432,True,False,not_built
1993,1995,el38ce273d6331,[Na+].[O-]S(=O)(=O)c1ccc(C)cc1,CSC1(C)CCC(=O)C(C)C1,1.1,Na,OTs,S44dfa170824f,172.293,194.187,295,64,4.609,5.2971,9181,True,False,not_built
1994,1996,el483aedd6630c,[Na+].[O-]S(=O)(=O)c1ccc(C)cc1,CCCC(C)(C1CCC1)C1CCC1C,1.14,Na,OTs,S4dd055d26b47,194.362,194.187,251,64,3.922,5.2344,11256,True,False,not_built
1995,1997,eld14c8d0b863d,[Na+].[O-]S(=O)(=O)c1ccc(C)cc1,CC(=O)CC(C(C)=O)C(=O)C(C)=O,1.14,Na,OTs,S4614047ca666,184.191,194.187,265,64,4.141,5.2344,7841,True,False,not_built
1996,1998,elf25fe100de68,[Na+].[O-]S(=O)(=O)c1ccc(C)cc1,CC(C#N)C1CCC(C)C1(C)C,0.57,Na,OTs,S148e2fa0c07c,165.28,194.187,635,64,9.922,6.595,20901,True,False,not_built
1997,1999,el9df8c2fd87fb,[Na+].[O-]S(=O)(=O)c1ccc(C)cc1,CCCC(CC#N)CCC(C)CC,1.19,Na,OTs,Sec2908caa354,181.323,194.187,256,64,4.0,5.1601,10432,True,False,not_built
1998,2000,elce24d4b96c08,[Na+].[O-]S(=O)(=O)c1ccc(C)cc1,CC1CC2CCSC3CC1C2C3,1.06,Na,OTs,S09f4af3f55c8,182.332,194.187,291,64,4.547,5.3629,9946,True,False,not_built
1999,2001,el80ddb437e8e2,[Na+].[O-]S(=O)(=O)c1ccc(C)cc1,CCCC1(C)CCC(C)CC1(C)C,1.37,Na,OTs,Scd9bd4eae4e8,182.351,194.187,216,64,3.375,4.9234,9640,True,False,not_built
